GO_ID	symbol
GO:0000278	A0A024R0C8
GO:0000278	RHOA
GO:0000278	MNAT1
GO:0000278	BABAM2
GO:0000278	TACC3
GO:0000278	CHMP2B
GO:0000278	CCNB2
GO:0000278	NBN
GO:0000278	CENPW
GO:0000278	SKP2
GO:0000278	CUL2
GO:0000278	MDM2
GO:0000278	MAP9
GO:0000278	TACC1
GO:0000278	FOXM1
GO:0000278	HSPA1B
GO:0000278	BRINP3
GO:0000278	BTC
GO:0000278	CLASP2
GO:0000278	TACC2
GO:0000278	RNF103-CHMP3
GO:0000278	BRSK2
GO:0000278	A0A140VKB1
GO:0000278	A0A140VKF1
GO:0000278	RRM2
GO:0000278	ZFYVE26
GO:0000278	CHAMP1
GO:0000278	A0A3B3IT44
GO:0000278	KIF18B
GO:0000278	TGFB1
GO:0000278	CUL1
GO:0000278	BUB1
GO:0000278	CEP126
GO:0000278	CUL7
GO:0000278	CHMP1A
GO:0000278	KIF2A
GO:0000278	A0A6Q8PFP0
GO:0000278	PAFAH1B1
GO:0000278	CCND2
GO:0000278	SNX9
GO:0000278	DYNC1H1
GO:0000278	DCDC1
GO:0000278	MTMR4
GO:0000278	CENPI
GO:0000278	NCAPD3
GO:0000278	CLASP1
GO:0000278	A0A994J514
GO:0000278	VPS4A
GO:0000278	CDK10
GO:0000278	MAD1L1
GO:0000278	NSFL1C
GO:0000278	SPICE1
GO:0000278	SNX18
GO:0000278	APPL1
GO:0000278	MIIP
GO:0000278	EML3
GO:0000278	APPL2
GO:0000278	EML4
GO:0000278	VPS4B
GO:0000278	TAOK1
GO:0000278	CCNB1
GO:0000278	PRKCB
GO:0000278	CIT
GO:0000278	KATNB1
GO:0000278	KIF4A
GO:0000278	PRKCA
GO:0000278	NCAPG
GO:0000278	XPC
GO:0000278	CUL9
GO:0000278	NUSAP1
GO:0000278	NSL1
GO:0000278	CHMP2A
GO:0000278	RRM2B
GO:0000278	PLK3
GO:0000278	CDC25A
GO:0000278	ZW10
GO:0000278	NCAPH
GO:0000278	ANAPC4
GO:0000278	TPX2
GO:0000278	CUL3
GO:0000278	CHMP5
GO:0000278	KIF2C
GO:0000278	MTMR3
GO:0000278	WAPL
GO:0000278	UBXN2B
GO:0000278	POLA1
GO:0000278	BUB1B
GO:0000278	CDC25C
GO:0000278	CCNA2
GO:0000278	CHMP7
GO:0000278	CHMP4B
GO:0000278	USP16
GO:0000278	AURKA
GO:0000278	BRINP2
GO:0000278	CHMP4A
GO:0000278	ZWILCH
GO:0000278	CEP55
GO:0000278	TAOK2
GO:0000278	RAD51
GO:0000278	LATS1
GO:0000278	UBE2S
GO:0000278	KIF15
GO:0000278	CDK4
GO:0000278	WEE1
GO:0000278	RHOC
GO:0000278	MAD2L1BP
GO:0000278	KIF18A
GO:0000278	SPDL1
GO:0000278	NCAPD2
GO:0000278	NDC80
GO:0000278	TICRR
GO:0000278	CDK6
GO:0000278	PLK2
GO:0000278	CENPE
GO:0000278	NABP2
GO:0000278	TTK
GO:0000278	BRINP1
GO:0000278	SMC4
GO:0000278	ANAPC15
GO:0000278	LATS2
GO:0000278	PIM1
GO:0000278	CDKN1A
GO:0000278	MAD2L1
GO:0000278	PPP2R5D
GO:0000278	CHMP3
GO:0000278	LZTS2
GO:0000278	ANKRD53
GO:0000278	NABP1
GO:0000278	E2F8
GO:0000278	CYP1A1
GO:0000278	GSG2
GO:0000278	Hin-3
GO:0000278	MEIOC
GO:0000278	CCDC66
GO:0000278	CDC14C
GO:0000278	MBLAC1
GO:0000278	EME2
GO:0000278	TMEM8B
GO:0000278	TUBAL3
GO:0000278	TUBB8B
GO:0000278	KNTC2
GO:0000278	A8K0J3
GO:0000278	A8K0L6
GO:0000278	A8K146
GO:0000278	A8K1D3
GO:0000278	A8K1M4
GO:0000278	A8K3D9
GO:0000278	A8K3E7
GO:0000278	A8K3S3
GO:0000278	A8K4B4
GO:0000278	A8K4G7
GO:0000278	A8K4T3
GO:0000278	A8K4T8
GO:0000278	A8K591
GO:0000278	A8K5A6
GO:0000278	A8K5D8
GO:0000278	HSPA1A
GO:0000278	A8K984
GO:0000278	A8K9K0
GO:0000278	A8K9U1
GO:0000278	B0AZS5
GO:0000278	RDX
GO:0000278	B2R6H3
GO:0000278	B2R6Z3
GO:0000278	B2R7C2
GO:0000278	B2R9C5
GO:0000278	B2RA72
GO:0000278	B2RAU5
GO:0000278	B2RB17
GO:0000278	WAPAL
GO:0000278	B3KM90
GO:0000278	B3KMB1
GO:0000278	B3KMB9
GO:0000278	B3KMN6
GO:0000278	B3KMS0
GO:0000278	B3KRZ9
GO:0000278	B3KS26
GO:0000278	B3KT58
GO:0000278	B3KU45
GO:0000278	B3KUH0
GO:0000278	B3KVJ5
GO:0000278	B3KVW6
GO:0000278	B3KX77
GO:0000278	B3KXH8
GO:0000278	B3KXX5
GO:0000278	B3KY03
GO:0000278	B3KYB1
GO:0000278	B4DE75
GO:0000278	B4DEJ0
GO:0000278	B4DFA1
GO:0000278	B4DH49
GO:0000278	B4DHF7
GO:0000278	B4DHK6
GO:0000278	B4DJN7
GO:0000278	B4DK21
GO:0000278	B4DKE3
GO:0000278	B4DL97
GO:0000278	B4DLA3
GO:0000278	B4DM73
GO:0000278	B4DM85
GO:0000278	B4DNT8
GO:0000278	B4DQP9
GO:0000278	B4DQX8
GO:0000278	B4DRG7
GO:0000278	B4DUQ3
GO:0000278	B4DVG9
GO:0000278	B4DX16
GO:0000278	B4DX61
GO:0000278	B4DXN3
GO:0000278	B4DYE2
GO:0000278	B4DYG2
GO:0000278	B4DYJ1
GO:0000278	B4DZL4
GO:0000278	B4DZU0
GO:0000278	B4E071
GO:0000278	B4E0B7
GO:0000278	B4E0Z9
GO:0000278	B4E355
GO:0000278	B4E3H6
GO:0000278	B4E3L7
GO:0000278	B6EXY3
GO:0000278	B7Z1Q8
GO:0000278	B7Z396
GO:0000278	B7Z3G3
GO:0000278	B7Z4E5
GO:0000278	B7Z537
GO:0000278	B7Z5R7
GO:0000278	B7Z6C9
GO:0000278	B7Z6Q6
GO:0000278	B7Z7M6
GO:0000278	B7Z7Q8
GO:0000278	SMC2
GO:0000278	EML4-ALK variant 7
GO:0000278	D2CPI8
GO:0000278	MCIDAS
GO:0000278	CCNJL
GO:0000278	CDKN1B
GO:0000278	E9PSI1
GO:0000278	TAOK3
GO:0000278	NEK2
GO:0000278	PPP2R5C
GO:0000278	CCNB1V
GO:0000278	CCNB2V
GO:0000278	SNX33
GO:0000278	CHMP6
GO:0000278	I3L4J1
GO:0000278	MIS12
GO:0000278	TEX14
GO:0000278	CDKN2A
GO:0000278	EML4-ALK
GO:0000278	K7N7S0
GO:0000278	CDKN2B
GO:0000278	CACNB4
GO:0000278	CDC7
GO:0000278	DCTN6
GO:0000278	FOXN3
GO:0000278	EML1
GO:0000278	EXOC5
GO:0000278	SDCBP
GO:0000278	DDX3X
GO:0000278	E2F3
GO:0000278	PPP6C
GO:0000278	UBE2C
GO:0000278	ARID1A
GO:0000278	DYNC1I1
GO:0000278	PRMT5
GO:0000278	NHERF1
GO:0000278	TERT
GO:0000278	CHEK1
GO:0000278	MEIS2
GO:0000278	PSMA7
GO:0000278	TM4SF5
GO:0000278	KLF11
GO:0000278	EREG
GO:0000278	PPP1R12A
GO:0000278	ARHGEF10
GO:0000278	KIF3B
GO:0000278	UBD
GO:0000278	RAD51B
GO:0000278	TP73
GO:0000278	INPPL1
GO:0000278	HDAC3
GO:0000278	BIRC5
GO:0000278	FGF10
GO:0000278	DAPK3
GO:0000278	WDR62
GO:0000278	KLF4
GO:0000278	RAD51C
GO:0000278	XRCC3
GO:0000278	XRCC2
GO:0000278	PRC1
GO:0000278	ZNF207
GO:0000278	BUB3
GO:0000278	TRIAP1
GO:0000278	ENSA
GO:0000278	p27 kip1
GO:0000278	AKAP8
GO:0000278	O43832
GO:0000278	RAD21
GO:0000278	SMARCA5
GO:0000278	EXOC3
GO:0000278	CDC14B
GO:0000278	BRD4
GO:0000278	HUS1
GO:0000278	ROCK2
GO:0000278	OBSL1
GO:0000278	RNF40
GO:0000278	RAB11FIP3
GO:0000278	ANKRD17
GO:0000278	LRP5
GO:0000278	NME6
GO:0000278	CDC45
GO:0000278	ZNF324
GO:0000278	GMNN
GO:0000278	BANF1
GO:0000278	USP2
GO:0000278	OFD1
GO:0000278	TOM1L1
GO:0000278	RFPL1
GO:0000278	WDHD1
GO:0000278	PIAS1
GO:0000278	DCTN3
GO:0000278	RAD17
GO:0000278	CDK2AP2
GO:0000278	CDKL5
GO:0000278	JTB
GO:0000278	RECQL5
GO:0000278	ACTL6B
GO:0000278	KLHL18
GO:0000278	CDK14
GO:0000278	ZWINT
GO:0000278	KIF20A
GO:0000278	TNKS
GO:0000278	CTDNEP1
GO:0000278	PCNT
GO:0000278	YEATS4
GO:0000278	STAMBP
GO:0000278	FAM107A
GO:0000278	CHEK2
GO:0000278	ACTL6A
GO:0000278	CCNE2
GO:0000278	ABL1
GO:0000278	EGFR
GO:0000278	MYC
GO:0000278	PDGFB
GO:0000278	EGF
GO:0000278	TGFA
GO:0000278	INS
GO:0000278	IGF2
GO:0000278	TNF
GO:0000278	IL1A
GO:0000278	IL1B
GO:0000278	TK1
GO:0000278	TUBB4A
GO:0000278	TP53
GO:0000278	IGF1
GO:0000278	APP
GO:0000278	EDN1
GO:0000278	ITGB1
GO:0000278	INSR
GO:0000278	RB1
GO:0000278	CDK1
GO:0000278	EIF4E
GO:0000278	TUBB
GO:0000278	ABCB1
GO:0000278	ASNS
GO:0000278	INHBA
GO:0000278	PKHD1
GO:0000278	CLTA
GO:0000278	CLTB
GO:0000278	PDGFRB
GO:0000278	WEE2
GO:0000278	TUBA3C
GO:0000278	TUBA3D
GO:0000278	H3Y1
GO:0000278	H3Y2
GO:0000278	MYB
GO:0000278	MYBL1
GO:0000278	MYBL2
GO:0000278	CD28
GO:0000278	PCNA
GO:0000278	TPR
GO:0000278	BMP4
GO:0000278	CCL2
GO:0000278	EDN3
GO:0000278	HGF
GO:0000278	GSPT1
GO:0000278	ATF2
GO:0000278	RPA2
GO:0000278	MUC1
GO:0000278	STMN1
GO:0000278	GJA1
GO:0000278	TAL1
GO:0000278	ERCC2
GO:0000278	BMP7
GO:0000278	SON
GO:0000278	RCC1
GO:0000278	LIG1
GO:0000278	ERCC3
GO:0000278	PSMB1
GO:0000278	RASA1
GO:0000278	CDK11B
GO:0000278	FLNA
GO:0000278	IL10
GO:0000278	KCNA5
GO:0000278	CCNO
GO:0000278	TUBG1
GO:0000278	RPS6KB1
GO:0000278	CFL1
GO:0000278	RRM1
GO:0000278	CCND1
GO:0000278	CCNE1
GO:0000278	CDK2
GO:0000278	APC
GO:0000278	EDNRA
GO:0000278	MCM3
GO:0000278	PSMA1
GO:0000278	PSMA2
GO:0000278	PSMA3
GO:0000278	PSMA4
GO:0000278	PTPN3
GO:0000278	MARK3
GO:0000278	MAP4
GO:0000278	PSMA5
GO:0000278	PSMB4
GO:0000278	PSMB6
GO:0000278	PSMB5
GO:0000278	DUSP1
GO:0000278	RBL1
GO:0000278	PTPN6
GO:0000278	CDC27
GO:0000278	CCND3
GO:0000278	CDC25B
GO:0000278	CLIP1
GO:0000278	AKT1
GO:0000278	CKS2
GO:0000278	MCM4
GO:0000278	CTNNB1
GO:0000278	DRD3
GO:0000278	MYH10
GO:0000278	ARL3
GO:0000278	PPP1CC
GO:0000278	ACVR1B
GO:0000278	NUP62
GO:0000278	BRCA1
GO:0000278	USP8
GO:0000278	CCNF
GO:0000278	BCL6
GO:0000278	CETN2
GO:0000278	CDKN2C
GO:0000278	HTT
GO:0000278	MKI67
GO:0000278	IER3
GO:0000278	BRCC3
GO:0000278	IQGAP1
GO:0000278	ZFP36L2
GO:0000278	NES
GO:0000278	CDC34
GO:0000278	CENPA
GO:0000278	CENPF
GO:0000278	UBE2A
GO:0000278	PSMB3
GO:0000278	PSMB2
GO:0000278	MCM2
GO:0000278	CDKN1C
GO:0000278	MRE11
GO:0000278	DNM2
GO:0000278	CDK7
GO:0000278	KNTC1
GO:0000278	CDK9
GO:0000278	DUSP3
GO:0000278	DNA2
GO:0000278	SMARCA2
GO:0000278	SMARCA4
GO:0000278	BRCA2
GO:0000278	CAV2
GO:0000278	DYNLT3
GO:0000278	CCNH
GO:0000278	NEK3
GO:0000278	NEK4
GO:0000278	CCNG1
GO:0000278	KIF11
GO:0000278	PPP5C
GO:0000278	PLK1
GO:0000278	CLTCL1
GO:0000278	IST1
GO:0000278	BLM
GO:0000278	BCAT1
GO:0000278	GAS1
GO:0000278	AIF1
GO:0000278	GEM
GO:0000278	VCP
GO:0000278	CDKN2D
GO:0000278	FOXA1
GO:0000278	PRMT2
GO:0000278	ARPP19
GO:0000278	SIK1
GO:0000278	CHMP4BP1
GO:0000278	PTEN
GO:0000278	ACTB
GO:0000278	PSMA6
GO:0000278	CKS1B
GO:0000278	PSME3
GO:0000278	YWHAE
GO:0000278	ARF6
GO:0000278	RAB11A
GO:0000278	PPP2CB
GO:0000278	RHOB
GO:0000278	RAN
GO:0000278	RBX1
GO:0000278	GNAI1
GO:0000278	DYNLL1
GO:0000278	DYNLT1
GO:0000278	SKP1
GO:0000278	UBE2I
GO:0000278	PPP2CA
GO:0000278	TUBA1B
GO:0000278	TUBA4A
GO:0000278	TUBB4B
GO:0000278	CCNA1
GO:0000278	RAE1
GO:0000278	PRKDC
GO:0000278	ADAM17
GO:0000278	GPSM2
GO:0000278	LSM11
GO:0000278	ARF1
GO:0000278	H3-3A
GO:0000278	PKD1
GO:0000278	CDK3
GO:0000278	CLTC
GO:0000278	HSF1
GO:0000278	HNRNPU
GO:0000278	SPTBN1
GO:0000278	E2F1
GO:0000278	TFAP4
GO:0000278	KIF23
GO:0000278	ID2
GO:0000278	CENPC
GO:0000278	EIF4G1
GO:0000278	ACVR1
GO:0000278	PSME1
GO:0000278	ZFP36L1
GO:0000278	KHDRBS1
GO:0000278	POLE
GO:0000278	GOLGA2
GO:0000278	RBL2
GO:0000278	MZT1
GO:0000278	SMARCB1
GO:0000278	CDC20
GO:0000278	EPS8
GO:0000278	FOXC1
GO:0000278	ANK3
GO:0000278	DLG1
GO:0000278	CDC16
GO:0000278	IK
GO:0000278	ATM
GO:0000278	DYNC1I2
GO:0000278	ILK
GO:0000278	UNC119
GO:0000278	ROCK1
GO:0000278	TUBB3
GO:0000278	PRP4K
GO:0000278	PIN1
GO:0000278	ATR
GO:0000278	EIF4EBP1
GO:0000278	DCTN2
GO:0000278	PKD2
GO:0000278	NAE1
GO:0000278	IQGAP2
GO:0000278	CUL4A
GO:0000278	CUL4B
GO:0000278	FHL1
GO:0000278	TUBB2A
GO:0000278	CKAP5
GO:0000278	CCNI
GO:0000278	SEPTIN6
GO:0000278	SCRIB
GO:0000278	TTLL12
GO:0000278	TFDP1
GO:0000278	BTG3
GO:0000278	DCTN1
GO:0000278	BECN1
GO:0000278	HES1
GO:0000278	MCM6
GO:0000278	Q14569
GO:0000278	ZNF268
GO:0000278	ESPL1
GO:0000278	MDC1
GO:0000278	MELK
GO:0000278	SMC1A
GO:0000278	GINS1
GO:0000278	LPIN1
GO:0000278	MBTPS1
GO:0000278	KIF22
GO:0000278	GPNMB
GO:0000278	KPNB1
GO:0000278	NOLC1
GO:0000278	NUMA1
GO:0000278	ABRAXAS2
GO:0000278	RRS1
GO:0000278	KIF14
GO:0000278	PTPA
GO:0000278	RAB35
GO:0000278	DLGAP5
GO:0000278	STIL
GO:0000278	TRIP13
GO:0000278	MAPRE1
GO:0000278	TBCE
GO:0000278	PKN2
GO:0000278	DDB1
GO:0000278	CCNG2
GO:0000278	CDKN3
GO:0000278	DDR2
GO:0000278	TPD52L1
GO:0000278	GEN1
GO:0000278	INSC
GO:0000278	TRIM71
GO:0000278	Q2QD04
GO:0000278	CCDC57
GO:0000278	Q2TSD3
GO:0000278	KIF4B
GO:0000278	TUBB8
GO:0000278	CFAP100
GO:0000278	PLK5
GO:0000278	FBXO43
GO:0000278	BCL7A
GO:0000278	Q53ER2
GO:0000278	Q53FE8
GO:0000278	Q53FF5
GO:0000278	C1orf48
GO:0000278	KLHL22
GO:0000278	SETMAR
GO:0000278	Q53HG9
GO:0000278	CDCA8
GO:0000278	Q59ED0
GO:0000278	Q59ED6
GO:0000278	Q59EJ3
GO:0000278	Q59ES5
GO:0000278	Q59HG1
GO:0000278	TFDP3
GO:0000278	DKFZp686K18126
GO:0000278	EFHC1
GO:0000278	SPDYA
GO:0000278	CCNJ
GO:0000278	H3-7
GO:0000278	Q5U0A5
GO:0000278	Q5U0M0
GO:0000278	GFI1B
GO:0000278	ANGEL2
GO:0000278	RNF20
GO:0000278	BROX
GO:0000278	TENT4A
GO:0000278	FBXO31
GO:0000278	KANK2
GO:0000278	HCTP4
GO:0000278	MAP1S
GO:0000278	PPP2R2D
GO:0000278	ARID2
GO:0000278	INTS3
GO:0000278	CDCA2
GO:0000278	DKFZp686M05248
GO:0000278	TTC19
GO:0000278	NCAPH2
GO:0000278	JADE1
GO:0000278	CCSAP
GO:0000278	SDE2
GO:0000278	NIPBL
GO:0000278	MRNIP
GO:0000278	REEP3
GO:0000278	RINT1
GO:0000278	H3-5
GO:0000278	CDC73
GO:0000278	TAF2
GO:0000278	CEP85
GO:0000278	RFWD3
GO:0000278	TUBA3E
GO:0000278	PSRC1
GO:0000278	BORA
GO:0000278	SMARCD3
GO:0000278	SASS6
GO:0000278	EPGN
GO:0000278	ABRAXAS1
GO:0000278	RAD9B
GO:0000278	CCNI2
GO:0000278	Q6ZV00
GO:0000278	STOX1
GO:0000278	TOM1L2
GO:0000278	Q6ZWH1
GO:0000278	ZNF365
GO:0000278	TUBA1A
GO:0000278	RPS27L
GO:0000278	MAEA
GO:0000278	CHMP1B
GO:0000278	H2BW1
GO:0000278	KANSL1
GO:0000278	MYH14
GO:0000278	Q7Z4Z4
GO:0000278	SLFN11
GO:0000278	NPM2
GO:0000278	USP37
GO:0000278	PBRM1
GO:0000278	SAPCD2
GO:0000278	PIM3
GO:0000278	IQGAP3
GO:0000278	NCAPG2
GO:0000278	ANKLE2
GO:0000278	CEP57
GO:0000278	CACUL1
GO:0000278	PHF13
GO:0000278	GPSM1
GO:0000278	CRLF3
GO:0000278	MISP
GO:0000278	CEP97
GO:0000278	DCUN1D3
GO:0000278	ERIC-1s
GO:0000278	SKA3
GO:0000278	SIRT2
GO:0000278	KLHDC8B
GO:0000278	DIS3L2
GO:0000278	EXOC8
GO:0000278	CEP57L1
GO:0000278	KMT2E
GO:0000278	SPART
GO:0000278	RPTOR
GO:0000278	CNTROB
GO:0000278	PDIK1L
GO:0000278	KDM8
GO:0000278	STAG2
GO:0000278	AFAP1L2
GO:0000278	ZNF655
GO:0000278	ANKFN1
GO:0000278	SPC24
GO:0000278	KCNH5
GO:0000278	LSM14A
GO:0000278	CCNY
GO:0000278	MCPH1
GO:0000278	ARID1B
GO:0000278	DBF4B
GO:0000278	KNL1
GO:0000278	NEK11
GO:0000278	TTL
GO:0000278	NEDD1
GO:0000278	HUS1B
GO:0000278	CDC26
GO:0000278	EXOC6
GO:0000278	SMARCC2
GO:0000278	RBM46
GO:0000278	NEK9
GO:0000278	BRSK1
GO:0000278	STK35
GO:0000278	NEK7
GO:0000278	DCAF11
GO:0000278	CEP192
GO:0000278	DYNLRB2
GO:0000278	HASPIN
GO:0000278	PHF10
GO:0000278	PDCD6IP
GO:0000278	BCL7C
GO:0000278	MITD1
GO:0000278	SKA2
GO:0000278	STAG1
GO:0000278	CKAP2
GO:0000278	CCNB3
GO:0000278	PHIP
GO:0000278	PIBF1
GO:0000278	TTN
GO:0000278	TOPBP1
GO:0000278	BAP1
GO:0000278	DPF1
GO:0000278	DPF3
GO:0000278	DPF2
GO:0000278	KAT2B
GO:0000278	RAD50
GO:0000278	SMARCC1
GO:0000278	SMARCD2
GO:0000278	ARHGEF2
GO:0000278	KAT5
GO:0000278	CUL5
GO:0000278	SMARCE1
GO:0000278	FBXW7
GO:0000278	LSM10
GO:0000278	FBXW5
GO:0000278	EXOC4
GO:0000278	E2F7
GO:0000278	EME1
GO:0000278	TTC28
GO:0000278	SKA1
GO:0000278	PINX1
GO:0000278	CENPT
GO:0000278	CHMP4C
GO:0000278	TUBGCP3
GO:0000278	RMDN1
GO:0000278	ANAPC16
GO:0000278	MTBP
GO:0000278	PABIR1
GO:0000278	SIRT1
GO:0000278	SEH1L
GO:0000278	CHFR
GO:0000278	DYNLL2
GO:0000278	PDXP
GO:0000278	AURKB
GO:0000278	SMARCD1
GO:0000278	MASTL
GO:0000278	Q96GZ3
GO:0000278	BOD1
GO:0000278	CDK5RAP3
GO:0000278	ZFYVE19
GO:0000278	PBK
GO:0000278	EXOC2
GO:0000278	Q96LE1
GO:0000278	UBE2E2
GO:0000278	NSMCE2
GO:0000278	HEXIM2
GO:0000278	PRICKLE1
GO:0000278	ZNF830
GO:0000278	MUS81
GO:0000278	PRAP1
GO:0000278	KIF20B
GO:0000278	PPP1R10
GO:0000278	SPAG5
GO:0000278	BBS4
GO:0000278	UIMC1
GO:0000278	TUBGCP6
GO:0000278	TUBGCP5
GO:0000278	PPP1R9B
GO:0000278	CDK5RAP2
GO:0000278	SETDB2
GO:0000278	UHRF1
GO:0000278	Q96TE0
GO:0000278	PSMB7
GO:0000278	PHOX2B
GO:0000278	LGMN
GO:0000278	TSNAX
GO:0000278	RAD9A
GO:0000278	PKMYT1
GO:0000278	RBBP8
GO:0000278	BARD1
GO:0000278	CDC6
GO:0000278	NKX3-1
GO:0000278	CIB1
GO:0000278	VRK1
GO:0000278	FAM110A
GO:0000278	HINFP
GO:0000278	TUBA1C
GO:0000278	BCL7B
GO:0000278	ANAPC13
GO:0000278	TUBGCP2
GO:0000278	RTKN
GO:0000278	WAC
GO:0000278	NAT9
GO:0000278	FSD1
GO:0000278	TBCD
GO:0000278	TUBB6
GO:0000278	CEP250
GO:0000278	TUBB2B
GO:0000278	AFG2B
GO:0000278	RIOK2
GO:0000278	TIPIN
GO:0000278	KIFC1
GO:0000278	USP26
GO:0000278	FANCD2
GO:0000278	SETD2
GO:0000278	NUF2
GO:0000278	GTPBP4
GO:0000278	AMBRA1
GO:0000278	NDEL1
GO:0000278	NAA50
GO:0000278	USP44
GO:0000278	RACGAP1
GO:0000278	ENKD1
GO:0000278	RAB6C
GO:0000278	CCDC8
GO:0000278	ANAPC1
GO:0000278	CDT1
GO:0000278	CENPH
GO:0000278	SMOC2
GO:0000278	FBXL15
GO:0000278	WNK1
GO:0000278	TUBB1
GO:0000278	RGCC
GO:0000278	CCDC86
GO:0000278	REEP4
GO:0000278	YTHDC2
GO:0000278	NRDE2
GO:0000278	CCNP
GO:0000278	ECT2
GO:0000278	CLSPN
GO:0000278	USP29
GO:0000278	SPC25
GO:0000278	CPAP
GO:0000278	NEK6
GO:0000278	TRIM39
GO:0000278	RANGRF
GO:0000278	DYNLRB1
GO:0000278	FZD3
GO:0000278	BRD7
GO:0000278	PLCB1
GO:0000278	TRIM36
GO:0000278	CYLD
GO:0000278	KMT5A
GO:0000278	AVEN
GO:0000278	INCENP
GO:0000278	ANLN
GO:0000278	PRDM5
GO:0000278	ASAH2
GO:0000278	AAAS
GO:0000278	TUBG2
GO:0000278	INIP
GO:0000278	RPRM
GO:0000278	FIRRM
GO:0000278	TMEM14B
GO:0000278	NUDT15
GO:0000278	EXOC1
GO:0000278	INTS13
GO:0000278	THAP1
GO:0000278	BABAM1
GO:0000278	NDE1
GO:0000278	TUBA8
GO:0000278	ETAA1
GO:0000278	SPHK1
GO:0000278	DACT1
GO:0000278	ANAPC11
GO:0000278	Q9NYG6
GO:0000278	MAP3K20
GO:0000278	DONSON
GO:0000278	RTEL1
GO:0000278	DTL
GO:0000278	NOP53
GO:0000278	PIM2
GO:0000278	KIAA1493
GO:0000278	RCC2
GO:0000278	BCCIP
GO:0000278	MAP10
GO:0000278	KANSL3
GO:0000278	HECW2
GO:0000278	WRAP73
GO:0000278	HECA
GO:0000278	SPAST
GO:0000278	DBF4
GO:0000278	TUBGCP4
GO:0000278	SUN2
GO:0000278	ADAMTS1
GO:0000278	MAD2L2
GO:0000278	LCMT1
GO:0000278	BAZ1B
GO:0000278	KIF25
GO:0000278	TUBE1
GO:0000278	TUBD1
GO:0000278	FBXL7
GO:0000278	CDC23
GO:0000278	ANAPC7
GO:0000278	ANAPC5
GO:0000278	ANAPC2
GO:0000278	CPSF3
GO:0000278	FBXO5
GO:0000278	PSME2
GO:0000278	INO80
GO:0000278	AKAP8L
GO:0000278	FZR1
GO:0000278	ANAPC10
GO:0000278	CDC14A
GO:0000278	TIMELESS
GO:0000278	GPR132
GO:0000278	PHF8
GO:0000278	TRIM35
GO:0000278	EXOC7
GO:0000278	USP22
GO:0000278	CDK11A
GO:0000278	AURKC
GO:0000278	SMC3
GO:0000278	CAMK2A
GO:0000278	NUDC
GO:0000278	DRG1
GO:0000278	EXOC6B
GO:0000278	SBDS
GO:0000278	KNSTRN
GO:0000278	L3MBTL1
GO:0000278	PPME1
GO:0000278	CTDP1
GO:0000278	DMRT1
GO:0000278	IER3IP1
GO:0000278	PARP3
GO:0000278	DYNC1LI1
GO:0000278	USH1C
GO:0000278	CCDC61
GO:0000278	MYO16
GO:0000278	NBS1
GO:0001525	A0A024R6G3
GO:0001525	FGF2
GO:0001525	VEGFA
GO:0001525	RNF213
GO:0001525	CYBB
GO:0001525	JUP
GO:0001525	ROCK1
GO:0001525	A0A0Y0IMM4
GO:0001525	ACKR3
GO:0001525	A0A140VJU3
GO:0001525	FLJ12505
GO:0001525	A0A140VKF3
GO:0001525	ROCK2
GO:0001525	CTNNB1
GO:0001525	ADGRB1
GO:0001525	A0A384NPR0
GO:0001525	A0A384P5C6
GO:0001525	THBS2
GO:0001525	ITGB2
GO:0001525	ITGB1
GO:0001525	ADGRB3
GO:0001525	ITGA5
GO:0001525	TEK
GO:0001525	EPHB4
GO:0001525	FGF1
GO:0001525	PML
GO:0001525	SERPINF1
GO:0001525	CNMD
GO:0001525	MTDH
GO:0001525	HRG
GO:0001525	THBS1
GO:0001525	MMRN2
GO:0001525	NRP1
GO:0001525	KRIT1
GO:0001525	VASH2
GO:0001525	E2F7
GO:0001525	SRF
GO:0001525	KDR
GO:0001525	E2F8
GO:0001525	PRKD2
GO:0001525	PTPRB
GO:0001525	ADGRB2
GO:0001525	CD36
GO:0001525	MEIS3P1
GO:0001525	GREM1
GO:0001525	YJEFN3
GO:0001525	MEIS3P2
GO:0001525	A8K0Y1
GO:0001525	A8K147
GO:0001525	C3AR1
GO:0001525	A8K4K8
GO:0001525	A8K5R2
GO:0001525	A8K6A5
GO:0001525	A8K9V7
GO:0001525	THY1
GO:0001525	ISM1
GO:0001525	B2R627
GO:0001525	DDAH1
GO:0001525	B2R8I2
GO:0001525	B2RAG9
GO:0001525	B2RC63
GO:0001525	B4DEW5
GO:0001525	B4DG14
GO:0001525	B4DGU4
GO:0001525	B4DKC3
GO:0001525	B4DL06
GO:0001525	B4DSW9
GO:0001525	B4DV67
GO:0001525	B4E125
GO:0001525	B4E3H8
GO:0001525	B7Z356
GO:0001525	B7ZA59
GO:0001525	NRP2
GO:0001525	HEL-S-93
GO:0001525	PRKD1
GO:0001525	NODAL
GO:0001525	ITGB3
GO:0001525	CCL24
GO:0001525	PIK3CD
GO:0001525	PIK3C2A
GO:0001525	MEIS1
GO:0001525	CLDN5
GO:0001525	DLL1
GO:0001525	HSPB6
GO:0001525	ITGB1BP1
GO:0001525	TERT
GO:0001525	HGS
GO:0001525	SEMA3E
GO:0001525	ANGPT2
GO:0001525	SLC31A1
GO:0001525	TLR3
GO:0001525	FGF10
GO:0001525	PDPK1
GO:0001525	ADAM12
GO:0001525	FGF16
GO:0001525	HOXA3
GO:0001525	TBX1
GO:0001525	KLF4
GO:0001525	TNFSF12
GO:0001525	SPRY2
GO:0001525	TCF21
GO:0001525	VEGFD
GO:0001525	CXCL13
GO:0001525	SRPX2
GO:0001525	CTNND1
GO:0001525	RAMP1
GO:0001525	RAMP2
GO:0001525	PDCD6
GO:0001525	FGF18
GO:0001525	SLIT2
GO:0001525	SASH1
GO:0001525	EPN2
GO:0001525	CCN6
GO:0001525	RAPGEF3
GO:0001525	CLIC3
GO:0001525	TSPAN12
GO:0001525	CD160
GO:0001525	RECK
GO:0001525	HAND1
GO:0001525	PAK4
GO:0001525	ABL1
GO:0001525	PGK1
GO:0001525	C3
GO:0001525	C5
GO:0001525	EGF
GO:0001525	TGFB1
GO:0001525	PRL
GO:0001525	TNF
GO:0001525	IL1A
GO:0001525	IL1B
GO:0001525	COL4A1
GO:0001525	APOH
GO:0001525	LRG1
GO:0001525	PF4
GO:0001525	CXCL10
GO:0001525	ANG
GO:0001525	ANXA1
GO:0001525	PDGFA
GO:0001525	RLN2
GO:0001525	KRT1
GO:0001525	ERBB2
GO:0001525	HSPB1
GO:0001525	GNAI2
GO:0001525	APOD
GO:0001525	SERPINE1
GO:0001525	IL6
GO:0001525	PRKCB
GO:0001525	FYN
GO:0001525	ATP5F1B
GO:0001525	ITGAV
GO:0001525	KLK3
GO:0001525	ANXA2
GO:0001525	DCN
GO:0001525	SP1
GO:0001525	NGFR
GO:0001525	MMP2
GO:0001525	ITGA2B
GO:0001525	COL4A2
GO:0001525	HMGB1
GO:0001525	SPARC
GO:0001525	HMOX1
GO:0001525	PDGFRB
GO:0001525	ALOX5
GO:0001525	APELA
GO:0001525	CXCL8
GO:0001525	RRAS
GO:0001525	ANXA3
GO:0001525	BMP4
GO:0001525	CRIPTO
GO:0001525	RNH1
GO:0001525	CCL2
GO:0001525	SCG2
GO:0001525	CEACAM1
GO:0001525	F3
GO:0001525	PKM
GO:0001525	HOXB3
GO:0001525	ETS1
GO:0001525	GLUL
GO:0001525	ATF2
GO:0001525	HTN1
GO:0001525	NPR1
GO:0001525	PDGFRA
GO:0001525	NPPB
GO:0001525	PRKCA
GO:0001525	HLA-G
GO:0001525	ENG
GO:0001525	XBP1
GO:0001525	FLT1
GO:0001525	PLCG1
GO:0001525	NCL
GO:0001525	FUT1
GO:0001525	NPR2
GO:0001525	ITGAX
GO:0001525	HOXA5
GO:0001525	EDN2
GO:0001525	EFNA1
GO:0001525	RASA1
GO:0001525	NF1
GO:0001525	S1PR1
GO:0001525	TNFAIP3
GO:0001525	SAT1
GO:0001525	EPHA1
GO:0001525	C5AR1
GO:0001525	TBXA2R
GO:0001525	MDK
GO:0001525	FGFR2
GO:0001525	TGM2
GO:0001525	IL10
GO:0001525	NR4A1
GO:0001525	S100A1
GO:0001525	WARS1
GO:0001525	JAK1
GO:0001525	SP100
GO:0001525	NPPC
GO:0001525	ATP2B4
GO:0001525	GATA2
GO:0001525	CMA1
GO:0001525	GADD45A
GO:0001525	EDNRA
GO:0001525	CD40
GO:0001525	ITGB8
GO:0001525	GRN
GO:0001525	PTPRM
GO:0001525	CD34
GO:0001525	EPHA2
GO:0001525	EPHB2
GO:0001525	PTPN6
GO:0001525	IL12A
GO:0001525	IL12B
GO:0001525	NOS3
GO:0001525	AQP1
GO:0001525	AGTR1
GO:0001525	S100A7
GO:0001525	HOXA7
GO:0001525	AKT1
GO:0001525	CDH5
GO:0001525	ADM
GO:0001525	PTGS2
GO:0001525	RORA
GO:0001525	APLNR
GO:0001525	THBS4
GO:0001525	FBN1
GO:0001525	MYH9
GO:0001525	TIE1
GO:0001525	SOX18
GO:0001525	FLT4
GO:0001525	CHI3L1
GO:0001525	GJA5
GO:0001525	CHRNA7
GO:0001525	BMPR1A
GO:0001525	TGFBR1
GO:0001525	ACVRL1
GO:0001525	TGFBR2
GO:0001525	PPARG
GO:0001525	BRCA1
GO:0001525	COL18A1
GO:0001525	ID1
GO:0001525	LEP
GO:0001525	WNT5A
GO:0001525	CCR2
GO:0001525	STAT1
GO:0001525	PIK3CB
GO:0001525	PRCP
GO:0001525	MCAM
GO:0001525	GATA4
GO:0001525	NOTCH1
GO:0001525	FASLG
GO:0001525	LEPR
GO:0001525	PIK3CG
GO:0001525	CCN3
GO:0001525	SARS1
GO:0001525	CXCR3
GO:0001525	GPR15
GO:0001525	PGF
GO:0001525	VEGFB
GO:0001525	VEGFC
GO:0001525	CAMP
GO:0001525	MEOX2
GO:0001525	MMP14
GO:0001525	BCAM
GO:0001525	MECP2
GO:0001525	CCL11
GO:0001525	CCR3
GO:0001525	PRKX
GO:0001525	HK2
GO:0001525	EFNA3
GO:0001525	EFNB2
GO:0001525	HMGA2
GO:0001525	EPHB3
GO:0001525	EPHB1
GO:0001525	EMP2
GO:0001525	SLC12A2
GO:0001525	CDH13
GO:0001525	PKNOX1
GO:0001525	TBX4
GO:0001525	SYNJ2BP
GO:0001525	NRXN1
GO:0001525	MINAR2
GO:0001525	ISL1
GO:0001525	RHOA
GO:0001525	TGFB2
GO:0001525	BTG1
GO:0001525	RHOB
GO:0001525	YWHAZ
GO:0001525	ACTG1
GO:0001525	ADAM8
GO:0001525	GTF2I
GO:0001525	SRPK2
GO:0001525	JAG1
GO:0001525	GPLD1
GO:0001525	HSPG2
GO:0001525	FOXO4
GO:0001525	RUNX1
GO:0001525	COL4A3
GO:0001525	HHEX
GO:0001525	TGFBR3
GO:0001525	RELA
GO:0001525	NOTCH2
GO:0001525	PTK2
GO:0001525	RBPJ
GO:0001525	EGR3
GO:0001525	ENPEP
GO:0001525	TJP1
GO:0001525	ABCC8
GO:0001525	HYAL1
GO:0001525	FOXC1
GO:0001525	MAP2K5
GO:0001525	PDE3B
GO:0001525	GAB1
GO:0001525	STIM1
GO:0001525	SEMA5A
GO:0001525	AAMP
GO:0001525	IL18
GO:0001525	DAG1
GO:0001525	DSG2
GO:0001525	E2F2
GO:0001525	PTK2B
GO:0001525	FGFBP1
GO:0001525	CASP8
GO:0001525	GPNMB
GO:0001525	PML-RAR
GO:0001525	ANGPT1
GO:0001525	SHH
GO:0001525	TGFBI
GO:0001525	MED1
GO:0001525	TWIST1
GO:0001525	SMAD1
GO:0001525	NFE2L2
GO:0001525	IGFBP7
GO:0001525	CALCRL
GO:0001525	ECM1
GO:0001525	PTGIS
GO:0001525	HIF1A
GO:0001525	CYP1B1
GO:0001525	ECSCR
GO:0001525	AMOT
GO:0001525	EMCN
GO:0001525	Q59EB0
GO:0001525	Q59F17
GO:0001525	Q59F20
GO:0001525	Q59GA0
GO:0001525	Q59GI1
GO:0001525	Q59GQ8
GO:0001525	Q59H09
GO:0001525	Q59HG2
GO:0001525	ZC3H12A
GO:0001525	MIA3
GO:0001525	TMEM201
GO:0001525	RASIP1
GO:0001525	EMC10
GO:0001525	PIK3R6
GO:0001525	DAB2IP
GO:0001525	TMEM215
GO:0001525	DKFZp781F1414
GO:0001525	DKFZp686E13109
GO:0001525	JMJD6
GO:0001525	EPGN
GO:0001525	CCBE1
GO:0001525	VASH1
GO:0001525	DKFZp686J1169
GO:0001525	ADM2
GO:0001525	SPRED1
GO:0001525	NRARP
GO:0001525	ADGRG6
GO:0001525	CLEC14A
GO:0001525	ADIPOR2
GO:0001525	ZNF354C
GO:0001525	HIPK1
GO:0001525	PLXDC1
GO:0001525	SULF1
GO:0001525	AMOTL1
GO:0001525	Q8N2H2
GO:0001525	AGGF1
GO:0001525	MICALL1
GO:0001525	SFRP1
GO:0001525	SIRT6
GO:0001525	BMPER
GO:0001525	NAXE
GO:0001525	OR10J5
GO:0001525	NDNF
GO:0001525	HDAC7
GO:0001525	STAB2
GO:0001525	ROBO4
GO:0001525	PIK3R3
GO:0001525	PXDN
GO:0001525	NRCAM
GO:0001525	HOXB13
GO:0001525	GHSR
GO:0001525	GATA6
GO:0001525	NINJ1
GO:0001525	MYDGF
GO:0001525	CREB3L1
GO:0001525	TMIGD2
GO:0001525	OTULIN
GO:0001525	ZG16B
GO:0001525	NUS1
GO:0001525	SIRT1
GO:0001525	SFRP2
GO:0001525	ADTRP
GO:0001525	APOLD1
GO:0001525	IL17F
GO:0001525	ADGRA2
GO:0001525	JMJD8
GO:0001525	TSPAN18
GO:0001525	PPP1R16B
GO:0001525	NOTCH4
GO:0001525	MEIS3
GO:0001525	EPAS1
GO:0001525	CIB1
GO:0001525	FOXC2
GO:0001525	CCM2
GO:0001525	PDCD10
GO:0001525	CARD10
GO:0001525	JAM3
GO:0001525	EMILIN2
GO:0001525	RSPO3
GO:0001525	ANGPTL4
GO:0001525	PANK2
GO:0001525	Q9BZY1
GO:0001525	EGLN1
GO:0001525	EHD4
GO:0001525	SPTBN4
GO:0001525	SEMA6A
GO:0001525	PDCL3
GO:0001525	TNMD
GO:0001525	HIPK2
GO:0001525	SEMA4A
GO:0001525	SMOC2
GO:0001525	WNK1
GO:0001525	RHOJ
GO:0001525	RGCC
GO:0001525	SOX17
GO:0001525	PROK2
GO:0001525	ZNF304
GO:0001525	NRXN3
GO:0001525	TNFRSF12A
GO:0001525	CD93
GO:0001525	ESM1
GO:0001525	SPINK5
GO:0001525	DLL4
GO:0001525	C1GALT1
GO:0001525	PARVA
GO:0001525	STAB1
GO:0001525	SPHK1
GO:0001525	PLK2
GO:0001525	ERAP1
GO:0001525	EIF2AK3
GO:0001525	FOXJ2
GO:0001525	JCAD
GO:0001525	ADAMTS9
GO:0001525	GHRL
GO:0001525	FBLN5
GO:0001525	ADAMTS1
GO:0001525	CEMIP2
GO:0001525	SLC12A6
GO:0001525	ATP5IF1
GO:0001525	GDF2
GO:0001525	HDAC9
GO:0001525	AGO2
GO:0001525	AGO1
GO:0001525	BLOC1S6
GO:0001525	NOTCH3
GO:0001525	PACSIN2
GO:0001525	MINAR1
GO:0001525	HDAC5
GO:0001525	TNN
GO:0001525	AKT3
GO:0001525	HPSE
GO:0001525	ANGPT4
GO:0001525	AMOTL2
GO:0001525	STARD13
GO:0001525	PLXND1
GO:0001525	LOXL2
GO:0001525	ANGPTL3
GO:0001525	HEY1
GO:0001525	NOX1
GO:0001525	KLF2
GO:0001525	ADGRG1
GO:0001525	EMILIN1
GO:0001525	EPN1
GO:0001525	ROBO1
GO:0001525	HEL-S-62p
GO:0001837	SMAD4
GO:0001837	TGFB1
GO:0001837	VEGFA
GO:0001837	MAD2L2
GO:0001837	SDHAF2
GO:0001837	TGFBR2
GO:0001837	BMP7
GO:0001837	B4DY26
GO:0001837	MCRIP1
GO:0001837	HIF1A
GO:0001837	ACVR1
GO:0001837	F5GXW4
GO:0001837	F5H5T6
GO:0001837	TGFBR3L
GO:0001837	SDCBP
GO:0001837	SMAD7
GO:0001837	TBX3
GO:0001837	LDLRAD4
GO:0001837	TGFB1I1
GO:0001837	SPRY2
GO:0001837	SPRY1
GO:0001837	SNAI2
GO:0001837	KDM1A
GO:0001837	GREM1
GO:0001837	ROCK2
GO:0001837	PDCD6
GO:0001837	LRP6
GO:0001837	SNAI1
GO:0001837	EOMES
GO:0001837	AGT
GO:0001837	IL1B
GO:0001837	COL1A1
GO:0001837	LRG1
GO:0001837	IGF1
GO:0001837	IL6
GO:0001837	EDN1
GO:0001837	HPN
GO:0001837	TGFB3
GO:0001837	FGFR1
GO:0001837	BMP2
GO:0001837	BMP4
GO:0001837	NCAM1
GO:0001837	HGF
GO:0001837	ENG
GO:0001837	DDX5
GO:0001837	EFNA1
GO:0001837	MDK
GO:0001837	FGFR2
GO:0001837	BMP5
GO:0001837	GATA3
GO:0001837	EDNRA
GO:0001837	S100A4
GO:0001837	MSX1
GO:0001837	EPHA3
GO:0001837	CTNNB1
GO:0001837	TGFBR1
GO:0001837	ACVRL1
GO:0001837	WNT5A
GO:0001837	MTOR
GO:0001837	NKX2-1
GO:0001837	NOTCH1
GO:0001837	SOX9
GO:0001837	GSK3B
GO:0001837	HMGA2
GO:0001837	EPHA4
GO:0001837	EMP2
GO:0001837	FGF8
GO:0001837	FOXA1
GO:0001837	WNT4
GO:0001837	GSC
GO:0001837	LOXL3
GO:0001837	PTEN
GO:0001837	ISL1
GO:0001837	TGFB2
GO:0001837	PPP2CA
GO:0001837	ADAM8
GO:0001837	JAG1
GO:0001837	SMAD3
GO:0001837	DAB2
GO:0001837	TGFBR3
GO:0001837	PTK2
GO:0001837	RBPJ
GO:0001837	FOXF2
GO:0001837	FOXC1
GO:0001837	TIAM1
GO:0001837	BAMBI
GO:0001837	NOG
GO:0001837	TRIM28
GO:0001837	TCOF1
GO:0001837	SLC39A6
GO:0001837	ROCK1
GO:0001837	DSG2
GO:0001837	NOLC1
GO:0001837	CUL7
GO:0001837	TWIST1
GO:0001837	ALX1
GO:0001837	SMAD2
GO:0001837	EZH2
GO:0001837	SPRED3
GO:0001837	ZNF750
GO:0001837	SP6
GO:0001837	PDCD4
GO:0001837	KLHL12
GO:0001837	CRB2
GO:0001837	DAB2IP
GO:0001837	USF3
GO:0001837	VASN
GO:0001837	SPSB3
GO:0001837	AKNA
GO:0001837	SPRED2
GO:0001837	SPRED1
GO:0001837	BCL9L
GO:0001837	FBXO11
GO:0001837	PDPN
GO:0001837	APLF
GO:0001837	GCNT2
GO:0001837	SFRP1
GO:0001837	IL17RD
GO:0001837	KBTBD8
GO:0001837	DLG5
GO:0001837	HAS2
GO:0001837	DDX17
GO:0001837	ADIPOR1
GO:0001837	FERMT2
GO:0001837	SFRP2
GO:0001837	QKI
GO:0001837	AMELX
GO:0001837	NOTCH4
GO:0001837	TBX5
GO:0001837	HNRNPAB
GO:0001837	OLFM1
GO:0001837	OVOL2
GO:0001837	FUZ
GO:0001837	WWTR1
GO:0001837	WNT8A
GO:0001837	CHRD
GO:0001837	GLIPR2
GO:0001837	SACK1D
GO:0001837	RGCC
GO:0001837	ZNF703
GO:0001837	KAT8
GO:0001837	POLR1B
GO:0001837	ELL3
GO:0001837	EPB41L5
GO:0001837	HEYL
GO:0001837	TCF7L2
GO:0001837	MARK1
GO:0001837	HEY2
GO:0001837	PEF1
GO:0001837	LEF1
GO:0001837	TASOR
GO:0001837	SLC39A10
GO:0001837	TBX20
GO:0001837	FOXA2
GO:0001837	AXIN2
GO:0001837	LOXL2
GO:0001837	HEY1
GO:0008283	PTEN
GO:0008283	LMBR1L
GO:0008283	SMAD4
GO:0008283	RHOA
GO:0008283	PHF7
GO:0008283	A0A024R3Y4
GO:0008283	MNAT1
GO:0008283	A0A024R693
GO:0008283	A0A024R6G3
GO:0008283	GPR56
GO:0008283	RNF10
GO:0008283	FAK
GO:0008283	EPPK1
GO:0008283	BMP7
GO:0008283	IGFBP3
GO:0008283	SSBP3
GO:0008283	FGFR2
GO:0008283	FGFR1
GO:0008283	PRAMEF9
GO:0008283	FGF2
GO:0008283	VEGFA
GO:0008283	TNFSF13
GO:0008283	PDGFA
GO:0008283	FOXE3
GO:0008283	TNFSF12-TNFSF13
GO:0008283	PTPN22
GO:0008283	A0A0B4U6M2
GO:0008283	CD276
GO:0008283	MT-RNR1
GO:0008283	AGER
GO:0008283	HSPA1B
GO:0008283	PRAMEF33
GO:0008283	PRAMEF25
GO:0008283	BTG3
GO:0008283	ERBB4
GO:0008283	ACVRL1
GO:0008283	BAK1
GO:0008283	CRK
GO:0008283	BTC
GO:0008283	NPM1
GO:0008283	S100B
GO:0008283	STK11
GO:0008283	NCK2
GO:0008283	TP63
GO:0008283	PDE9A
GO:0008283	NCK1
GO:0008283	KIT
GO:0008283	TNLG7B
GO:0008283	TNLG8A
GO:0008283	TNLG2A
GO:0008283	CD86
GO:0008283	A0A0Y0IMM4
GO:0008283	A0A0Y0J542
GO:0008283	TNF
GO:0008283	PRAMEF18
GO:0008283	A0A140VJE6
GO:0008283	A0A140VJU3
GO:0008283	A0A140VKG3
GO:0008283	JAK2
GO:0008283	GHRHR
GO:0008283	APC
GO:0008283	KSR1
GO:0008283	ICOSLG
GO:0008283	TINCR
GO:0008283	FGFR3
GO:0008283	A0A384MDX3
GO:0008283	A0A384ME03
GO:0008283	A0A384MEJ5
GO:0008283	A0A384N611
GO:0008283	A0A384NPR0
GO:0008283	A0A384NPY9
GO:0008283	A0A384NYY3
GO:0008283	A0A384P5C6
GO:0008283	THPO
GO:0008283	VSIG4
GO:0008283	PPARG
GO:0008283	TGFB1
GO:0008283	CD4
GO:0008283	ARG1
GO:0008283	ADGRG1
GO:0008283	NELFB
GO:0008283	PPARG5
GO:0008283	A0A6G6A825
GO:0008283	ADAMTS1
GO:0008283	BTG4
GO:0008283	SHANK3
GO:0008283	GOLGB1
GO:0008283	EXTL3
GO:0008283	CTLA4
GO:0008283	PTK2
GO:0008283	PTPRJ
GO:0008283	BIRC6
GO:0008283	SRPK2
GO:0008283	KAT7
GO:0008283	OVOL3
GO:0008283	SSTR5
GO:0008283	PRAMEF22
GO:0008283	TMEM127
GO:0008283	TGFBR2
GO:0008283	HDAC1
GO:0008283	CD28
GO:0008283	KRAS
GO:0008283	TEK
GO:0008283	ZNF335
GO:0008283	ERBB2
GO:0008283	FGF1
GO:0008283	EGF
GO:0008283	HDAC2
GO:0008283	LGALS9
GO:0008283	PML
GO:0008283	LYN
GO:0008283	MAPK1
GO:0008283	TGFB3
GO:0008283	SLAMF1
GO:0008283	FGFR4
GO:0008283	DNAJA3
GO:0008283	SLC35F6
GO:0008283	LGALS3
GO:0008283	FRZB
GO:0008283	FLT4
GO:0008283	THBS1
GO:0008283	BRAT1
GO:0008283	PDGFRB
GO:0008283	ATG13
GO:0008283	PTK2B
GO:0008283	TGFA
GO:0008283	MMRN2
GO:0008283	MMP9
GO:0008283	EGFR
GO:0008283	PGF
GO:0008283	LGALS9B
GO:0008283	CDC25A
GO:0008283	WWC1
GO:0008283	RARRES1
GO:0008283	YAP1
GO:0008283	NRP1
GO:0008283	DLEC1
GO:0008283	WWC2
GO:0008283	LGALS9C
GO:0008283	SFRP4
GO:0008283	LRP5
GO:0008283	FLT1
GO:0008283	TIAL1
GO:0008283	CTNNBIP1
GO:0008283	VEGFB
GO:0008283	TYROBP
GO:0008283	SAV1
GO:0008283	S100A11
GO:0008283	HMGB1
GO:0008283	CDC25C
GO:0008283	ADAMTS8
GO:0008283	KITLG
GO:0008283	CSF1R
GO:0008283	SFRP2
GO:0008283	CDK4
GO:0008283	HMGB2
GO:0008283	MELK
GO:0008283	KDR
GO:0008283	MDM4
GO:0008283	SFRP1
GO:0008283	NOTCH2
GO:0008283	NACC2
GO:0008283	CDK6
GO:0008283	NANOG
GO:0008283	THAP1
GO:0008283	PRKD2
GO:0008283	BMP6
GO:0008283	VEGFD
GO:0008283	TMIGD1
GO:0008283	MUSTN1
GO:0008283	PDGFRA
GO:0008283	PDCD1LG2
GO:0008283	MAPK3
GO:0008283	PDGFB
GO:0008283	FEZF1
GO:0008283	EPGN
GO:0008283	GDF8
GO:0008283	ODAM
GO:0008283	ZBTB7C
GO:0008283	A2NWD3
GO:0008283	TMEM131L
GO:0008283	SBNO1
GO:0008283	PRAMEF27
GO:0008283	NPY
GO:0008283	A4GW21
GO:0008283	CCDC88B
GO:0008283	NKX2-6
GO:0008283	MEIS3P1
GO:0008283	NUPR2
GO:0008283	RASSF10
GO:0008283	YJEFN3
GO:0008283	A6XND0
GO:0008283	A6XND1
GO:0008283	A8K0K2
GO:0008283	A8K0S6
GO:0008283	MEIS3P2
GO:0008283	A8K147
GO:0008283	A8K2T7
GO:0008283	A8K379
GO:0008283	A8K3D9
GO:0008283	IL11
GO:0008283	PTPN1
GO:0008283	A8K4D1
GO:0008283	A8K4G3
GO:0008283	A8K4G9
GO:0008283	A8K5C4
GO:0008283	HSPA1A
GO:0008283	A8K632
GO:0008283	A8K694
GO:0008283	A8K6N4
GO:0008283	A8K6Q6
GO:0008283	A8K852
GO:0008283	A8K8R5
GO:0008283	A8K910
GO:0008283	A8K9J6
GO:0008283	A8K9V7
GO:0008283	EIF2C3
GO:0008283	A8KAE3
GO:0008283	A8KAM5
GO:0008283	A8KAM8
GO:0008283	A8KAP4
GO:0008283	STIMATE-MUSTN1
GO:0008283	A9CB80
GO:0008283	TOB2
GO:0008283	B2R5H0
GO:0008283	CSK
GO:0008283	B2R6S4
GO:0008283	B2R6W4
GO:0008283	B2R7S9
GO:0008283	B2R7T2
GO:0008283	B2RAG9
GO:0008283	B2RAL4
GO:0008283	B2RB33
GO:0008283	B2RC63
GO:0008283	HMGB1P1
GO:0008283	B2ZPJ8
GO:0008283	B3KM81
GO:0008283	B3KQN7
GO:0008283	B3KQV4
GO:0008283	B3KSM5
GO:0008283	B3KTQ1
GO:0008283	B3KUJ5
GO:0008283	B3KVF9
GO:0008283	B3KVH9
GO:0008283	B3KVJ2
GO:0008283	B3KVX9
GO:0008283	B3KWQ4
GO:0008283	B3KWW5
GO:0008283	B4DDP4
GO:0008283	B4DEW5
GO:0008283	B4DG18
GO:0008283	B4DG91
GO:0008283	B4DHN0
GO:0008283	B4DJ40
GO:0008283	B4DJD7
GO:0008283	B4DK26
GO:0008283	B4DKP4
GO:0008283	B4DM06
GO:0008283	B4DNT8
GO:0008283	B4DNX3
GO:0008283	B4DP07
GO:0008283	B4DQP9
GO:0008283	B4DTR1
GO:0008283	B4DUF7
GO:0008283	B4DV67
GO:0008283	B4DVP4
GO:0008283	B4DVP5
GO:0008283	B4DVW0
GO:0008283	CD19
GO:0008283	B4DX61
GO:0008283	B4DY26
GO:0008283	B4DYV1
GO:0008283	B4DZ93
GO:0008283	B4E0L1
GO:0008283	B4E125
GO:0008283	B4E1T4
GO:0008283	B4E2E4
GO:0008283	B4E3H8
GO:0008283	RAGE
GO:0008283	VSTM2A
GO:0008283	TARM1
GO:0008283	NR1C3
GO:0008283	NR2E1
GO:0008283	B7Z1W8
GO:0008283	B7Z2I3
GO:0008283	B7Z450
GO:0008283	B7Z4D9
GO:0008283	B7Z507
GO:0008283	B7Z7K8
GO:0008283	B7Z885
GO:0008283	B7Z965
GO:0008283	B7Z986
GO:0008283	B7ZA28
GO:0008283	B7ZA61
GO:0008283	B7ZAT0
GO:0008283	NRP2
GO:0008283	FLT3LG
GO:0008283	PRAMEF1
GO:0008283	CD40LG
GO:0008283	BMP2
GO:0008283	SERPINF2
GO:0008283	D2CGD1
GO:0008283	TNFAIP3
GO:0008283	ABI3BP
GO:0008283	D6R8Y8
GO:0008283	THAP9
GO:0008283	THAP6
GO:0008283	RB1CC1
GO:0008283	IL12A
GO:0008283	CDKN1B
GO:0008283	CD3E
GO:0008283	NR1D1
GO:0008283	BLOC1S2
GO:0008283	F2YGG7
GO:0008283	BNC1
GO:0008283	PRKD1
GO:0008283	EPO
GO:0008283	HCK
GO:0008283	PRAMEF26
GO:0008283	TMEM250
GO:0008283	H3BM21
GO:0008283	I4AY87
GO:0008283	GPC3
GO:0008283	IL34
GO:0008283	EZR-ROS1
GO:0008283	K4HSH7
GO:0008283	K4HYZ8
GO:0008283	SMIM22
GO:0008283	K7N7S0
GO:0008283	TP53
GO:0008283	K9MRS9
GO:0008283	K9MSY5
GO:0008283	ITGB3
GO:0008283	BMP5
GO:0008283	FZD9
GO:0008283	CCL24
GO:0008283	SULT2B1
GO:0008283	BMPR1B
GO:0008283	CACNB4
GO:0008283	CDC7
GO:0008283	PIK3CD
GO:0008283	EML1
GO:0008283	LST1
GO:0008283	MEIS1
GO:0008283	BTN3A1
GO:0008283	NR5A2
GO:0008283	CLDN5
GO:0008283	KRIT1
GO:0008283	PES1
GO:0008283	DLL1
GO:0008283	SDCBP
GO:0008283	CCN1
GO:0008283	NFIB
GO:0008283	E2F3
GO:0008283	WNT10B
GO:0008283	WNT7A
GO:0008283	PLPP1
GO:0008283	ADGRB1
GO:0008283	CXCL11
GO:0008283	ENPP3
GO:0008283	DVL2
GO:0008283	ADAM10
GO:0008283	TP53I11
GO:0008283	KMT2D
GO:0008283	ITGB1BP1
GO:0008283	NHERF1
GO:0008283	TERT
GO:0008283	MEIS2
GO:0008283	PTEN2
GO:0008283	MSTN
GO:0008283	TNFRSF13B
GO:0008283	IFIT3
GO:0008283	IRF6
GO:0008283	KLF11
GO:0008283	WNT9A
GO:0008283	CASK
GO:0008283	EREG
GO:0008283	HGS
GO:0008283	ZNF609
GO:0008283	PLXNB2
GO:0008283	PER2
GO:0008283	SMAD7
GO:0008283	TBX3
GO:0008283	ZBTB7B
GO:0008283	ALOX15B
GO:0008283	PPM1D
GO:0008283	POLR3G
GO:0008283	TP73
GO:0008283	BIRC5
GO:0008283	CFLAR
GO:0008283	FGF10
GO:0008283	CYP27B1
GO:0008283	PDPK1
GO:0008283	RGS5
GO:0008283	FABP7
GO:0008283	CLDN3
GO:0008283	PLXNB1
GO:0008283	RBFOX2
GO:0008283	SPINT1
GO:0008283	TGFB1I1
GO:0008283	MTSS1
GO:0008283	MAP3K7
GO:0008283	FGF16
GO:0008283	EEF1E1
GO:0008283	WDR62
GO:0008283	THAP12
GO:0008283	TBX1
GO:0008283	PTH2
GO:0008283	KLF4
GO:0008283	TNFSF12
GO:0008283	SMAD6
GO:0008283	TNFSF14
GO:0008283	SNAI2
GO:0008283	PRC1
GO:0008283	TRAF3IP2
GO:0008283	CHP2
GO:0008283	p27 kip1
GO:0008283	STRN
GO:0008283	SOX15
GO:0008283	FGF17
GO:0008283	KLK8
GO:0008283	ST18
GO:0008283	NUAK1
GO:0008283	KDM1A
GO:0008283	NUPR1
GO:0008283	GDF9
GO:0008283	GSDME
GO:0008283	DLX3
GO:0008283	GREM1
GO:0008283	MTGR1
GO:0008283	KLHL41
GO:0008283	PRAMEF10
GO:0008283	PRAMEF4
GO:0008283	PRAMEF2
GO:0008283	PRAMEF11
GO:0008283	DNAJA2
GO:0008283	FKTN
GO:0008283	CBFA2T3
GO:0008283	FZD7
GO:0008283	NDUFS2
GO:0008283	ZPR1
GO:0008283	PDCD6
GO:0008283	PITX3
GO:0008283	TRIM3
GO:0008283	ULK1
GO:0008283	DEAF1
GO:0008283	ERN1
GO:0008283	CRLF1
GO:0008283	ZNF324
GO:0008283	TNFRSF21
GO:0008283	PRKRA
GO:0008283	SERPINB7
GO:0008283	UTP20
GO:0008283	BCAR3
GO:0008283	CNMD
GO:0008283	PIAS1
GO:0008283	SASH3
GO:0008283	NEURL1
GO:0008283	FGF18
GO:0008283	JTB
GO:0008283	DDAH1
GO:0008283	ALDH1A2
GO:0008283	ACTL6B
GO:0008283	UFL1
GO:0008283	PHF14
GO:0008283	TOX
GO:0008283	GLCE
GO:0008283	KCNK2
GO:0008283	S1PR2
GO:0008283	MFN2
GO:0008283	KCNH1
GO:0008283	RASGRP1
GO:0008283	SIX3
GO:0008283	ARIH2
GO:0008283	CCN4
GO:0008283	CCN6
GO:0008283	BMP10
GO:0008283	PRAMEF12
GO:0008283	STAMBP
GO:0008283	CEP43
GO:0008283	CRTAM
GO:0008283	FGF19
GO:0008283	LDOC1
GO:0008283	TBC1D8
GO:0008283	IL33
GO:0008283	CER1
GO:0008283	CLDN1
GO:0008283	GLP2R
GO:0008283	SLC25A27
GO:0008283	SYF2
GO:0008283	EFEMP2
GO:0008283	DRC4
GO:0008283	ACTL6A
GO:0008283	PNP
GO:0008283	ABL1
GO:0008283	AGT
GO:0008283	TIMP1
GO:0008283	FOS
GO:0008283	MYC
GO:0008283	NRAS
GO:0008283	HRAS
GO:0008283	NGF
GO:0008283	GNRH1
GO:0008283	AVP
GO:0008283	PENK
GO:0008283	CGA
GO:0008283	FSHB
GO:0008283	PRL
GO:0008283	VIP
GO:0008283	GHRH
GO:0008283	INS
GO:0008283	IGF2
GO:0008283	LTA
GO:0008283	IFNB1
GO:0008283	IFNG
GO:0008283	IL1A
GO:0008283	IL1B
GO:0008283	IL2RA
GO:0008283	HLA-DRB1
GO:0008283	COL3A1
GO:0008283	KRT6A
GO:0008283	LMNA
GO:0008283	APOE
GO:0008283	CRP
GO:0008283	APOH
GO:0008283	LRG1
GO:0008283	FN1
GO:0008283	RBP4
GO:0008283	PF4
GO:0008283	CXCL10
GO:0008283	TFRC
GO:0008283	LTF
GO:0008283	FTH1
GO:0008283	BGLAP
GO:0008283	ANG
GO:0008283	RAF1
GO:0008283	PLA2G1B
GO:0008283	ANXA1
GO:0008283	CSF2
GO:0008283	PRNP
GO:0008283	SOD2
GO:0008283	HRG
GO:0008283	CD74
GO:0008283	HLA-A
GO:0008283	HLA-DPB1
GO:0008283	WNT1
GO:0008283	NTRK1
GO:0008283	CAPNS1
GO:0008283	GNAI2
GO:0008283	H2AC4
GO:0008283	SLC4A2
GO:0008283	IGF1
GO:0008283	APP
GO:0008283	APOD
GO:0008283	INHA
GO:0008283	IL4
GO:0008283	IL5
GO:0008283	SLC25A5
GO:0008283	IL6
GO:0008283	EDN1
GO:0008283	JUN
GO:0008283	FABP3
GO:0008283	REG1A
GO:0008283	TFAP2A
GO:0008283	HPN
GO:0008283	INSR
GO:0008283	BCHE
GO:0008283	CDK1
GO:0008283	S100A6
GO:0008283	ITGAV
GO:0008283	CALCA
GO:0008283	GPX1
GO:0008283	FES
GO:0008283	CAPN1
GO:0008283	CA3
GO:0008283	UMOD
GO:0008283	LAMB1
GO:0008283	SP1
GO:0008283	IGF1R
GO:0008283	NGFR
GO:0008283	GLI1
GO:0008283	CD55
GO:0008283	ABCB1
GO:0008283	ELANE
GO:0008283	MMP2
GO:0008283	INHBA
GO:0008283	PTPRC
GO:0008283	MELTF
GO:0008283	FGF4
GO:0008283	FCGR3A
GO:0008283	IL3
GO:0008283	IL6R
GO:0008283	HTR1A
GO:0008283	ADRA2A
GO:0008283	NMB
GO:0008283	PKHD1
GO:0008283	GSTP1
GO:0008283	CXCL1
GO:0008283	SPARC
GO:0008283	TPM1
GO:0008283	WNT2
GO:0008283	HMOX1
GO:0008283	CSF1
GO:0008283	TACSTD2
GO:0008283	ALOX5
GO:0008283	CSF3
GO:0008283	GKN3P
GO:0008283	APELA
GO:0008283	ADORA3
GO:0008283	TMIGD3
GO:0008283	PRAMEF15
GO:0008283	CXCL8
GO:0008283	MYB
GO:0008283	AR
GO:0008283	RARA
GO:0008283	BCL2
GO:0008283	PRKAR1A
GO:0008283	FGF6
GO:0008283	HSPD1
GO:0008283	CLU
GO:0008283	GHR
GO:0008283	IRF1
GO:0008283	LAMC1
GO:0008283	CHRM1
GO:0008283	PIM1
GO:0008283	VDR
GO:0008283	FGF3
GO:0008283	DMD
GO:0008283	SRF
GO:0008283	MS4A1
GO:0008283	CD79A
GO:0008283	FGF5
GO:0008283	PTHLH
GO:0008283	BMP4
GO:0008283	SKI
GO:0008283	ACE
GO:0008283	XRCC6
GO:0008283	XRCC5
GO:0008283	IFITM1
GO:0008283	IL7
GO:0008283	CRIPTO
GO:0008283	CYBA
GO:0008283	CCL2
GO:0008283	CCL5
GO:0008283	SCG2
GO:0008283	ITGA4
GO:0008283	RARG
GO:0008283	EEF2
GO:0008283	CEACAM1
GO:0008283	OSM
GO:0008283	F3
GO:0008283	HLA-E
GO:0008283	GFAP
GO:0008283	EDN3
GO:0008283	MIF
GO:0008283	FOLR2
GO:0008283	IRF2
GO:0008283	HCLS1
GO:0008283	DRD2
GO:0008283	PLA2G2A
GO:0008283	CCNB1
GO:0008283	SLC2A4
GO:0008283	IL2RB
GO:0008283	IDO1
GO:0008283	ETS1
GO:0008283	JUP
GO:0008283	LIF
GO:0008283	FABP4
GO:0008283	GLUL
GO:0008283	RAC2
GO:0008283	MYOG
GO:0008283	IL9
GO:0008283	ATF2
GO:0008283	FOSL1
GO:0008283	HPGD
GO:0008283	VAV1
GO:0008283	ELN
GO:0008283	CSF2RA
GO:0008283	AREG
GO:0008283	HTN3
GO:0008283	CD46
GO:0008283	NME1
GO:0008283	CD1D
GO:0008283	NPR1
GO:0008283	SPN
GO:0008283	CREB1
GO:0008283	PPP3CB
GO:0008283	EPCAM
GO:0008283	POR
GO:0008283	PRLR
GO:0008283	TSHR
GO:0008283	FER
GO:0008283	CCL3L1
GO:0008283	IL7R
GO:0008283	ZNF16
GO:0008283	HMGA1
GO:0008283	PRKCA
GO:0008283	JUNB
GO:0008283	ITGA2
GO:0008283	GJA1
GO:0008283	NPR3
GO:0008283	JUND
GO:0008283	CEBPB
GO:0008283	HLA-G
GO:0008283	PTPN2
GO:0008283	CHRNB2
GO:0008283	CTPS1
GO:0008283	ENG
GO:0008283	XBP1
GO:0008283	CR1
GO:0008283	IGFBP2
GO:0008283	EGR1
GO:0008283	ATF3
GO:0008283	KRT4
GO:0008283	PLCG1
GO:0008283	VCAM1
GO:0008283	EIF2AK2
GO:0008283	WT1
GO:0008283	CR2
GO:0008283	HLA-DPA1
GO:0008283	CD33
GO:0008283	CCNA2
GO:0008283	POU3F3
GO:0008283	POU3F2
GO:0008283	CD22
GO:0008283	TNFRSF1B
GO:0008283	TAC1
GO:0008283	NPR2
GO:0008283	ITGAX
GO:0008283	OGN
GO:0008283	NTF3
GO:0008283	EDN2
GO:0008283	FUT3
GO:0008283	PTN
GO:0008283	FLNA
GO:0008283	NF1
GO:0008283	S1PR1
GO:0008283	C5AR1
GO:0008283	MDK
GO:0008283	ZP3
GO:0008283	FGF7
GO:0008283	ERBB3
GO:0008283	CDH3
GO:0008283	IL10
GO:0008283	NME2
GO:0008283	KCNA5
GO:0008283	GAL
GO:0008283	TGM1
GO:0008283	NR4A1
GO:0008283	FBLN1
GO:0008283	WARS1
GO:0008283	PTPRZ1
GO:0008283	MCC
GO:0008283	TNFSF4
GO:0008283	NPPC
GO:0008283	GATA2
GO:0008283	GATA3
GO:0008283	PRTN3
GO:0008283	CCND1
GO:0008283	NR2F2
GO:0008283	EDNRB
GO:0008283	IGFBP6
GO:0008283	IGFBP5
GO:0008283	PRKCH
GO:0008283	CCNE1
GO:0008283	CDK2
GO:0008283	CXCR2
GO:0008283	CD24
GO:0008283	ADRA1D
GO:0008283	EDNRA
GO:0008283	TACR1
GO:0008283	F2R
GO:0008283	AZGP1
GO:0008283	DNAJB2
GO:0008283	ATP5F1A
GO:0008283	CD40
GO:0008283	MSN
GO:0008283	DNMT1
GO:0008283	CNTF
GO:0008283	ZFP36
GO:0008283	IL3RA
GO:0008283	CNTFR
GO:0008283	DPP4
GO:0008283	ARNT
GO:0008283	CALR
GO:0008283	PIK3R1
GO:0008283	HLA-DMB
GO:0008283	POU1F1
GO:0008283	HTR1B
GO:0008283	HTR2A
GO:0008283	PEX2
GO:0008283	NMBR
GO:0008283	MSX1
GO:0008283	DUSP1
GO:0008283	GRN
GO:0008283	PTPRM
GO:0008283	CD34
GO:0008283	CD38
GO:0008283	TNFRSF8
GO:0008283	ADORA2A
GO:0008283	EPHA2
GO:0008283	EPHB2
GO:0008283	PTPN6
GO:0008283	SHC1
GO:0008283	LTK
GO:0008283	IL12B
GO:0008283	NOS3
GO:0008283	TYK2
GO:0008283	AQP1
GO:0008283	PRDX3
GO:0008283	CD6
GO:0008283	CCND2
GO:0008283	CDC25B
GO:0008283	AVPR2
GO:0008283	TSPO
GO:0008283	ADORA1
GO:0008283	AGTR1
GO:0008283	SERPINB1
GO:0008283	SLC7A1
GO:0008283	SSTR1
GO:0008283	SSTR2
GO:0008283	FGF9
GO:0008283	SSTR4
GO:0008283	SDC4
GO:0008283	SLC6A4
GO:0008283	AKT1
GO:0008283	IL2RG
GO:0008283	FCGR2B
GO:0008283	CCKBR
GO:0008283	VIPR1
GO:0008283	GPR183
GO:0008283	SSTR3
GO:0008283	CSF2RB
GO:0008283	ICAM3
GO:0008283	CD70
GO:0008283	TNFSF8
GO:0008283	TTK
GO:0008283	SHMT2
GO:0008283	RYK
GO:0008283	GRK5
GO:0008283	CTNNB1
GO:0008283	IL13
GO:0008283	BMI1
GO:0008283	PHB1
GO:0008283	NF2
GO:0008283	ADRA1A
GO:0008283	OPRM1
GO:0008283	RORA
GO:0008283	APLNR
GO:0008283	THBS4
GO:0008283	IRS1
GO:0008283	TIE1
GO:0008283	DDIT3
GO:0008283	SOX5
GO:0008283	SOX11
GO:0008283	AHR
GO:0008283	KRT2
GO:0008283	SLC16A2
GO:0008283	CHRNA7
GO:0008283	PPP1CC
GO:0008283	FLT3
GO:0008283	BMPR1A
GO:0008283	TGFBR1
GO:0008283	NUP62
GO:0008283	AVPR1A
GO:0008283	CDKN1A
GO:0008283	COL18A1
GO:0008283	PLA2G5
GO:0008283	MMP12
GO:0008283	GDNF
GO:0008283	DCT
GO:0008283	IL6ST
GO:0008283	CEACAM6
GO:0008283	MPL
GO:0008283	VHL
GO:0008283	STAT3
GO:0008283	IL15
GO:0008283	LEP
GO:0008283	ETV3
GO:0008283	CASR
GO:0008283	BCL6
GO:0008283	ETV6
GO:0008283	CD200
GO:0008283	MNDA
GO:0008283	WNT5A
GO:0008283	HNF4A
GO:0008283	TNFSF9
GO:0008283	GRM5
GO:0008283	HTR2B
GO:0008283	CCR2
GO:0008283	PRKCI
GO:0008283	STAT1
GO:0008283	STAT6
GO:0008283	STAT5A
GO:0008283	AKR1C3
GO:0008283	PIK3CA
GO:0008283	EPS15
GO:0008283	MATK
GO:0008283	HELZ
GO:0008283	IL12RB1
GO:0008283	LIFR
GO:0008283	CDKN2A
GO:0008283	CDKN2B
GO:0008283	CDKN2C
GO:0008283	CXCL5
GO:0008283	GDF5
GO:0008283	PAFAH1B1
GO:0008283	PTGFR
GO:0008283	PTGIR
GO:0008283	SSR1
GO:0008283	TNFRSF4
GO:0008283	NAMPT
GO:0008283	MKI67
GO:0008283	NOP2
GO:0008283	CRKL
GO:0008283	NOTCH1
GO:0008283	RAP1GAP
GO:0008283	AVPR1B
GO:0008283	XCL1
GO:0008283	FASLG
GO:0008283	CXCL12
GO:0008283	REG1B
GO:0008283	LEPR
GO:0008283	SOX9
GO:0008283	NES
GO:0008283	IDH2
GO:0008283	PIK3CG
GO:0008283	CCN3
GO:0008283	CX3CR1
GO:0008283	SLC11A1
GO:0008283	FNTB
GO:0008283	DHPS
GO:0008283	PCYT1A
GO:0008283	CXCR3
GO:0008283	CTCF
GO:0008283	CEBPA
GO:0008283	NUMB
GO:0008283	VEGFC
GO:0008283	TSC2
GO:0008283	CAMP
GO:0008283	LIG4
GO:0008283	CDKN1C
GO:0008283	MMP14
GO:0008283	EMD
GO:0008283	SLC26A2
GO:0008283	LHX2
GO:0008283	TOB1
GO:0008283	CDK9
GO:0008283	FABP6
GO:0008283	SMARCA2
GO:0008283	SMARCA4
GO:0008283	BRCA2
GO:0008283	IRAK1
GO:0008283	CAV2
GO:0008283	CCL11
GO:0008283	CCR3
GO:0008283	STAT5B
GO:0008283	PRKX
GO:0008283	CNN1
GO:0008283	STAT2
GO:0008283	RBM5
GO:0008283	EFNB2
GO:0008283	STC1
GO:0008283	AKR1C2
GO:0008283	HMGA2
GO:0008283	PDX1
GO:0008283	NKX2-5
GO:0008283	NUDT6
GO:0008283	MVD
GO:0008283	FXYD2
GO:0008283	PDE1A
GO:0008283	EPHB1
GO:0008283	EPHA4
GO:0008283	EMP2
GO:0008283	SLURP1
GO:0008283	AIF1
GO:0008283	DIO3
GO:0008283	FGF8
GO:0008283	F2RL1
GO:0008283	NCKAP1L
GO:0008283	NAP1L1
GO:0008283	CDKN2D
GO:0008283	CDH13
GO:0008283	TPD52
GO:0008283	CCL23
GO:0008283	DLX5
GO:0008283	ITGA1
GO:0008283	MAZ
GO:0008283	HDAC4
GO:0008283	CAV3
GO:0008283	CTBP2
GO:0008283	SOX10
GO:0008283	WNT3
GO:0008283	WNT3A
GO:0008283	WNT7B
GO:0008283	CLDN18
GO:0008283	SOX8
GO:0008283	SYNJ2BP
GO:0008283	RAB25
GO:0008283	PROK1
GO:0008283	TIRAP
GO:0008283	CD81
GO:0008283	IL2
GO:0008283	ACTB
GO:0008283	CDC42
GO:0008283	RAB10
GO:0008283	SST
GO:0008283	HAND2
GO:0008283	ISL1
GO:0008283	B2M
GO:0008283	TGFB2
GO:0008283	RPS15A
GO:0008283	BTG1
GO:0008283	CNBP
GO:0008283	YPEL5
GO:0008283	RPS4X
GO:0008283	RPS6
GO:0008283	RPL23
GO:0008283	RBX1
GO:0008283	CSNK2B
GO:0008283	UBE2L3
GO:0008283	CSNK2A1
GO:0008283	P69208
GO:0008283	PRAME
GO:0008283	CX3CL1
GO:0008283	NKX6-1
GO:0008283	JAG1
GO:0008283	PRKDC
GO:0008283	ADAM17
GO:0008283	ARG2
GO:0008283	BTG2
GO:0008283	ADARB1
GO:0008283	CCL8
GO:0008283	GPLD1
GO:0008283	IFI35
GO:0008283	HMGN5
GO:0008283	SMAD3
GO:0008283	RHOG
GO:0008283	DAB2
GO:0008283	LRP2
GO:0008283	FOXO4
GO:0008283	CDK3
GO:0008283	HNRNPU
GO:0008283	MDM2
GO:0008283	E2F1
GO:0008283	INSM1
GO:0008283	IL9R
GO:0008283	RUNX1
GO:0008283	IL5RA
GO:0008283	PMP22
GO:0008283	SLC7A5
GO:0008283	TFAP4
GO:0008283	COL4A3
GO:0008283	ROR1
GO:0008283	NRG1
GO:0008283	ID2
GO:0008283	MAP2K1
GO:0008283	PAX2
GO:0008283	HHEX
GO:0008283	MECOM
GO:0008283	CAV1
GO:0008283	TGFBR3
GO:0008283	PPARD
GO:0008283	RELA
GO:0008283	MST1R
GO:0008283	EGR4
GO:0008283	CLC
GO:0008283	PTPN11
GO:0008283	REG3A
GO:0008283	BTK
GO:0008283	RBPJ
GO:0008283	MEF2C
GO:0008283	PRDX1
GO:0008283	EGR3
GO:0008283	SOX4
GO:0008283	TNFRSF9
GO:0008283	ENPEP
GO:0008283	TJP1
GO:0008283	CXCL9
GO:0008283	ZFP36L1
GO:0008283	SOS1
GO:0008283	FOXM1
GO:0008283	PPP3CA
GO:0008283	DHX9
GO:0008283	IL10RB
GO:0008283	DSC1
GO:0008283	CD47
GO:0008283	FGL1
GO:0008283	RBBP4
GO:0008283	ABCC8
GO:0008283	KCNA1
GO:0008283	INCA1
GO:0008283	MN1
GO:0008283	BST1
GO:0008283	BST2
GO:0008283	CDC20
GO:0008283	ZP4
GO:0008283	STX4
GO:0008283	FAP
GO:0008283	TMEM115
GO:0008283	AIMP1
GO:0008283	FOXC1
GO:0008283	DLG1
GO:0008283	TSPAN31
GO:0008283	IL24
GO:0008283	TIAM1
GO:0008283	TRIM32
GO:0008283	ZBTB17
GO:0008283	KLF10
GO:0008283	PRKAA1
GO:0008283	BAMBI
GO:0008283	PAK1
GO:0008283	FADD
GO:0008283	MAP2K5
GO:0008283	TBX2
GO:0008283	SRSF6
GO:0008283	NOG
GO:0008283	DHRS2
GO:0008283	STX3
GO:0008283	NMI
GO:0008283	ATM
GO:0008283	PPP2R5C
GO:0008283	CTBP1
GO:0008283	NFATC2
GO:0008283	TCIRG1
GO:0008283	BIRC2
GO:0008283	SQSTM1
GO:0008283	PKD2
GO:0008283	LAPTM5
GO:0008283	SEMA5A
GO:0008283	CUL3
GO:0008283	CUL4A
GO:0008283	CUL4B
GO:0008283	IL10RA
GO:0008283	LAMC2
GO:0008283	RUNX3
GO:0008283	NACA
GO:0008283	BMPR2
GO:0008283	BPGF-1
GO:0008283	KLF9
GO:0008283	KLF5
GO:0008283	PRKG1
GO:0008283	IL18
GO:0008283	DSG2
GO:0008283	VGLL4
GO:0008283	BOP1
GO:0008283	MORC3
GO:0008283	SCRIB
GO:0008283	TFDP1
GO:0008283	EBI3
GO:0008283	GAS6
GO:0008283	HES1
GO:0008283	FGFBP1
GO:0008283	SCN5A
GO:0008283	SQLE
GO:0008283	ZNF268
GO:0008283	IHH
GO:0008283	IL11RA
GO:0008283	IL13RA2
GO:0008283	HSIL5R3
GO:0008283	INSL4
GO:0008283	KANK1
GO:0008283	MVP
GO:0008283	STAT4
GO:0008283	MEF2D
GO:0008283	GPNMB
GO:0008283	KIF14
GO:0008283	P2RY6
GO:0008283	PDK1
GO:0008283	CDK10
GO:0008283	PCM1
GO:0008283	PML-RAR
GO:0008283	PTPRK
GO:0008283	RPS6KA2
GO:0008283	ANGPT1
GO:0008283	DHCR24
GO:0008283	RPS6KA1
GO:0008283	SHH
GO:0008283	SIX1
GO:0008283	SS18
GO:0008283	TGFBI
GO:0008283	DIXDC1
GO:0008283	SF1
GO:0008283	MED1
GO:0008283	TWIST1
GO:0008283	PTPN14
GO:0008283	TSC22D1
GO:0008283	ELAVL1
GO:0008283	NPY5R
GO:0008283	SPEG
GO:0008283	ADIPOQ
GO:0008283	EZH2
GO:0008283	IGFBP7
GO:0008283	NTRK3
GO:0008283	IL-2
GO:0008283	DDB1
GO:0008283	IL17A
GO:0008283	CARTPT
GO:0008283	ECM1
GO:0008283	CTF1
GO:0008283	NTRK2
GO:0008283	CCL14
GO:0008283	HIF1A
GO:0008283	CDKN3
GO:0008283	CYP1B1
GO:0008283	DDR2
GO:0008283	PTPRN
GO:0008283	CLEC12B
GO:0008283	PDL2
GO:0008283	TRIM71
GO:0008283	Q2TSD2
GO:0008283	Q2TTR7
GO:0008283	Q2TU63
GO:0008283	P3H1
GO:0008283	TNFSF5
GO:0008283	CCDC88A
GO:0008283	TBRG1
GO:0008283	BTLA
GO:0008283	CFAP100
GO:0008283	APC variant protein
GO:0008283	TMEM119
GO:0008283	BCL7A
GO:0008283	PDCD4
GO:0008283	Q53G05
GO:0008283	PARP10
GO:0008283	Q53GX0
GO:0008283	SETMAR
GO:0008283	LBH
GO:0008283	GIG8
GO:0008283	TNFSF6
GO:0008283	SPIN4
GO:0008283	EAPP
GO:0008283	Q59E88
GO:0008283	Q59EB0
GO:0008283	Q59ED0
GO:0008283	Q59EJ3
GO:0008283	Q59EU4
GO:0008283	Q59F20
GO:0008283	Q59FH5
GO:0008283	Q59FL8
GO:0008283	Q59FR8
GO:0008283	Q59GM4
GO:0008283	Q59GM6
GO:0008283	Q59GN8
GO:0008283	Q59GQ8
GO:0008283	Q59GW1
GO:0008283	Q59H09
GO:0008283	Q59HE0
GO:0008283	Q59HG2
GO:0008283	DKFZp686E01144
GO:0008283	TMEM196
GO:0008283	SPDYA
GO:0008283	ICAM1
GO:0008283	ACER2
GO:0008283	LRRK2
GO:0008283	HP1BP3
GO:0008283	TNLG1E
GO:0008283	LDLRAP1
GO:0008283	PRAMEF14
GO:0008283	PRAMEF19
GO:0008283	SACK1B
GO:0008283	VTCN1
GO:0008283	SFRP5
GO:0008283	ARTN
GO:0008283	DCAF12
GO:0008283	RNF187
GO:0008283	HES5
GO:0008283	RC3H1
GO:0008283	Q5TCX1
GO:0008283	PRAMEF5
GO:0008283	ANKRD45
GO:0008283	Q5U071
GO:0008283	EMC10
GO:0008283	PRAMEF20
GO:0008283	PRAMEF17
GO:0008283	IL23R
GO:0008283	PRAMEF8
GO:0008283	PRAMEF13
GO:0008283	DAB2IP
GO:0008283	PRAMEF6
GO:0008283	PRAMEF7
GO:0008283	IER5
GO:0008283	NAA35
GO:0008283	USPL1
GO:0008283	TNS2
GO:0008283	KANK2
GO:0008283	Q647J8
GO:0008283	DKFZp666O0110
GO:0008283	ARID2
GO:0008283	DKFZp781F1414
GO:0008283	RNF43
GO:0008283	IRAK4
GO:0008283	BICRAL
GO:0008283	DKFZp686A03134
GO:0008283	PLAG1
GO:0008283	SCRG1
GO:0008283	FGFR-4
GO:0008283	NANOGP8
GO:0008283	TRNP1
GO:0008283	CDC73
GO:0008283	MEAK7
GO:0008283	FIGNL1
GO:0008283	RHBDF2
GO:0008283	LARP1
GO:0008283	BRICD5
GO:0008283	CEMP1
GO:0008283	Q6QBS1
GO:0008283	SCAND3
GO:0008283	RICTOR
GO:0008283	USP17L2
GO:0008283	DUX4L9
GO:0008283	SMARCD3
GO:0008283	Q6U6I7
GO:0008283	REG3G
GO:0008283	ATRAID
GO:0008283	IL27RA
GO:0008283	GPR15LG
GO:0008283	C6orf89
GO:0008283	ENPP7
GO:0008283	ANGPTL8
GO:0008283	IL20RB
GO:0008283	TFAP2E
GO:0008283	VEGF
GO:0008283	SLC39A5
GO:0008283	FLJ00321
GO:0008283	FLJ00283
GO:0008283	Q6ZNU2
GO:0008283	RBPMS2
GO:0008283	ZBTB49
GO:0008283	Q6ZSD0
GO:0008283	NCCRP1
GO:0008283	STXBP4
GO:0008283	MED25
GO:0008283	WUGSC:H_NH0244E06.1
GO:0008283	VASH1
GO:0008283	NLRC3
GO:0008283	SCX
GO:0008283	PID1
GO:0008283	NEGR1
GO:0008283	DKFZp686J1169
GO:0008283	ERAS
GO:0008283	BNIPL
GO:0008283	AKNA
GO:0008283	TAFA5
GO:0008283	TAFA1
GO:0008283	PODN
GO:0008283	SH3RF1
GO:0008283	NRARP
GO:0008283	TFAP2D
GO:0008283	DKFZp451O0517
GO:0008283	Q86TP4
GO:0008283	Q86TY5
GO:0008283	PBRM1
GO:0008283	SAPCD2
GO:0008283	MAGI2
GO:0008283	SACK1A
GO:0008283	VASH2
GO:0008283	HOOK3
GO:0008283	TSPYL5
GO:0008283	CARM1
GO:0008283	GKN2
GO:0008283	CACUL1
GO:0008283	Q86YF2
GO:0008283	PDPN
GO:0008283	JAML
GO:0008283	RASAL3
GO:0008283	IFNL1
GO:0008283	IFNLR1
GO:0008283	P3H2
GO:0008283	P3H3
GO:0008283	CCDC117
GO:0008283	SULF1
GO:0008283	SGPP2
GO:0008283	CHERP
GO:0008283	CCAR1
GO:0008283	SIRT2
GO:0008283	DIS3L2
GO:0008283	RTKN2
GO:0008283	ABI1
GO:0008283	MYOCD
GO:0008283	CLECL1
GO:0008283	GCNT2
GO:0008283	RPTOR
GO:0008283	BCL6B
GO:0008283	SIX5
GO:0008283	DYNAP
GO:0008283	GAPT
GO:0008283	Q8N2H2
GO:0008283	OSR2
GO:0008283	AGGF1
GO:0008283	FBXW8
GO:0008283	SDR16C5
GO:0008283	LILRB2
GO:0008283	OGFOD1
GO:0008283	CLDN19
GO:0008283	EID2
GO:0008283	OTUD6B
GO:0008283	IL22RA1
GO:0008283	SIRT6
GO:0008283	LRRC17
GO:0008283	NANOGP1
GO:0008283	BMPER
GO:0008283	KDF1
GO:0008283	AQP11
GO:0008283	DIPK2A
GO:0008283	SHCBP1
GO:0008283	ACVR1C
GO:0008283	APPL2
GO:0008283	CSNK2A3
GO:0008283	IL27
GO:0008283	DOCK8
GO:0008283	FLCN
GO:0008283	DBF4B
GO:0008283	NLGN2
GO:0008283	CADM4
GO:0008283	LILRB4
GO:0008283	LILRB1
GO:0008283	KDM2B
GO:0008283	Q8NHX0
GO:0008283	IL31RA
GO:0008283	OSR1
GO:0008283	FEZF2
GO:0008283	POC1B
GO:0008283	MAPK15
GO:0008283	Q8TD27
GO:0008283	TRPM4
GO:0008283	Q8TDA6
GO:0008283	CHD5
GO:0008283	DLG5
GO:0008283	HAVCR2
GO:0008283	GPBAR1
GO:0008283	TBCK
GO:0008283	RHBDD1
GO:0008283	RNF139
GO:0008283	MZB1
GO:0008283	SLC20A1
GO:0008283	BCL7C
GO:0008283	DCAF4
GO:0008283	TRAPPC14
GO:0008283	BTN2A2
GO:0008283	ZFPM2
GO:0008283	PHIP
GO:0008283	COPS9
GO:0008283	RXFP2
GO:0008283	ING5
GO:0008283	pp14762
GO:0008283	KCTD13
GO:0008283	TFAP2B
GO:0008283	MRPS27
GO:0008283	BAP1
GO:0008283	NR4A3
GO:0008283	TSC1
GO:0008283	NDRG1
GO:0008283	PTPRU
GO:0008283	TFAP2C
GO:0008283	RREB1
GO:0008283	PROX1
GO:0008283	DLG3
GO:0008283	N4BP2L2
GO:0008283	HAS2
GO:0008283	KAT2B
GO:0008283	NELL1
GO:0008283	GHSR
GO:0008283	CELF1
GO:0008283	GATA6
GO:0008283	FGF13
GO:0008283	MAP4K1
GO:0008283	SMARCC1
GO:0008283	BAD
GO:0008283	FOXJ1
GO:0008283	TNFRSF14
GO:0008283	ARHGEF2
GO:0008283	GLMN
GO:0008283	USP13
GO:0008283	H2AC6
GO:0008283	WNT2B
GO:0008283	TSLP
GO:0008283	FBXW7
GO:0008283	MYDGF
GO:0008283	TBRG4
GO:0008283	TENT5B
GO:0008283	TP53INP1
GO:0008283	RERG
GO:0008283	MARVELD3
GO:0008283	FERMT2
GO:0008283	TMIGD2
GO:0008283	PINX1
GO:0008283	TESC
GO:0008283	BIRC7
GO:0008283	RHBDF1
GO:0008283	NUS1
GO:0008283	SIRT1
GO:0008283	SAAL1
GO:0008283	ZNF503
GO:0008283	IL17RA
GO:0008283	CERS2
GO:0008283	SMARCD1
GO:0008283	CDCA7L
GO:0008283	Q96GZ3
GO:0008283	DDRGK1
GO:0008283	PAWR
GO:0008283	CDK5RAP3
GO:0008283	CLMN
GO:0008283	MEGF10
GO:0008283	Q96LE1
GO:0008283	CNOT6L
GO:0008283	DOCK7
GO:0008283	MUS81
GO:0008283	FCRL3
GO:0008283	NOX5
GO:0008283	ALKBH3
GO:0008283	KIF20B
GO:0008283	DLC1
GO:0008283	ATAD5
GO:0008283	SCGB3A1
GO:0008283	Q96QR3
GO:0008283	NACC1
GO:0008283	TNFRSF13C
GO:0008283	IL4I1
GO:0008283	USP28
GO:0008283	TRIB1
GO:0008283	NODAL
GO:0008283	PPP1R9B
GO:0008283	ATOH8
GO:0008283	PPP1R16B
GO:0008283	UHRF1
GO:0008283	NIBAN2
GO:0008283	YME1L1
GO:0008283	Q96TE0
GO:0008283	CSF3R
GO:0008283	HBEGF
GO:0008283	AMELX
GO:0008283	GML
GO:0008283	CD180
GO:0008283	S1PR3
GO:0008283	GPER1
GO:0008283	LGMN
GO:0008283	TBX5
GO:0008283	TEAD3
GO:0008283	ELF4
GO:0008283	CDX2
GO:0008283	COPS8
GO:0008283	OSMR
GO:0008283	IL12RB2
GO:0008283	CGREF1
GO:0008283	CGRRF1
GO:0008283	MEIS3
GO:0008283	PITX2
GO:0008283	CCL19
GO:0008283	CDC6
GO:0008283	NKX3-1
GO:0008283	CIB1
GO:0008283	MYD88
GO:0008283	ASCL2
GO:0008283	CITED1
GO:0008283	CITED2
GO:0008283	RETNLB
GO:0008283	BCL7B
GO:0008283	EIF2AK1
GO:0008283	FERMT1
GO:0008283	OCSTAMP
GO:0008283	OVOL2
GO:0008283	ATG101
GO:0008283	BTBD10
GO:0008283	TINF2
GO:0008283	SLC25A33
GO:0008283	FUZ
GO:0008283	PDCD10
GO:0008283	MENT
GO:0008283	RNF126
GO:0008283	GNL3
GO:0008283	TIPIN
GO:0008283	ZNF416
GO:0008283	CDCA7
GO:0008283	CLEC7A
GO:0008283	EMILIN2
GO:0008283	CADM1
GO:0008283	ACE2
GO:0008283	NFKBIZ
GO:0008283	GTPBP4
GO:0008283	PLA2G2F
GO:0008283	FOXP3
GO:0008283	Q9BZY1
GO:0008283	FTO
GO:0008283	PDGFD
GO:0008283	DERL2
GO:0008283	WWTR1
GO:0008283	FGF23
GO:0008283	TWSG1
GO:0008283	CHRNA10
GO:0008283	LACRT
GO:0008283	RAB33B
GO:0008283	RACGAP1
GO:0008283	SDCBP2
GO:0008283	ECRG4
GO:0008283	OR51E2
GO:0008283	IL25
GO:0008283	PDCL3
GO:0008283	TNMD
GO:0008283	CHRD
GO:0008283	EPB41L4B
GO:0008283	FOXP1
GO:0008283	TXNIP
GO:0008283	KDM4C
GO:0008283	SACK1D
GO:0008283	RNF41
GO:0008283	RGCC
GO:0008283	HEATR1
GO:0008283	GAREM1
GO:0008283	FLJ00053
GO:0008283	VSIR
GO:0008283	ZNF703
GO:0008283	NAA60
GO:0008283	YY1AP1
GO:0008283	BRD9
GO:0008283	MARCHF7
GO:0008283	AGO3
GO:0008283	AKIRIN1
GO:0008283	LIN28A
GO:0008283	IL21
GO:0008283	SLAM
GO:0008283	PDF
GO:0008283	ARNT2
GO:0008283	PROK2
GO:0008283	NOD2
GO:0008283	CBX8
GO:0008283	CRLF2
GO:0008283	GDPD2
GO:0008283	FGF22
GO:0008283	ZNF304
GO:0008283	WDR6
GO:0008283	CD209
GO:0008283	Q9NP35
GO:0008283	SINHCAF
GO:0008283	AMBN
GO:0008283	MLXIPL
GO:0008283	FGF20
GO:0008283	SIX2
GO:0008283	CD320
GO:0008283	IL23A
GO:0008283	FZD3
GO:0008283	NOX4
GO:0008283	IL26
GO:0008283	ESM1
GO:0008283	TCF7L2
GO:0008283	RTN4
GO:0008283	RPRD1B
GO:0008283	DLL4
GO:0008283	TLR9
GO:0008283	PDGFC
GO:0008283	SMYD2
GO:0008283	DISC1
GO:0008283	C8orf17
GO:0008283	IL17RB
GO:0008283	HELLS
GO:0008283	LTBP3
GO:0008283	GKN1
GO:0008283	FGF21
GO:0008283	ATP8A2
GO:0008283	PDS5B
GO:0008283	TMEM14B
GO:0008283	SLC39A9
GO:0008283	ACER3
GO:0008283	SETD4
GO:0008283	BEX4
GO:0008283	GID8
GO:0008283	MIOS
GO:0008283	SPHK1
GO:0008283	HOXC10
GO:0008283	HMG1
GO:0008283	Q9NYG6
GO:0008283	TREM2
GO:0008283	BICRA
GO:0008283	CD274
GO:0008283	FOXJ2
GO:0008283	SH3BP4
GO:0008283	IFNK
GO:0008283	SIRPG
GO:0008283	PIM2
GO:0008283	JCAD
GO:0008283	PAK5
GO:0008283	DISP3
GO:0008283	DELEC1
GO:0008283	c-erbB proto-oncogene
GO:0008283	CLCF1
GO:0008283	PPARGC1A
GO:0008283	ASH2L
GO:0008283	GABBR1
GO:0008283	GHRL
GO:0008283	WNT16
GO:0008283	B4GALT7
GO:0008283	DUX4
GO:0008283	FBLN5
GO:0008283	Q9UE57
GO:0008283	CNOT8
GO:0008283	TES
GO:0008283	CD300A
GO:0008283	CNTNAP2
GO:0008283	EGFL7
GO:0008283	IL20RA
GO:0008283	DDX20
GO:0008283	SERTAD1
GO:0008283	NRBP1
GO:0008283	ATP5IF1
GO:0008283	SIX4
GO:0008283	CNOT7
GO:0008283	ERRFI1
GO:0008283	LEF1
GO:0008283	DDX41
GO:0008283	GDF2
GO:0008283	ZNF580
GO:0008283	ING1
GO:0008283	FBXO5
GO:0008283	IKZF3
GO:0008283	VAV3
GO:0008283	TENM1
GO:0008283	PLAAT4
GO:0008283	TCFL5
GO:0008283	TRPC5
GO:0008283	ZNF777
GO:0008283	WWC3
GO:0008283	CCPG1
GO:0008283	PLXNB3
GO:0008283	CNOT6
GO:0008283	NDRG4
GO:0008283	ZNRF3
GO:0008283	APLN
GO:0008283	PYCARD
GO:0008283	FZR1
GO:0008283	HHLA2
GO:0008283	NOTCH3
GO:0008283	ALK
GO:0008283	BEK
GO:0008283	K-SAM
GO:0008283	TBX20
GO:0008283	BOK
GO:0008283	TNFSF18
GO:0008283	PLA2G2D
GO:0008283	ING4
GO:0008283	TIMELESS
GO:0008283	CEP131
GO:0008283	MINAR1
GO:0008283	SHANK2
GO:0008283	DICER1
GO:0008283	SHOC2
GO:0008283	GAB2
GO:0008283	MAPK8IP1
GO:0008283	SH2B3
GO:0008283	JAG2
GO:0008283	CLEC11A
GO:0008283	AKT3
GO:0008283	HPSE
GO:0008283	CCL26
GO:0008283	ANGPT4
GO:0008283	TNFSF13B
GO:0008283	ATF5
GO:0008283	AXIN2
GO:0008283	KLF13
GO:0008283	WNK2
GO:0008283	RAPGEF2
GO:0008283	IRS2
GO:0008283	LOXL2
GO:0008283	TRAF6
GO:0008283	RIPK3
GO:0008283	YTHDF2
GO:0008283	HILPDA
GO:0008283	DMRT1
GO:0008283	NOX1
GO:0008283	MAGED1
GO:0008283	EMILIN1
GO:0008283	ROBO1
GO:0008283	TNFRSF11A
GO:0008283	NUMBL
GO:0008283	SCIN
GO:0008283	DUSP10
GO:0008283	MYO16
GO:0008283	p14ARF
GO:0008283	R9W9B1
GO:0008283	FGFR2-AHCYL1
GO:0008283	FGFR2-BICC1
GO:0008283	HEL-S-51e
GO:0008283	HEL-S-167mP
GO:0008283	HEL-S-22
GO:0008283	HEL-S-43
GO:0008284	SMAD4
GO:0008284	A0A024R3Y4
GO:0008284	MNAT1
GO:0008284	A0A024R6G3
GO:0008284	FAK
GO:0008284	SSBP3
GO:0008284	FGFR2
GO:0008284	FGFR1
GO:0008284	PRAMEF9
GO:0008284	FGF2
GO:0008284	VEGFA
GO:0008284	TNFSF13
GO:0008284	PDGFA
GO:0008284	FOXE3
GO:0008284	TNFSF12-TNFSF13
GO:0008284	PTPN22
GO:0008284	A0A0B4U6M2
GO:0008284	CD276
GO:0008284	AGER
GO:0008284	PRAMEF33
GO:0008284	PRAMEF25
GO:0008284	ACVRL1
GO:0008284	BTC
GO:0008284	S100B
GO:0008284	NCK2
GO:0008284	TP63
GO:0008284	NCK1
GO:0008284	TNLG7B
GO:0008284	CD86
GO:0008284	A0A0Y0IMM4
GO:0008284	A0A0Y0J542
GO:0008284	PRAMEF18
GO:0008284	A0A140VJU3
GO:0008284	JAK2
GO:0008284	GHRHR
GO:0008284	ICOSLG
GO:0008284	TINCR
GO:0008284	FGFR3
GO:0008284	A0A384MEJ5
GO:0008284	A0A384NPR0
GO:0008284	A0A384NPY9
GO:0008284	A0A384NYY3
GO:0008284	A0A384P5C6
GO:0008284	TGFB1
GO:0008284	CD4
GO:0008284	EXTL3
GO:0008284	PTK2
GO:0008284	SRPK2
GO:0008284	KAT7
GO:0008284	PRAMEF22
GO:0008284	TGFBR2
GO:0008284	HDAC1
GO:0008284	ZNF335
GO:0008284	FGF1
GO:0008284	EGF
GO:0008284	HDAC2
GO:0008284	LYN
GO:0008284	MAPK1
GO:0008284	TGFB3
GO:0008284	SLAMF1
GO:0008284	FGFR4
GO:0008284	SLC35F6
GO:0008284	FLT4
GO:0008284	PDGFRB
GO:0008284	PTK2B
GO:0008284	TGFA
GO:0008284	MMP9
GO:0008284	EGFR
GO:0008284	PGF
GO:0008284	YAP1
GO:0008284	NRP1
GO:0008284	LRP5
GO:0008284	VEGFB
GO:0008284	HMGB1
GO:0008284	KITLG
GO:0008284	CSF1R
GO:0008284	CDK4
GO:0008284	HMGB2
GO:0008284	KDR
GO:0008284	NOTCH2
GO:0008284	CDK6
GO:0008284	NANOG
GO:0008284	PRKD2
GO:0008284	VEGFD
GO:0008284	PDGFRA
GO:0008284	MAPK3
GO:0008284	PDGFB
GO:0008284	EPGN
GO:0008284	ODAM
GO:0008284	A2NWD3
GO:0008284	SBNO1
GO:0008284	PRAMEF27
GO:0008284	NPY
GO:0008284	CCDC88B
GO:0008284	NKX2-6
GO:0008284	MEIS3P1
GO:0008284	RASSF10
GO:0008284	MEIS3P2
GO:0008284	A8K147
GO:0008284	A8K2T7
GO:0008284	A8K379
GO:0008284	IL11
GO:0008284	A8K4D1
GO:0008284	A8K4G3
GO:0008284	A8K4G9
GO:0008284	A8K632
GO:0008284	A8K6Q6
GO:0008284	A8K852
GO:0008284	A8K910
GO:0008284	A8K9J6
GO:0008284	A8K9V7
GO:0008284	A8KAM8
GO:0008284	A9CB80
GO:0008284	B2R6S4
GO:0008284	B2R7S9
GO:0008284	B2R7T2
GO:0008284	B2RAL4
GO:0008284	B2RC63
GO:0008284	HMGB1P1
GO:0008284	B3KUJ5
GO:0008284	B3KVH9
GO:0008284	B3KVJ2
GO:0008284	B3KWQ4
GO:0008284	B4DG18
GO:0008284	B4DG91
GO:0008284	B4DHN0
GO:0008284	B4DJ40
GO:0008284	B4DK26
GO:0008284	B4DNX3
GO:0008284	B4DQP9
GO:0008284	B4DVP5
GO:0008284	B4DVW0
GO:0008284	B4DY26
GO:0008284	B4DYV1
GO:0008284	B4E125
GO:0008284	B4E2E4
GO:0008284	RAGE
GO:0008284	VSTM2A
GO:0008284	NR2E1
GO:0008284	B7Z1W8
GO:0008284	B7Z2I3
GO:0008284	B7Z4D9
GO:0008284	B7Z507
GO:0008284	B7Z7K8
GO:0008284	B7Z885
GO:0008284	B7Z965
GO:0008284	B7Z986
GO:0008284	B7ZA28
GO:0008284	B7ZA61
GO:0008284	B7ZAT0
GO:0008284	NRP2
GO:0008284	FLT3LG
GO:0008284	PRAMEF1
GO:0008284	SERPINF2
GO:0008284	D2CGD1
GO:0008284	IL12A
GO:0008284	CD3E
GO:0008284	F2YGG7
GO:0008284	BNC1
GO:0008284	PRKD1
GO:0008284	EPO
GO:0008284	HCK
GO:0008284	PRAMEF26
GO:0008284	TMEM250
GO:0008284	I4AY87
GO:0008284	IL34
GO:0008284	EZR-ROS1
GO:0008284	K9MRS9
GO:0008284	K9MSY5
GO:0008284	ITGB3
GO:0008284	FZD9
GO:0008284	CCL24
GO:0008284	LGALS9
GO:0008284	CDC7
GO:0008284	PIK3CD
GO:0008284	MEIS1
GO:0008284	NR5A2
GO:0008284	CLDN5
GO:0008284	DLL1
GO:0008284	SDCBP
GO:0008284	CCN1
GO:0008284	WNT7A
GO:0008284	ADAM10
GO:0008284	KMT2D
GO:0008284	ITGB1BP1
GO:0008284	TERT
GO:0008284	MEIS2
GO:0008284	EREG
GO:0008284	TBX3
GO:0008284	BIRC5
GO:0008284	CFLAR
GO:0008284	FGF10
GO:0008284	PDPK1
GO:0008284	MAP3K7
GO:0008284	FGF16
GO:0008284	WDR62
GO:0008284	TBX1
GO:0008284	TNFSF12
GO:0008284	PRC1
GO:0008284	CHP2
GO:0008284	SOX15
GO:0008284	FGF17
GO:0008284	KDM1A
GO:0008284	GDF9
GO:0008284	GREM1
GO:0008284	PRAMEF10
GO:0008284	PRAMEF4
GO:0008284	PRAMEF2
GO:0008284	PRAMEF11
GO:0008284	DNAJA2
GO:0008284	FZD7
GO:0008284	PDCD6
GO:0008284	PITX3
GO:0008284	ERN1
GO:0008284	CRLF1
GO:0008284	SERPINB7
GO:0008284	BCAR3
GO:0008284	SASH3
GO:0008284	FGF18
GO:0008284	ACTL6B
GO:0008284	UFL1
GO:0008284	TOX
GO:0008284	GLCE
GO:0008284	S1PR2
GO:0008284	MFN2
GO:0008284	CCN4
GO:0008284	BMP10
GO:0008284	PRAMEF12
GO:0008284	STAMBP
GO:0008284	CEP43
GO:0008284	FGF19
GO:0008284	TBC1D8
GO:0008284	CLDN1
GO:0008284	GLP2R
GO:0008284	SLC25A27
GO:0008284	SYF2
GO:0008284	ACTL6A
GO:0008284	PNP
GO:0008284	ABL1
GO:0008284	AGT
GO:0008284	TIMP1
GO:0008284	MYC
GO:0008284	NRAS
GO:0008284	HRAS
GO:0008284	KRAS
GO:0008284	AVP
GO:0008284	CGA
GO:0008284	FSHB
GO:0008284	VIP
GO:0008284	GHRH
GO:0008284	INS
GO:0008284	IGF2
GO:0008284	LTA
GO:0008284	TNF
GO:0008284	IFNG
GO:0008284	IL1A
GO:0008284	IL1B
GO:0008284	IL2RA
GO:0008284	KRT6A
GO:0008284	LRG1
GO:0008284	FN1
GO:0008284	CXCL10
GO:0008284	TFRC
GO:0008284	LTF
GO:0008284	ANG
GO:0008284	PLA2G1B
GO:0008284	ANXA1
GO:0008284	CSF2
GO:0008284	PRNP
GO:0008284	CD74
GO:0008284	HLA-A
GO:0008284	HLA-DPB1
GO:0008284	ERBB2
GO:0008284	WNT1
GO:0008284	CAPNS1
GO:0008284	GNAI2
GO:0008284	IGF1
GO:0008284	IL4
GO:0008284	IL5
GO:0008284	SLC25A5
GO:0008284	IL6
GO:0008284	EDN1
GO:0008284	JUN
GO:0008284	REG1A
GO:0008284	HPN
GO:0008284	INSR
GO:0008284	CDK1
GO:0008284	S100A6
GO:0008284	NPM1
GO:0008284	ITGAV
GO:0008284	CAPN1
GO:0008284	CA3
GO:0008284	LAMB1
GO:0008284	THBS1
GO:0008284	SP1
GO:0008284	IGF1R
GO:0008284	GLI1
GO:0008284	CD55
GO:0008284	ELANE
GO:0008284	MMP2
GO:0008284	PTPRC
GO:0008284	FGF4
GO:0008284	FCGR3A
GO:0008284	IL3
GO:0008284	IL6R
GO:0008284	HTR1A
GO:0008284	ADRA2A
GO:0008284	NMB
GO:0008284	PKHD1
GO:0008284	WNT2
GO:0008284	HMOX1
GO:0008284	CSF1
GO:0008284	CSF3
GO:0008284	APELA
GO:0008284	PRAMEF15
GO:0008284	MYB
GO:0008284	AR
GO:0008284	RARA
GO:0008284	BCL2
GO:0008284	KIT
GO:0008284	CD28
GO:0008284	FGF6
GO:0008284	GHR
GO:0008284	LAMC1
GO:0008284	PIM1
GO:0008284	FGF3
GO:0008284	DMD
GO:0008284	FGF5
GO:0008284	PTHLH
GO:0008284	BMP2
GO:0008284	BMP4
GO:0008284	IL7
GO:0008284	CRIPTO
GO:0008284	CYBA
GO:0008284	CCL5
GO:0008284	SCG2
GO:0008284	ITGA4
GO:0008284	OSM
GO:0008284	F3
GO:0008284	HLA-E
GO:0008284	GFAP
GO:0008284	EDN3
GO:0008284	MIF
GO:0008284	FOLR2
GO:0008284	HCLS1
GO:0008284	DRD2
GO:0008284	CCNB1
GO:0008284	IL2RB
GO:0008284	LIF
GO:0008284	IL9
GO:0008284	ATF2
GO:0008284	FOSL1
GO:0008284	HPGD
GO:0008284	CSF2RA
GO:0008284	AREG
GO:0008284	HTN3
GO:0008284	CD46
GO:0008284	NME1
GO:0008284	CD1D
GO:0008284	EPCAM
GO:0008284	POR
GO:0008284	PRLR
GO:0008284	TSHR
GO:0008284	FER
GO:0008284	IL7R
GO:0008284	ZNF16
GO:0008284	PRKCA
GO:0008284	ITGA2
GO:0008284	GJA1
GO:0008284	CHRNB2
GO:0008284	XBP1
GO:0008284	CR1
GO:0008284	FLT1
GO:0008284	IGFBP2
GO:0008284	EGR1
GO:0008284	ATF3
GO:0008284	PLCG1
GO:0008284	VCAM1
GO:0008284	HLA-DPA1
GO:0008284	CCNA2
GO:0008284	POU3F3
GO:0008284	POU3F2
GO:0008284	TAC1
GO:0008284	ITGAX
GO:0008284	NTF3
GO:0008284	EDN2
GO:0008284	PTN
GO:0008284	FLNA
GO:0008284	S1PR1
GO:0008284	TNFAIP3
GO:0008284	C5AR1
GO:0008284	MDK
GO:0008284	ZP3
GO:0008284	FGF7
GO:0008284	ERBB3
GO:0008284	BMP5
GO:0008284	BMP6
GO:0008284	CDH3
GO:0008284	IL10
GO:0008284	NME2
GO:0008284	KCNA5
GO:0008284	TGM1
GO:0008284	NR4A1
GO:0008284	TNFSF4
GO:0008284	GATA2
GO:0008284	PRTN3
GO:0008284	CCND1
GO:0008284	EDNRB
GO:0008284	IGFBP5
GO:0008284	PRKCH
GO:0008284	CCNE1
GO:0008284	CDK2
GO:0008284	CXCR2
GO:0008284	CD24
GO:0008284	ADRA1D
GO:0008284	TACR1
GO:0008284	F2R
GO:0008284	DNMT1
GO:0008284	IL3RA
GO:0008284	CNTFR
GO:0008284	DPP4
GO:0008284	ARNT
GO:0008284	CALR
GO:0008284	PIK3R1
GO:0008284	HLA-DMB
GO:0008284	HTR1B
GO:0008284	HTR2A
GO:0008284	NMBR
GO:0008284	GRN
GO:0008284	CD38
GO:0008284	EPHB2
GO:0008284	PTPN6
GO:0008284	SHC1
GO:0008284	IL12B
GO:0008284	PML
GO:0008284	TYK2
GO:0008284	CD40LG
GO:0008284	AQP1
GO:0008284	PRDX3
GO:0008284	CD6
GO:0008284	CCND2
GO:0008284	CDC25B
GO:0008284	AVPR2
GO:0008284	TSPO
GO:0008284	AGTR1
GO:0008284	SLC7A1
GO:0008284	FGF9
GO:0008284	AKT1
GO:0008284	IL2RG
GO:0008284	CCKBR
GO:0008284	VIPR1
GO:0008284	GPR183
GO:0008284	CSF2RB
GO:0008284	CD70
GO:0008284	TTK
GO:0008284	SHMT2
GO:0008284	RYK
GO:0008284	GRK5
GO:0008284	CTNNB1
GO:0008284	IL13
GO:0008284	BMI1
GO:0008284	PHB1
GO:0008284	APLNR
GO:0008284	THBS4
GO:0008284	IRS1
GO:0008284	SOX11
GO:0008284	CHRNA7
GO:0008284	PPP1CC
GO:0008284	FLT3
GO:0008284	BMPR1A
GO:0008284	TGFBR1
GO:0008284	AVPR1A
GO:0008284	CDKN1A
GO:0008284	MMP12
GO:0008284	GDNF
GO:0008284	DCT
GO:0008284	IL6ST
GO:0008284	CEACAM6
GO:0008284	THPO
GO:0008284	MPL
GO:0008284	STAT3
GO:0008284	IL15
GO:0008284	LEP
GO:0008284	CASR
GO:0008284	WNT5A
GO:0008284	TNFSF9
GO:0008284	GRM5
GO:0008284	HTR2B
GO:0008284	CCR2
GO:0008284	PRKCI
GO:0008284	STAT1
GO:0008284	STAT5A
GO:0008284	AKR1C3
GO:0008284	PIK3CA
GO:0008284	MATK
GO:0008284	HELZ
GO:0008284	IL12RB1
GO:0008284	LIFR
GO:0008284	CXCL5
GO:0008284	PTGFR
GO:0008284	SSR1
GO:0008284	TNFRSF4
GO:0008284	NAMPT
GO:0008284	NOP2
GO:0008284	CRKL
GO:0008284	NOTCH1
GO:0008284	XCL1
GO:0008284	FASLG
GO:0008284	CXCL12
GO:0008284	REG1B
GO:0008284	LEPR
GO:0008284	SOX9
GO:0008284	NES
GO:0008284	CX3CR1
GO:0008284	FNTB
GO:0008284	DHPS
GO:0008284	VEGFC
GO:0008284	CAMP
GO:0008284	LIG4
GO:0008284	LHX2
GO:0008284	SMARCA2
GO:0008284	SMARCA4
GO:0008284	IRAK1
GO:0008284	CCL11
GO:0008284	CCR3
GO:0008284	EFNB2
GO:0008284	AKR1C2
GO:0008284	HMGA2
GO:0008284	PDX1
GO:0008284	NKX2-5
GO:0008284	MVD
GO:0008284	EPHA4
GO:0008284	EMP2
GO:0008284	AIF1
GO:0008284	FGF8
GO:0008284	NCKAP1L
GO:0008284	NAP1L1
GO:0008284	CDH13
GO:0008284	TPD52
GO:0008284	MAZ
GO:0008284	HDAC4
GO:0008284	CAV3
GO:0008284	SOX8
GO:0008284	RAB25
GO:0008284	TIRAP
GO:0008284	CD81
GO:0008284	PTEN
GO:0008284	IL2
GO:0008284	ACTB
GO:0008284	CDC42
GO:0008284	TGFB2
GO:0008284	RPS15A
GO:0008284	CNBP
GO:0008284	RPS4X
GO:0008284	RPS6
GO:0008284	RPL23
GO:0008284	CSNK2A1
GO:0008284	P69208
GO:0008284	PRAME
GO:0008284	CX3CL1
GO:0008284	ADAM17
GO:0008284	HMGN5
GO:0008284	RHOG
GO:0008284	LRP2
GO:0008284	HNRNPU
GO:0008284	MDM2
GO:0008284	E2F1
GO:0008284	INSM1
GO:0008284	IL5RA
GO:0008284	SLC7A5
GO:0008284	NRG1
GO:0008284	ID2
GO:0008284	TEK
GO:0008284	PAX2
GO:0008284	TGFBR3
GO:0008284	PPARD
GO:0008284	RELA
GO:0008284	MST1R
GO:0008284	EGR4
GO:0008284	REG3A
GO:0008284	BTK
GO:0008284	RBPJ
GO:0008284	MEF2C
GO:0008284	EGR3
GO:0008284	SOX4
GO:0008284	TJP1
GO:0008284	FOXM1
GO:0008284	PPP3CA
GO:0008284	DHX9
GO:0008284	IL10RB
GO:0008284	CD47
GO:0008284	BST1
GO:0008284	BST2
GO:0008284	CDC20
GO:0008284	ZP4
GO:0008284	STX4
GO:0008284	TSPAN31
GO:0008284	IL24
GO:0008284	TIAM1
GO:0008284	PRKAA1
GO:0008284	BAMBI
GO:0008284	PAK1
GO:0008284	FADD
GO:0008284	MAP2K5
GO:0008284	TBX2
GO:0008284	SRSF6
GO:0008284	STX3
GO:0008284	NFATC2
GO:0008284	TCIRG1
GO:0008284	SEMA5A
GO:0008284	CUL3
GO:0008284	IL10RA
GO:0008284	LAMC2
GO:0008284	NACA
GO:0008284	KLF5
GO:0008284	IL18
GO:0008284	EBI3
GO:0008284	GAS6
GO:0008284	HES1
GO:0008284	FGFBP1
GO:0008284	SCN5A
GO:0008284	ZNF268
GO:0008284	IHH
GO:0008284	IL11RA
GO:0008284	IL13RA2
GO:0008284	INSL4
GO:0008284	MEF2D
GO:0008284	KIF14
GO:0008284	P2RY6
GO:0008284	ERBB4
GO:0008284	SHH
GO:0008284	SS18
GO:0008284	TSC22D1
GO:0008284	NPY5R
GO:0008284	EZH2
GO:0008284	NTRK3
GO:0008284	IL-2
GO:0008284	CARTPT
GO:0008284	ECM1
GO:0008284	CTF1
GO:0008284	NTRK2
GO:0008284	CCL14
GO:0008284	HIF1A
GO:0008284	DDR2
GO:0008284	PTPRN
GO:0008284	Q2TTR7
GO:0008284	TMEM119
GO:0008284	BCL7A
GO:0008284	Q53G05
GO:0008284	LBH
GO:0008284	GIG8
GO:0008284	TNFSF6
GO:0008284	EAPP
GO:0008284	Q59EB0
GO:0008284	Q59ED0
GO:0008284	Q59F20
GO:0008284	Q59FH5
GO:0008284	Q59FL8
GO:0008284	Q59GM4
GO:0008284	Q59GM6
GO:0008284	Q59GN8
GO:0008284	Q59GW1
GO:0008284	SPDYA
GO:0008284	ACER2
GO:0008284	TNLG1E
GO:0008284	LDLRAP1
GO:0008284	PRAMEF14
GO:0008284	PRAMEF19
GO:0008284	RNF187
GO:0008284	HES5
GO:0008284	PRAMEF5
GO:0008284	Q5U071
GO:0008284	EMC10
GO:0008284	PRAMEF20
GO:0008284	PRAMEF17
GO:0008284	IL23R
GO:0008284	PRAMEF8
GO:0008284	PRAMEF13
GO:0008284	PRAMEF6
GO:0008284	PRAMEF7
GO:0008284	Q647J8
GO:0008284	DKFZp666O0110
GO:0008284	DKFZp781F1414
GO:0008284	IRAK4
GO:0008284	BICRAL
GO:0008284	DKFZp686A03134
GO:0008284	PLAG1
GO:0008284	FGFR-4
GO:0008284	NANOGP8
GO:0008284	Q6QBS1
GO:0008284	SCAND3
GO:0008284	RICTOR
GO:0008284	SMARCD3
GO:0008284	Q6U6I7
GO:0008284	REG3G
GO:0008284	VEGF
GO:0008284	RBPMS2
GO:0008284	NCCRP1
GO:0008284	STXBP4
GO:0008284	WUGSC:H_NH0244E06.1
GO:0008284	SCX
GO:0008284	PID1
GO:0008284	DKFZp686J1169
GO:0008284	ERAS
GO:0008284	DKFZp451O0517
GO:0008284	SAPCD2
GO:0008284	VASH2
GO:0008284	TSPYL5
GO:0008284	CARM1
GO:0008284	CACUL1
GO:0008284	JAML
GO:0008284	RASAL3
GO:0008284	CCDC117
GO:0008284	CCAR1
GO:0008284	RTKN2
GO:0008284	CLECL1
GO:0008284	GCNT2
GO:0008284	RPTOR
GO:0008284	DYNAP
GO:0008284	Q8N2H2
GO:0008284	OSR2
GO:0008284	AGGF1
GO:0008284	LILRB2
GO:0008284	SFRP1
GO:0008284	SIRT6
GO:0008284	NANOGP1
GO:0008284	AQP11
GO:0008284	CSNK2A3
GO:0008284	DBF4B
GO:0008284	NLGN2
GO:0008284	Q8NHX0
GO:0008284	IL31RA
GO:0008284	OSR1
GO:0008284	MAPK15
GO:0008284	TRPM4
GO:0008284	HAVCR2
GO:0008284	GPBAR1
GO:0008284	MZB1
GO:0008284	BCL7C
GO:0008284	ZFPM2
GO:0008284	PHIP
GO:0008284	COPS9
GO:0008284	TFAP2B
GO:0008284	NR4A3
GO:0008284	RREB1
GO:0008284	PROX1
GO:0008284	N4BP2L2
GO:0008284	HAS2
GO:0008284	GHSR
GO:0008284	GATA6
GO:0008284	SMARCC1
GO:0008284	BAD
GO:0008284	TSLP
GO:0008284	MYDGF
GO:0008284	TBRG4
GO:0008284	FERMT2
GO:0008284	TMIGD2
GO:0008284	NUS1
GO:0008284	SIRT1
GO:0008284	SAAL1
GO:0008284	SMARCD1
GO:0008284	CDCA7L
GO:0008284	Q96GZ3
GO:0008284	SFRP2
GO:0008284	DDRGK1
GO:0008284	MEGF10
GO:0008284	Q96LE1
GO:0008284	CNOT6L
GO:0008284	FCRL3
GO:0008284	KIF20B
GO:0008284	Q96QR3
GO:0008284	NACC1
GO:0008284	TNFRSF13C
GO:0008284	NODAL
GO:0008284	PPP1R16B
GO:0008284	CSF3R
GO:0008284	HBEGF
GO:0008284	S1PR3
GO:0008284	GPER1
GO:0008284	LGMN
GO:0008284	CDX2
GO:0008284	OSMR
GO:0008284	IL12RB2
GO:0008284	MEIS3
GO:0008284	PITX2
GO:0008284	CCL19
GO:0008284	CDC6
GO:0008284	NKX3-1
GO:0008284	CIB1
GO:0008284	MYD88
GO:0008284	CITED1
GO:0008284	BCL7B
GO:0008284	OCSTAMP
GO:0008284	SLC25A33
GO:0008284	PDCD10
GO:0008284	TIPIN
GO:0008284	CLEC7A
GO:0008284	PDGFD
GO:0008284	DERL2
GO:0008284	WWTR1
GO:0008284	FGF23
GO:0008284	LACRT
GO:0008284	PDCL3
GO:0008284	CHRD
GO:0008284	FOXP1
GO:0008284	KDM4C
GO:0008284	RGCC
GO:0008284	GAREM1
GO:0008284	ZNF703
GO:0008284	BRD9
GO:0008284	MARCHF7
GO:0008284	LIN28A
GO:0008284	IL21
GO:0008284	SLAM
GO:0008284	PDF
GO:0008284	ARNT2
GO:0008284	NOD2
GO:0008284	CBX8
GO:0008284	CRLF2
GO:0008284	FGF22
GO:0008284	ZNF304
GO:0008284	CD209
GO:0008284	SINHCAF
GO:0008284	MLXIPL
GO:0008284	FGF20
GO:0008284	SIX2
GO:0008284	CD320
GO:0008284	IL23A
GO:0008284	FZD3
GO:0008284	ESM1
GO:0008284	TCF7L2
GO:0008284	RTN4
GO:0008284	RPRD1B
GO:0008284	DLL4
GO:0008284	TLR9
GO:0008284	PDGFC
GO:0008284	DISC1
GO:0008284	C8orf17
GO:0008284	LTBP3
GO:0008284	FGF21
GO:0008284	ACER3
GO:0008284	GID8
GO:0008284	SPHK1
GO:0008284	HOXC10
GO:0008284	HMG1
GO:0008284	BICRA
GO:0008284	CD274
GO:0008284	FOXJ2
GO:0008284	SIRPG
GO:0008284	JCAD
GO:0008284	DISP3
GO:0008284	CLCF1
GO:0008284	ASH2L
GO:0008284	GHRL
GO:0008284	FBLN5
GO:0008284	Q9UE57
GO:0008284	CNOT8
GO:0008284	EGFL7
GO:0008284	ADAMTS1
GO:0008284	SERTAD1
GO:0008284	CNOT7
GO:0008284	LEF1
GO:0008284	GDF2
GO:0008284	ZNF580
GO:0008284	FBXO5
GO:0008284	VAV3
GO:0008284	TRPC5
GO:0008284	CCPG1
GO:0008284	PLXNB3
GO:0008284	CNOT6
GO:0008284	APLN
GO:0008284	PYCARD
GO:0008284	FZR1
GO:0008284	HHLA2
GO:0008284	NOTCH3
GO:0008284	BEK
GO:0008284	K-SAM
GO:0008284	TBX20
GO:0008284	CEP131
GO:0008284	SHANK2
GO:0008284	GAB2
GO:0008284	CLEC11A
GO:0008284	AKT3
GO:0008284	HPSE
GO:0008284	CCL26
GO:0008284	TNFSF13B
GO:0008284	IRS2
GO:0008284	TRAF6
GO:0008284	HILPDA
GO:0008284	NOX1
GO:0008284	TNFRSF11A
GO:0008284	R9W9B1
GO:0008284	FGFR2-AHCYL1
GO:0008284	FGFR2-BICC1
GO:0008284	HEL-S-51e
GO:0008284	HEL-S-167mP
GO:0016477	A0A024R0C8
GO:0016477	RHOA
GO:0016477	A0A024R693
GO:0016477	GPR56
GO:0016477	RCC2
GO:0016477	PTPRT
GO:0016477	PECAM1
GO:0016477	EPPK1
GO:0016477	CCL5
GO:0016477	IGFBP3
GO:0016477	CCL16
GO:0016477	LAMA2
GO:0016477	TNN
GO:0016477	AKT1
GO:0016477	SLIT2
GO:0016477	CCL14
GO:0016477	TMSB15C
GO:0016477	CCL15
GO:0016477	FGF2
GO:0016477	ASTN2
GO:0016477	LAMA3
GO:0016477	LAMA4
GO:0016477	PTPN22
GO:0016477	CCL15-CCL14
GO:0016477	CXCL14
GO:0016477	AGER
GO:0016477	SELL
GO:0016477	PHACTR4
GO:0016477	CCL4L2
GO:0016477	IQGAP1
GO:0016477	CD300H
GO:0016477	CRK
GO:0016477	CXCR3
GO:0016477	SELP
GO:0016477	NDRG4
GO:0016477	CLASP2
GO:0016477	FERMT2
GO:0016477	KIT
GO:0016477	CXCR4
GO:0016477	AKT2
GO:0016477	TNLG2A
GO:0016477	A0A140VJI3
GO:0016477	A0A140VJU3
GO:0016477	A0A140VK07
GO:0016477	A0A140VKF3
GO:0016477	NSMF
GO:0016477	DCX
GO:0016477	HMGB1
GO:0016477	PIK3CD
GO:0016477	A0A384MEG1
GO:0016477	A0A384MEK5
GO:0016477	A0A384MQX1
GO:0016477	A0A384MTV1
GO:0016477	A0A384NYY3
GO:0016477	ITGB2
GO:0016477	PRKCD
GO:0016477	TGFB1
GO:0016477	VEGFA
GO:0016477	ADGRG1
GO:0016477	AKT3
GO:0016477	CXCL16
GO:0016477	PAFAH1B1
GO:0016477	MACF1
GO:0016477	RELN
GO:0016477	KANK1
GO:0016477	A0A8I5KW61
GO:0016477	C5
GO:0016477	STK39
GO:0016477	PLCG2
GO:0016477	CLASP1
GO:0016477	FERMT3
GO:0016477	PTPRJ
GO:0016477	A0A994J514
GO:0016477	PALLD
GO:0016477	CXCL5
GO:0016477	DLC1
GO:0016477	CCL21
GO:0016477	TGFBR1
GO:0016477	ITGB7
GO:0016477	PKN3
GO:0016477	OXSR1
GO:0016477	TEK
GO:0016477	MIIP
GO:0016477	ASAP3
GO:0016477	EPHA2
GO:0016477	FGF1
GO:0016477	PKN2
GO:0016477	LGALS9
GO:0016477	LYN
GO:0016477	PODXL
GO:0016477	PTPRK
GO:0016477	CD2AP
GO:0016477	SYK
GO:0016477	MAPK1
GO:0016477	FGR
GO:0016477	GAS6
GO:0016477	BCAR1
GO:0016477	P2RX4
GO:0016477	LGALS3
GO:0016477	PIK3CG
GO:0016477	FLT4
GO:0016477	SCAI
GO:0016477	THBS1
GO:0016477	PDGFRB
GO:0016477	PTK2B
GO:0016477	EPHB1
GO:0016477	LGALS9B
GO:0016477	ACVR1B
GO:0016477	CDC42BPB
GO:0016477	THY1
GO:0016477	CRKL
GO:0016477	PTP4A3
GO:0016477	NRP1
GO:0016477	PIK3CB
GO:0016477	CXCL2
GO:0016477	ACVR1C
GO:0016477	MADCAM1
GO:0016477	EPHB3
GO:0016477	LGALS9C
GO:0016477	SRC
GO:0016477	FERMT1
GO:0016477	PKN1
GO:0016477	FYN
GO:0016477	ZAP70
GO:0016477	F11R
GO:0016477	FLT1
GO:0016477	PLCG1
GO:0016477	CSF1
GO:0016477	ITGA11
GO:0016477	TBX21
GO:0016477	PIKFYVE
GO:0016477	CSF1R
GO:0016477	PRKCQ
GO:0016477	ASTN1
GO:0016477	TMEM102
GO:0016477	SEMA4D
GO:0016477	RHOC
GO:0016477	SRF
GO:0016477	KDR
GO:0016477	YES1
GO:0016477	STARD13
GO:0016477	JAM3
GO:0016477	MDK
GO:0016477	PTPRU
GO:0016477	LAMA1
GO:0016477	PRKD2
GO:0016477	KANK3
GO:0016477	F3
GO:0016477	JAM2
GO:0016477	CXCL1
GO:0016477	ITGB1BP1
GO:0016477	TMIGD1
GO:0016477	PDGFRA
GO:0016477	KANK2
GO:0016477	MAPK3
GO:0016477	PDGFB
GO:0016477	SHTN1
GO:0016477	CX3CL1
GO:0016477	CCR7
GO:0016477	CCL28
GO:0016477	CCL3
GO:0016477	PLEKHG3
GO:0016477	PRSS37
GO:0016477	RAC1
GO:0016477	SH3D21
GO:0016477	MAP2K1
GO:0016477	TCAF2
GO:0016477	FIGNL2
GO:0016477	GREM1
GO:0016477	A6XND0
GO:0016477	A6XND1
GO:0016477	WASHC1
GO:0016477	A8K119
GO:0016477	A8K147
GO:0016477	A8K1A2
GO:0016477	FGF13
GO:0016477	A8K1W3
GO:0016477	C3AR1
GO:0016477	A8K340
GO:0016477	A8K379
GO:0016477	PTPN1
GO:0016477	A8K4G2
GO:0016477	A8K4G3
GO:0016477	A8K4G9
GO:0016477	BMP7
GO:0016477	ADIPOQ
GO:0016477	A8K6L7
GO:0016477	A8K6S3
GO:0016477	NELF
GO:0016477	A8K8T0
GO:0016477	A8K9G9
GO:0016477	A8K9V7
GO:0016477	A8KAC4
GO:0016477	A8KAM8
GO:0016477	MYO1G
GO:0016477	B2R4J7
GO:0016477	B2R5J8
GO:0016477	B2R785
GO:0016477	B2R8H0
GO:0016477	B2R8H6
GO:0016477	B2RA70
GO:0016477	B2RAH3
GO:0016477	B2RAJ1
GO:0016477	B2RAX1
GO:0016477	B2RBL9
GO:0016477	HMGB1P1
GO:0016477	CCL27
GO:0016477	B3KN99
GO:0016477	B3KQ05
GO:0016477	B3KQN7
GO:0016477	B3KQV4
GO:0016477	B3KVF9
GO:0016477	B3KVH4
GO:0016477	B3KWW5
GO:0016477	B3KXB6
GO:0016477	B3KXH9
GO:0016477	B4DEZ5
GO:0016477	B4DFY3
GO:0016477	B4DGA3
GO:0016477	B4DHC3
GO:0016477	B4DHN0
GO:0016477	B4DJD7
GO:0016477	B4DKP4
GO:0016477	B4DL04
GO:0016477	B4DM06
GO:0016477	B4DM53
GO:0016477	B4DM73
GO:0016477	B4DMH0
GO:0016477	B4DNX3
GO:0016477	B4DP07
GO:0016477	B4DQA0
GO:0016477	B4DQY5
GO:0016477	B4DY26
GO:0016477	B4E0R1
GO:0016477	B4E125
GO:0016477	B4E143
GO:0016477	B4E176
GO:0016477	RAGE
GO:0016477	B7Z4E5
GO:0016477	B7Z506
GO:0016477	B7Z5R7
GO:0016477	B7Z5W1
GO:0016477	B7Z6W8
GO:0016477	B7Z7Q8
GO:0016477	B7Z8V3
GO:0016477	B7Z8Y6
GO:0016477	B7Z938
GO:0016477	B7Z965
GO:0016477	B7Z9T1
GO:0016477	NRP2
GO:0016477	B7ZM70
GO:0016477	LOC728835
GO:0016477	FFAR2
GO:0016477	CXCL8
GO:0016477	CCL25
GO:0016477	SPN
GO:0016477	GCSAM
GO:0016477	HIF1A
GO:0016477	CXCL6
GO:0016477	PTPRM
GO:0016477	CCR2
GO:0016477	GCSAML
GO:0016477	FAT3
GO:0016477	F6MF51
GO:0016477	PRKD1
GO:0016477	HCK
GO:0016477	TGFBR3L
GO:0016477	CDH5
GO:0016477	CCL2
GO:0016477	CCL13
GO:0016477	SMIM22
GO:0016477	EL52
GO:0016477	ITGB3
GO:0016477	KIF2A
GO:0016477	PDLIM1
GO:0016477	GPR25
GO:0016477	MYO1C
GO:0016477	MYO1F
GO:0016477	CCL24
GO:0016477	RHOD
GO:0016477	LGALS8
GO:0016477	CORT
GO:0016477	O00334
GO:0016477	FOXE1
GO:0016477	WASL
GO:0016477	CCRL2
GO:0016477	DNM1L
GO:0016477	PIK3C2A
GO:0016477	CLDN5
GO:0016477	USP9Y
GO:0016477	KRIT1
GO:0016477	SDCBP
GO:0016477	SOX1
GO:0016477	CXCR6
GO:0016477	ACKR2
GO:0016477	CCN1
GO:0016477	CCL22
GO:0016477	PIK3C2B
GO:0016477	WNT7A
GO:0016477	CLDN4
GO:0016477	PLPP3
GO:0016477	SOCS7
GO:0016477	ADGRB1
GO:0016477	TMSB4Y
GO:0016477	CXCL11
GO:0016477	TOR1A
GO:0016477	ADAM10
GO:0016477	TERT
GO:0016477	TNFSF11
GO:0016477	MSTN
GO:0016477	GIPC1
GO:0016477	FSCN2
GO:0016477	ZNF609
GO:0016477	PLXNB2
GO:0016477	SEMA3E
GO:0016477	SMAD7
GO:0016477	ANGPT2
GO:0016477	LDLRAD4
GO:0016477	LAMA5
GO:0016477	DEFB4A
GO:0016477	OGT
GO:0016477	ALOX15B
GO:0016477	FOXN1
GO:0016477	ARPC5
GO:0016477	FGF10
GO:0016477	PDPK1
GO:0016477	CLDN3
GO:0016477	PLXNB1
GO:0016477	SEPTIN4
GO:0016477	EFS
GO:0016477	DAPK3
GO:0016477	SRGAP3
GO:0016477	MAP3K7
GO:0016477	FGF16
GO:0016477	WDR62
GO:0016477	TBX1
GO:0016477	KLF4
GO:0016477	TNFSF12
GO:0016477	FOXO3
GO:0016477	SPRY2
GO:0016477	SNAI2
GO:0016477	NCK2
GO:0016477	LDB2
GO:0016477	ACTN4
GO:0016477	NARS1
GO:0016477	CREB3
GO:0016477	VEGFD
GO:0016477	AIRE
GO:0016477	CXCL13
GO:0016477	FGF17
GO:0016477	SPAG9
GO:0016477	ZEB2
GO:0016477	PIP5K1C
GO:0016477	PLXNC1
GO:0016477	JAK2
GO:0016477	SRPX2
GO:0016477	CTNND1
GO:0016477	OPHN1
GO:0016477	MITF
GO:0016477	SRGAP2
GO:0016477	PLXNA2
GO:0016477	WDR1
GO:0016477	SLIT1
GO:0016477	SLIT3
GO:0016477	ROCK2
GO:0016477	CPNE3
GO:0016477	SIN3B
GO:0016477	SEMA7A
GO:0016477	PDCD6
GO:0016477	SAP30
GO:0016477	GPC4
GO:0016477	DAB1
GO:0016477	PIK3C2G
GO:0016477	CYP7B1
GO:0016477	PAK3
GO:0016477	CDKL5
GO:0016477	FGF18
GO:0016477	TRPM2
GO:0016477	MTA2
GO:0016477	STK10
GO:0016477	PLEKHG5
GO:0016477	SASH1
GO:0016477	SUN1
GO:0016477	SEMA3D
GO:0016477	SIX3
GO:0016477	CCN4
GO:0016477	BMP10
GO:0016477	BAG4
GO:0016477	FMNL1
GO:0016477	NTN1
GO:0016477	CEP43
GO:0016477	CRTAM
GO:0016477	FGF19
GO:0016477	SEMA4F
GO:0016477	IL33
GO:0016477	RIGI
GO:0016477	CER1
GO:0016477	MAP4K4
GO:0016477	CLDN1
GO:0016477	GNA14
GO:0016477	SNAI1
GO:0016477	EOMES
GO:0016477	ITGBL1
GO:0016477	RECK
GO:0016477	FAM107A
GO:0016477	CH25H
GO:0016477	AGR2
GO:0016477	APC2
GO:0016477	PAK4
GO:0016477	ABL1
GO:0016477	EGFR
GO:0016477	F10
GO:0016477	PLG
GO:0016477	PLAU
GO:0016477	PLAT
GO:0016477	AGT
GO:0016477	C3
GO:0016477	TIMP1
GO:0016477	HRAS
GO:0016477	EGF
GO:0016477	CGA
GO:0016477	FSHB
GO:0016477	CALCA
GO:0016477	INS
GO:0016477	TNF
GO:0016477	IFNG
GO:0016477	IL1B
GO:0016477	CD4
GO:0016477	COL1A1
GO:0016477	COL3A1
GO:0016477	KRT6A
GO:0016477	LMNA
GO:0016477	APOE
GO:0016477	APOH
GO:0016477	LRG1
GO:0016477	FN1
GO:0016477	PPBP
GO:0016477	PF4
GO:0016477	CXCL10
GO:0016477	ANG
GO:0016477	VTN
GO:0016477	PLA2G1B
GO:0016477	ANXA1
GO:0016477	PDGFA
GO:0016477	CSF2
GO:0016477	PRNP
GO:0016477	SOD2
GO:0016477	HRG
GO:0016477	MAS1
GO:0016477	CD74
GO:0016477	KRT6B
GO:0016477	HSPB1
GO:0016477	GNAI2
GO:0016477	IGF1
GO:0016477	APP
GO:0016477	APOD
GO:0016477	S100A8
GO:0016477	IL4
GO:0016477	SERPINE1
GO:0016477	IL6
GO:0016477	EDN1
GO:0016477	ICAM1
GO:0016477	ITGB1
GO:0016477	INSR
GO:0016477	LCK
GO:0016477	CCK
GO:0016477	CDK1
GO:0016477	ATP5F1B
GO:0016477	S100A9
GO:0016477	GPI
GO:0016477	ITGAV
GO:0016477	SERPINE2
GO:0016477	P4HB
GO:0016477	DCN
GO:0016477	HEXB
GO:0016477	PFN1
GO:0016477	HSP90AA1
GO:0016477	UMOD
GO:0016477	LAMB1
GO:0016477	RET
GO:0016477	SP1
GO:0016477	IGF1R
GO:0016477	NGFR
GO:0016477	ELANE
GO:0016477	MMP2
GO:0016477	CTSG
GO:0016477	ITGA2B
GO:0016477	PTPRC
GO:0016477	MET
GO:0016477	FGF4
GO:0016477	ITGA5
GO:0016477	F7
GO:0016477	KRT16
GO:0016477	IL6R
GO:0016477	ADRA2A
GO:0016477	CD63
GO:0016477	GSTP1
GO:0016477	MMP7
GO:0016477	VIL1
GO:0016477	SPARC
GO:0016477	TPM1
GO:0016477	HMOX1
GO:0016477	CTSH
GO:0016477	TACSTD2
GO:0016477	ALOX5
GO:0016477	TMSB15A
GO:0016477	TMSB15B
GO:0016477	SAA1
GO:0016477	SRGAP2C
GO:0016477	APELA
GO:0016477	SRGAP2B
GO:0016477	ADORA3
GO:0016477	TMIGD3
GO:0016477	DEFB130B
GO:0016477	DEFB130A
GO:0016477	RAP2A
GO:0016477	RRAS
GO:0016477	PTPRF
GO:0016477	CHGA
GO:0016477	PF4V1
GO:0016477	FGF6
GO:0016477	HSPA5
GO:0016477	LAMC1
GO:0016477	HSPA8
GO:0016477	BCR
GO:0016477	FGFR1
GO:0016477	PSG2
GO:0016477	FGF3
GO:0016477	FGF5
GO:0016477	ANXA3
GO:0016477	BMP2
GO:0016477	BMP4
GO:0016477	ACE
GO:0016477	CDH1
GO:0016477	IFITM1
GO:0016477	CCL4
GO:0016477	CRIPTO
GO:0016477	RNH1
GO:0016477	SCG2
GO:0016477	ICAM2
GO:0016477	ITGA4
GO:0016477	KRT5
GO:0016477	CEACAM1
GO:0016477	LCP1
GO:0016477	GFAP
GO:0016477	EDN3
GO:0016477	MIF
GO:0016477	FOLR2
GO:0016477	CD99
GO:0016477	HGF
GO:0016477	ATP1B2
GO:0016477	DRD2
GO:0016477	MMP9
GO:0016477	ETS1
GO:0016477	JUP
GO:0016477	GLUL
GO:0016477	RAC2
GO:0016477	FOLR1
GO:0016477	VAV1
GO:0016477	HTN1
GO:0016477	ARSB
GO:0016477	CD44
GO:0016477	ITGB4
GO:0016477	NCK1
GO:0016477	DPEP1
GO:0016477	SELE
GO:0016477	FER
GO:0016477	CCL3L1
GO:0016477	PRKCA
GO:0016477	ITGA2
GO:0016477	GJA1
GO:0016477	HOXB9
GO:0016477	ENG
GO:0016477	XBP1
GO:0016477	SPI1
GO:0016477	ITGB5
GO:0016477	ARF4
GO:0016477	VCL
GO:0016477	ITGB6
GO:0016477	CDH2
GO:0016477	VCAM1
GO:0016477	FUT1
GO:0016477	SLC9A1
GO:0016477	CXCL3
GO:0016477	AZU1
GO:0016477	TAC1
GO:0016477	ITGAL
GO:0016477	ITGAX
GO:0016477	NTF3
GO:0016477	EDN2
GO:0016477	EFNA1
GO:0016477	COL5A1
GO:0016477	FUT3
GO:0016477	PTN
GO:0016477	FLNA
GO:0016477	NF1
GO:0016477	S1PR1
GO:0016477	EPHA1
GO:0016477	DRD1
GO:0016477	C5AR1
GO:0016477	TBXA2R
GO:0016477	ZP3
GO:0016477	FGF7
GO:0016477	CD9
GO:0016477	BMP5
GO:0016477	FUT4
GO:0016477	CDH3
GO:0016477	IL10
GO:0016477	CCL1
GO:0016477	FGFR4
GO:0016477	NR4A1
GO:0016477	ITGA6
GO:0016477	PPIB
GO:0016477	PTPRB
GO:0016477	PTPRG
GO:0016477	SP100
GO:0016477	MCC
GO:0016477	ATP2B4
GO:0016477	GATA2
GO:0016477	GATA3
GO:0016477	PRTN3
GO:0016477	NR2F2
GO:0016477	GADD45A
GO:0016477	EDNRB
GO:0016477	IGFBP6
GO:0016477	IGFBP5
GO:0016477	TNC
GO:0016477	CXCR1
GO:0016477	CXCR2
GO:0016477	APC
GO:0016477	CD24
GO:0016477	FPR2
GO:0016477	EDNRA
GO:0016477	TACR1
GO:0016477	ACKR3
GO:0016477	F2R
GO:0016477	ATP5F1A
GO:0016477	S100P
GO:0016477	CD40
GO:0016477	ITGA3
GO:0016477	ITGB8
GO:0016477	MSN
GO:0016477	CTNNA2
GO:0016477	HMGB2
GO:0016477	KLRK1
GO:0016477	DPP4
GO:0016477	CALR
GO:0016477	DUSP1
GO:0016477	GRN
GO:0016477	CD34
GO:0016477	S100A2
GO:0016477	EPHA3
GO:0016477	EPHA8
GO:0016477	EPHB2
GO:0016477	ARID4A
GO:0016477	IL12A
GO:0016477	IL12B
GO:0016477	NOS3
GO:0016477	PML
GO:0016477	DDT
GO:0016477	AXL
GO:0016477	TSPO
GO:0016477	AGTR1
GO:0016477	SERPINB1
GO:0016477	CORO1A
GO:0016477	S100A7
GO:0016477	HOXA7
GO:0016477	FGF9
GO:0016477	SDC4
GO:0016477	S100A11
GO:0016477	L1CAM
GO:0016477	ARRB2
GO:0016477	CCR1
GO:0016477	GPR183
GO:0016477	CXCR5
GO:0016477	DSG3
GO:0016477	ABCC1
GO:0016477	PRSS3
GO:0016477	GPC1
GO:0016477	PFN2
GO:0016477	CTNNA1
GO:0016477	NF2
GO:0016477	PTGS2
GO:0016477	PTGER4
GO:0016477	THBS4
GO:0016477	MYH9
GO:0016477	ADD2
GO:0016477	BSG
GO:0016477	DDIT3
GO:0016477	SOX18
GO:0016477	KRT2
GO:0016477	FLT3
GO:0016477	BMPR1A
GO:0016477	SERPINF1
GO:0016477	ACVRL1
GO:0016477	PPARG
GO:0016477	RPS19
GO:0016477	MMP12
GO:0016477	GDNF
GO:0016477	CEACAM6
GO:0016477	MYCNOS
GO:0016477	STAT3
GO:0016477	ID1
GO:0016477	LEP
GO:0016477	CD200
GO:0016477	WNT5A
GO:0016477	NBL1
GO:0016477	HTR2B
GO:0016477	PRKCI
GO:0016477	STAT1
GO:0016477	STAT5A
GO:0016477	PIK3CA
GO:0016477	MTOR
GO:0016477	ABL2
GO:0016477	PRCP
GO:0016477	MCAM
GO:0016477	DCC
GO:0016477	NR4A2
GO:0016477	NKX2-1
GO:0016477	CCR10
GO:0016477	XCR1
GO:0016477	NOTCH1
GO:0016477	BDKRB1
GO:0016477	MAP2K3
GO:0016477	MAP1B
GO:0016477	P2RY1
GO:0016477	XCL1
GO:0016477	CXCL12
GO:0016477	SOX9
GO:0016477	CD151
GO:0016477	IDH2
GO:0016477	LHX1
GO:0016477	CCN3
GO:0016477	PXN
GO:0016477	CX3CR1
GO:0016477	PPM1F
GO:0016477	GPR15
GO:0016477	NUMB
GO:0016477	PGF
GO:0016477	VEGFB
GO:0016477	VEGFC
GO:0016477	GSK3B
GO:0016477	AGTR2
GO:0016477	MEOX2
GO:0016477	MMP14
GO:0016477	HTR6
GO:0016477	RAB13
GO:0016477	DUSP3
GO:0016477	INSL3
GO:0016477	MECP2
GO:0016477	GPC3
GO:0016477	CCL11
GO:0016477	GPM6A
GO:0016477	CCR3
GO:0016477	CCR4
GO:0016477	CCR5
GO:0016477	CCR6
GO:0016477	CCR8
GO:0016477	CCR9
GO:0016477	PLXNA3
GO:0016477	PRKX
GO:0016477	ARHGDIB
GO:0016477	VAV2
GO:0016477	EFNB2
GO:0016477	STC1
GO:0016477	ATN1
GO:0016477	EPHB4
GO:0016477	EPHA4
GO:0016477	EMP2
GO:0016477	SLURP1
GO:0016477	AIF1
GO:0016477	SLC12A2
GO:0016477	FGF8
GO:0016477	F2RL1
GO:0016477	NCKAP1L
GO:0016477	AFDN
GO:0016477	GP2
GO:0016477	CDH4
GO:0016477	CDH6
GO:0016477	CDH8
GO:0016477	CDH11
GO:0016477	CDH12
GO:0016477	CDH13
GO:0016477	CDH15
GO:0016477	CCL23
GO:0016477	CCL18
GO:0016477	XG
GO:0016477	GFRA1
GO:0016477	ITGA1
GO:0016477	MAZ
GO:0016477	SOX10
GO:0016477	WNT4
GO:0016477	SOX8
GO:0016477	SYNJ2BP
GO:0016477	RAB25
GO:0016477	CORO7
GO:0016477	ADAMTS12
GO:0016477	TIRAP
GO:0016477	DEFA1
GO:0016477	CD81
GO:0016477	PTEN
GO:0016477	RAC3
GO:0016477	CDC42
GO:0016477	SRP54
GO:0016477	RAP2B
GO:0016477	SST
GO:0016477	TGFB2
GO:0016477	LMO4
GO:0016477	BTG1
GO:0016477	TMSB4X
GO:0016477	ARF6
GO:0016477	RAB11A
GO:0016477	ACTA2
GO:0016477	RHOB
GO:0016477	RAB1A
GO:0016477	PPIA
GO:0016477	GNAI1
GO:0016477	RACK1
GO:0016477	ACTG1
GO:0016477	UBE2I
GO:0016477	TMSB10
GO:0016477	CSNK2B
GO:0016477	CXADR
GO:0016477	SIRPA
GO:0016477	ADAM8
GO:0016477	GPC5
GO:0016477	JAG1
GO:0016477	ADAM17
GO:0016477	CCL20
GO:0016477	ADARB1
GO:0016477	CCL8
GO:0016477	CCL7
GO:0016477	GPLD1
GO:0016477	LCN2
GO:0016477	S100A12
GO:0016477	DEFB103A
GO:0016477	SMAD3
GO:0016477	RHOG
GO:0016477	TNFAIP6
GO:0016477	DAB2
GO:0016477	ARHGAP4
GO:0016477	FOXO4
GO:0016477	MPP1
GO:0016477	CDK5
GO:0016477	PLCB2
GO:0016477	MDM2
GO:0016477	ROR2
GO:0016477	PRKCE
GO:0016477	OGDH
GO:0016477	GCNT1
GO:0016477	AKAP12
GO:0016477	GNA12
GO:0016477	CAV1
GO:0016477	TGFBR3
GO:0016477	PPARD
GO:0016477	ACVR1
GO:0016477	MST1R
GO:0016477	PTK2
GO:0016477	PPP2R3A
GO:0016477	MEF2C
GO:0016477	TYRO3
GO:0016477	EGR3
GO:0016477	C1QBP
GO:0016477	ENPEP
GO:0016477	CD69
GO:0016477	TJP1
GO:0016477	CXCL9
GO:0016477	PDE4B
GO:0016477	SOS1
GO:0016477	LRP1
GO:0016477	PPP3CA
GO:0016477	DDR1
GO:0016477	DMTN
GO:0016477	SPOCK1
GO:0016477	CD47
GO:0016477	RBBP4
GO:0016477	MGAT3
GO:0016477	MGAT5
GO:0016477	ABCC8
GO:0016477	ELP6
GO:0016477	NEXN
GO:0016477	BST1
GO:0016477	BST2
GO:0016477	FUT7
GO:0016477	ST3GAL4
GO:0016477	RAB40B
GO:0016477	FSTL1
GO:0016477	STX4
GO:0016477	CDH17
GO:0016477	MERTK
GO:0016477	FAP
GO:0016477	HYAL2
GO:0016477	AIMP1
GO:0016477	EPS8
GO:0016477	FOXC1
GO:0016477	IL24
GO:0016477	TIAM1
GO:0016477	STK4
GO:0016477	TRIM32
GO:0016477	PLA2G7
GO:0016477	BAMBI
GO:0016477	PAK1
GO:0016477	FADD
GO:0016477	MAP2K5
GO:0016477	PAK2
GO:0016477	SEMA3B
GO:0016477	NOG
GO:0016477	SEMA3F
GO:0016477	CLN3
GO:0016477	PTK7
GO:0016477	ATM
GO:0016477	ADAM9
GO:0016477	ADAM15
GO:0016477	ROCK1
GO:0016477	NFATC2
GO:0016477	GAB1
GO:0016477	SMAD4
GO:0016477	HDAC1
GO:0016477	CAMK2B
GO:0016477	DGKZ
GO:0016477	SEMA5A
GO:0016477	CUL3
GO:0016477	GFUS
GO:0016477	CDH18
GO:0016477	ITGA7
GO:0016477	AAMP
GO:0016477	ACVR2B
GO:0016477	LAMC2
GO:0016477	SHROOM2
GO:0016477	ENPP2
GO:0016477	TNFAIP1
GO:0016477	BMPR2
GO:0016477	PTK6
GO:0016477	TUBB2A
GO:0016477	PRKG1
GO:0016477	LRP8
GO:0016477	DAG1
GO:0016477	ARHGEF7
GO:0016477	SCRIB
GO:0016477	DOCK1
GO:0016477	DPYSL3
GO:0016477	SELPLG
GO:0016477	GRB7
GO:0016477	NEDD9
GO:0016477	FGFBP1
GO:0016477	FAT1
GO:0016477	SEMA3A
GO:0016477	ZNF268
GO:0016477	Q14745
GO:0016477	CASP8
GO:0016477	GPNMB
GO:0016477	KIF14
GO:0016477	POSTN
GO:0016477	CDK5R1
GO:0016477	PLEC
GO:0016477	PTPRR
GO:0016477	ERBB4
GO:0016477	ANGPT1
GO:0016477	SHH
GO:0016477	SIX1
GO:0016477	MAPRE2
GO:0016477	TESK1
GO:0016477	DIXDC1
GO:0016477	TRADD
GO:0016477	TRIP6
GO:0016477	TWIST1
GO:0016477	MAPRE1
GO:0016477	MYLK
GO:0016477	SMAD2
GO:0016477	EZH2
GO:0016477	NFE2L2
GO:0016477	NTRK3
GO:0016477	MAPK14
GO:0016477	IL17A
GO:0016477	RBBP7
GO:0016477	NTRK2
GO:0016477	OCLN
GO:0016477	FSCN1
GO:0016477	CYP1B1
GO:0016477	PTPRO
GO:0016477	DDR2
GO:0016477	MSMP
GO:0016477	FAM110C
GO:0016477	Q1WIQ9
GO:0016477	Q1WIR0
GO:0016477	DEFB133
GO:0016477	DEFB114
GO:0016477	DEFB110
GO:0016477	DEFB109B
GO:0016477	ARL13B
GO:0016477	CCDC88A
GO:0016477	ANO6
GO:0016477	ARID4B
GO:0016477	SEMA4D variant protein
GO:0016477	AMOT
GO:0016477	Q53EK5
GO:0016477	Q53FD8
GO:0016477	Q53H89
GO:0016477	IL8RB
GO:0016477	DTGCU2
GO:0016477	OCIAD2
GO:0016477	Q59EA3
GO:0016477	Q59EB0
GO:0016477	Q59EZ1
GO:0016477	Q59F20
GO:0016477	Q59FR8
GO:0016477	Q59GA0
GO:0016477	Q59GI1
GO:0016477	Q59GS2
GO:0016477	Q59GW1
GO:0016477	Q59H02
GO:0016477	Q59H37
GO:0016477	Q59HA6
GO:0016477	Q59HC4
GO:0016477	Q59HG2
GO:0016477	ZC3H12A
GO:0016477	MEST
GO:0016477	TMEM196
GO:0016477	CRB2
GO:0016477	MIA3
GO:0016477	EFHC1
GO:0016477	BRMS1L
GO:0016477	NEXMIF
GO:0016477	LRRK2
GO:0016477	TMEM201
GO:0016477	S100A7L2
GO:0016477	CEP85L
GO:0016477	ARTN
GO:0016477	PIP5KL1
GO:0016477	Q5TCX1
GO:0016477	EMC10
GO:0016477	CDC42BPA
GO:0016477	SYDE2
GO:0016477	RNF20
GO:0016477	ARHGEF16
GO:0016477	KIAA0319
GO:0016477	DAB2IP
GO:0016477	ANKRD22
GO:0016477	CCL19
GO:0016477	CARMIL1
GO:0016477	EDG2
GO:0016477	DCLK1
GO:0016477	DKFZp666N084
GO:0016477	ARID2
GO:0016477	DKFZp781F1414
GO:0016477	DKFZp686C2268
GO:0016477	DKFZp686A03134
GO:0016477	WWC2
GO:0016477	MCTP1
GO:0016477	IQSEC1
GO:0016477	CARMIL2
GO:0016477	TTBK2
GO:0016477	SLC8B1
GO:0016477	NIPBL
GO:0016477	PRR5L
GO:0016477	CEP85
GO:0016477	MEAK7
GO:0016477	BRAT1
GO:0016477	RICTOR
GO:0016477	USP17L2
GO:0016477	PLET1
GO:0016477	IL27RA
GO:0016477	GPR15LG
GO:0016477	CXCL17
GO:0016477	IGSF10
GO:0016477	IL34
GO:0016477	SACK1H
GO:0016477	RIPOR1
GO:0016477	Q6ZSD0
GO:0016477	CDHR3
GO:0016477	SEPTIN14
GO:0016477	SYDE1
GO:0016477	PAXIP1
GO:0016477	USP45
GO:0016477	TUBA1A
GO:0016477	WUGSC:H_NH0244E06.1
GO:0016477	CBLL1
GO:0016477	MARK2
GO:0016477	RUFY3
GO:0016477	VASH1
GO:0016477	DKFZp686J1169
GO:0016477	TRIM46
GO:0016477	PODN
GO:0016477	SPRED1
GO:0016477	SRGAP1
GO:0016477	SH3RF1
GO:0016477	FRMD5
GO:0016477	ARPIN
GO:0016477	ADAT2
GO:0016477	YTHDF3
GO:0016477	CENPV
GO:0016477	MEGF8
GO:0016477	MCP-3
GO:0016477	S100A7A
GO:0016477	DSG4
GO:0016477	PHLDB2
GO:0016477	SDCCAG8
GO:0016477	CLEC14A
GO:0016477	DAAM2
GO:0016477	Q86TY5
GO:0016477	LDB1
GO:0016477	MAGI2
GO:0016477	CDH24
GO:0016477	ADGRG3
GO:0016477	PDPN
GO:0016477	JAML
GO:0016477	PRAG1
GO:0016477	CAMK1D
GO:0016477	FMNL3
GO:0016477	MT-RNR2
GO:0016477	NAV3
GO:0016477	MISP
GO:0016477	SPNS2
GO:0016477	DNAI3
GO:0016477	SULF1
GO:0016477	WWC1
GO:0016477	CCAR1
GO:0016477	CDH26
GO:0016477	PARP9
GO:0016477	AMOTL1
GO:0016477	HACE1
GO:0016477	CMTM1
GO:0016477	KIAA0319L
GO:0016477	SCYL3
GO:0016477	BPGAP1
GO:0016477	ABI1
GO:0016477	MYOCD
GO:0016477	GCNT2
GO:0016477	CEND1
GO:0016477	GPC2
GO:0016477	DOCK4
GO:0016477	ARHGAP24
GO:0016477	Q8N2H2
GO:0016477	SVBP
GO:0016477	MICALL1
GO:0016477	SFRP1
GO:0016477	MINK1
GO:0016477	ARHGEF39
GO:0016477	TCP11L2
GO:0016477	FAM89B
GO:0016477	JAGN1
GO:0016477	CLDN19
GO:0016477	CD177
GO:0016477	GPR161
GO:0016477	BMPER
GO:0016477	RASGEF1A
GO:0016477	IL17RC
GO:0016477	POMGNT2
GO:0016477	AVL9
GO:0016477	CHST4
GO:0016477	CARMIL3
GO:0016477	POPDC1
GO:0016477	MCU
GO:0016477	APPL2
GO:0016477	NAV1
GO:0016477	DOCK8
GO:0016477	MDGA1
GO:0016477	DNER
GO:0016477	TET1
GO:0016477	SEMA6D
GO:0016477	PRSS3P2
GO:0016477	MOSPD2
GO:0016477	CCL4L1
GO:0016477	Q8NHX0
GO:0016477	RIN3
GO:0016477	NDNF
GO:0016477	GRAPL
GO:0016477	PREX1
GO:0016477	MAPK15
GO:0016477	TRPM4
GO:0016477	CD200R1
GO:0016477	DLG5
GO:0016477	ELP5
GO:0016477	SH3RF2
GO:0016477	USP33
GO:0016477	LRRC15
GO:0016477	DEFB104A
GO:0016477	SCARB1
GO:0016477	HDAC7
GO:0016477	CEMIP
GO:0016477	DEPDC1B
GO:0016477	TWIST2
GO:0016477	DNAJA4
GO:0016477	CYGB
GO:0016477	SYNE2
GO:0016477	DNAAF4
GO:0016477	AUTS2
GO:0016477	NANOS1
GO:0016477	SSH1
GO:0016477	RIN2
GO:0016477	KCTD13
GO:0016477	RFFL
GO:0016477	ROBO4
GO:0016477	GBF1
GO:0016477	ELMO1
GO:0016477	PIK3R3
GO:0016477	NR4A3
GO:0016477	CCL17
GO:0016477	DOCK2
GO:0016477	MYO18A
GO:0016477	ANKS1A
GO:0016477	LPAR1
GO:0016477	SORL1
GO:0016477	TNR
GO:0016477	RREB1
GO:0016477	HDAC2
GO:0016477	PROX1
GO:0016477	HAS2
GO:0016477	NRCAM
GO:0016477	HAS1
GO:0016477	NEO1
GO:0016477	FOXJ1
GO:0016477	TNFRSF14
GO:0016477	PEX13
GO:0016477	ARHGEF2
GO:0016477	NINJ1
GO:0016477	USP9X
GO:0016477	CUL5
GO:0016477	PTP4A1
GO:0016477	NKD1
GO:0016477	IGSF8
GO:0016477	MRTFA
GO:0016477	ADIPOR1
GO:0016477	TP53INP1
GO:0016477	MARVELD3
GO:0016477	TMEM18
GO:0016477	SH3KBP1
GO:0016477	ELMO3
GO:0016477	DOCK10
GO:0016477	ULK4
GO:0016477	RHBDF1
GO:0016477	NTNG2
GO:0016477	ZG16B
GO:0016477	NUS1
GO:0016477	SPDL1
GO:0016477	SIRT1
GO:0016477	ADAT3
GO:0016477	IL17RA
GO:0016477	PERP
GO:0016477	CERS2
GO:0016477	MACIR
GO:0016477	SFRP2
GO:0016477	DDRGK1
GO:0016477	ADTRP
GO:0016477	RADIL
GO:0016477	ELMO2
GO:0016477	DCHS1
GO:0016477	Q96KF0
GO:0016477	MEGF10
GO:0016477	MRGPRX2
GO:0016477	MRGPRX1
GO:0016477	TAFA4
GO:0016477	PRICKLE1
GO:0016477	MBOAT7
GO:0016477	DOCK7
GO:0016477	Q96N83
GO:0016477	SPATA13
GO:0016477	ACAP3
GO:0016477	ADGRA2
GO:0016477	FMNL2
GO:0016477	ASB2
GO:0016477	KIF20B
GO:0016477	TRIB1
GO:0016477	RAB40C
GO:0016477	NODAL
GO:0016477	MYADM
GO:0016477	PPP1R9B
GO:0016477	ATOH8
GO:0016477	SIN3A
GO:0016477	HBEGF
GO:0016477	PHOX2B
GO:0016477	GPER1
GO:0016477	LGMN
GO:0016477	TBX5
GO:0016477	PHB2
GO:0016477	PITX2
GO:0016477	LYST
GO:0016477	NRTN
GO:0016477	PIP5K1A
GO:0016477	CMKLR1
GO:0016477	CIB1
GO:0016477	SMO
GO:0016477	FOXB1
GO:0016477	ASCL2
GO:0016477	FOXC2
GO:0016477	CITED2
GO:0016477	RARRES2
GO:0016477	MYOC
GO:0016477	SEMA3C
GO:0016477	VRK1
GO:0016477	GDF15
GO:0016477	ARPC5L
GO:0016477	CORO1B
GO:0016477	MESP1
GO:0016477	MIEN1
GO:0016477	TUBGCP2
GO:0016477	FUZ
GO:0016477	PDCD10
GO:0016477	TUBB2B
GO:0016477	CARD10
GO:0016477	PLVAP
GO:0016477	PINK1
GO:0016477	CLEC7A
GO:0016477	EMILIN2
GO:0016477	CADM1
GO:0016477	PARD6B
GO:0016477	GTPBP4
GO:0016477	SEMA4C
GO:0016477	PHACTR1
GO:0016477	SRCIN1
GO:0016477	BCL11B
GO:0016477	NDEL1
GO:0016477	PDGFD
GO:0016477	FGF23
GO:0016477	SAP130
GO:0016477	CDH19
GO:0016477	ING2
GO:0016477	WNT5B
GO:0016477	EHD4
GO:0016477	P2RY12
GO:0016477	CDH23
GO:0016477	OR51E2
GO:0016477	SEMA6A
GO:0016477	HSD3B7
GO:0016477	SLK
GO:0016477	CHRD
GO:0016477	EPB41L4B
GO:0016477	FOXP1
GO:0016477	SEMA4A
GO:0016477	PTPN23
GO:0016477	SEMA6C
GO:0016477	SEMA6B
GO:0016477	SMOC2
GO:0016477	WNK1
GO:0016477	GOLPH3
GO:0016477	RHOJ
GO:0016477	GLIPR2
GO:0016477	SACK1D
GO:0016477	RNF41
GO:0016477	RGCC
GO:0016477	BCAS3
GO:0016477	PEAK1
GO:0016477	DOCK5
GO:0016477	SUDS3
GO:0016477	VSIR
GO:0016477	ZNF703
GO:0016477	MMRN2
GO:0016477	AKIRIN1
GO:0016477	ELP3
GO:0016477	SAP30L
GO:0016477	ADGRL3
GO:0016477	SMURF2
GO:0016477	NTN4
GO:0016477	TRPV4
GO:0016477	PATZ1
GO:0016477	RHOF
GO:0016477	TNS1
GO:0016477	CDH20
GO:0016477	LGR6
GO:0016477	GPR35
GO:0016477	PLXNA4
GO:0016477	FGF22
GO:0016477	CD248
GO:0016477	BRMS1
GO:0016477	ZNF304
GO:0016477	S100A14
GO:0016477	CD209
GO:0016477	SINHCAF
GO:0016477	FGF20
GO:0016477	TREM1
GO:0016477	ACKR4
GO:0016477	SIX2
GO:0016477	IL23A
GO:0016477	SEMA4B
GO:0016477	PLCB1
GO:0016477	CASS4
GO:0016477	RTN4
GO:0016477	FSCN3
GO:0016477	ANLN
GO:0016477	DLL4
GO:0016477	PDGFC
GO:0016477	DISC1
GO:0016477	DUSP22
GO:0016477	ARHGAP35
GO:0016477	SEMA3G
GO:0016477	FGF21
GO:0016477	SEMA4G
GO:0016477	DKFZp586J1624
GO:0016477	CYRIB
GO:0016477	PARVA
GO:0016477	TBCCD1
GO:0016477	BEX4
GO:0016477	IRAK4
GO:0016477	DDIT4
GO:0016477	NDE1
GO:0016477	SPHK1
GO:0016477	ABI2
GO:0016477	CELSR1
GO:0016477	FAT2
GO:0016477	PLK2
GO:0016477	PODXL2
GO:0016477	FMN2
GO:0016477	TREM2
GO:0016477	FLRT3
GO:0016477	MARK1
GO:0016477	SLAMF8
GO:0016477	CAMSAP3
GO:0016477	JCAD
GO:0016477	SEMA5B
GO:0016477	PAK5
GO:0016477	STK26
GO:0016477	C5AR2
GO:0016477	ABI3
GO:0016477	ADAMTS9
GO:0016477	XCL2
GO:0016477	RNF7
GO:0016477	HDAC6
GO:0016477	CKLF
GO:0016477	BIN2
GO:0016477	CD300A
GO:0016477	SWAP70
GO:0016477	SUN2
GO:0016477	LIMA1
GO:0016477	DCDC2
GO:0016477	ADAMTS1
GO:0016477	ADGRE2
GO:0016477	EVL
GO:0016477	DACH1
GO:0016477	CTNNA3
GO:0016477	DAPK2
GO:0016477	TMEFF2
GO:0016477	PLXNA1
GO:0016477	CDH22
GO:0016477	LEF1
GO:0016477	GDF2
GO:0016477	ZNF580
GO:0016477	ING1
GO:0016477	APPL1
GO:0016477	FBXO5
GO:0016477	HDAC9
GO:0016477	AGO2
GO:0016477	VAV3
GO:0016477	TAOK2
GO:0016477	CDH9
GO:0016477	CDH7
GO:0016477	MTUS1
GO:0016477	WWC3
GO:0016477	KIF26A
GO:0016477	ZMIZ1
GO:0016477	VANGL2
GO:0016477	PLXNB3
GO:0016477	TBC1D24
GO:0016477	ZMYND8
GO:0016477	FZD4
GO:0016477	CORO1C
GO:0016477	STAP1
GO:0016477	PYCARD
GO:0016477	PACSIN2
GO:0016477	TNFSF18
GO:0016477	LHX6
GO:0016477	LIMCH1
GO:0016477	BAIAP2
GO:0016477	HDAC5
GO:0016477	CAMK2A
GO:0016477	FUT9
GO:0016477	HPSE
GO:0016477	CCL26
GO:0016477	PLAA
GO:0016477	ANGPT4
GO:0016477	NCKAP1
GO:0016477	NTNG1
GO:0016477	AMOTL2
GO:0016477	PADI2
GO:0016477	LRCH1
GO:0016477	SBDS
GO:0016477	SH3BP1
GO:0016477	RAP2C
GO:0016477	KNSTRN
GO:0016477	TCAF1
GO:0016477	CHST2
GO:0016477	PLXND1
GO:0016477	RIPOR2
GO:0016477	RAPGEF2
GO:0016477	LOXL2
GO:0016477	SPEF1
GO:0016477	LRP12
GO:0016477	RIPK3
GO:0016477	Q9Y5B2
GO:0016477	ANGPTL3
GO:0016477	NOX1
GO:0016477	TNFRSF18
GO:0016477	LYVE1
GO:0016477	GPC6
GO:0016477	CLIC4
GO:0016477	EMILIN1
GO:0016477	STK24
GO:0016477	ROBO1
GO:0016477	CDH10
GO:0016477	TNFRSF11A
GO:0016477	CAPN7
GO:0016477	DUSP10
GO:0016477	HEL-S-75
GO:0016477	HEL-S-112
GO:0016477	HEL-S-22
GO:0016477	HEL37
GO:0016477	HEL-S-52
GO:0016477	Pe1Fe3
GO:0030335	A0A024R0C8
GO:0030335	RHOA
GO:0030335	A0A024R693
GO:0030335	AKT1
GO:0030335	AGER
GO:0030335	CRK
GO:0030335	CLASP2
GO:0030335	FERMT2
GO:0030335	KIT
GO:0030335	AKT2
GO:0030335	TNLG2A
GO:0030335	PIK3CD
GO:0030335	A0A384NYY3
GO:0030335	TGFB1
GO:0030335	AKT3
GO:0030335	CXCL16
GO:0030335	STK39
GO:0030335	PLCG2
GO:0030335	CLASP1
GO:0030335	FERMT3
GO:0030335	A0A994J514
GO:0030335	OXSR1
GO:0030335	LGALS9
GO:0030335	MAPK1
GO:0030335	P2RX4
GO:0030335	LGALS3
GO:0030335	PIK3CG
GO:0030335	FLT4
GO:0030335	THBS1
GO:0030335	PDGFRB
GO:0030335	PTK2B
GO:0030335	LGALS9B
GO:0030335	NRP1
GO:0030335	PIK3CB
GO:0030335	MADCAM1
GO:0030335	LGALS9C
GO:0030335	FERMT1
GO:0030335	FLT1
GO:0030335	PLCG1
GO:0030335	CSF1
GO:0030335	TMEM102
GO:0030335	SEMA4D
GO:0030335	RHOC
GO:0030335	KDR
GO:0030335	PRKD2
GO:0030335	F3
GO:0030335	JAM2
GO:0030335	PDGFRA
GO:0030335	MAPK3
GO:0030335	PDGFB
GO:0030335	SHTN1
GO:0030335	CCR7
GO:0030335	RAC1
GO:0030335	MAP2K1
GO:0030335	TCAF2
GO:0030335	GREM1
GO:0030335	WASHC1
GO:0030335	C3AR1
GO:0030335	A8K4G9
GO:0030335	BMP7
GO:0030335	A8K6S3
GO:0030335	A8K9G9
GO:0030335	A8K9V7
GO:0030335	A8KAM8
GO:0030335	B2RAH3
GO:0030335	B2RAX1
GO:0030335	B3KVH4
GO:0030335	B3KWW5
GO:0030335	B4DHN0
GO:0030335	B4DJD7
GO:0030335	B4DKP4
GO:0030335	B4DM73
GO:0030335	B4DNX3
GO:0030335	B4E125
GO:0030335	RAGE
GO:0030335	B7Z4E5
GO:0030335	B7Z5R7
GO:0030335	B7Z6W8
GO:0030335	B7Z7Q8
GO:0030335	NRP2
GO:0030335	HIF1A
GO:0030335	CCR2
GO:0030335	F6MF51
GO:0030335	PRKD1
GO:0030335	SMIM22
GO:0030335	ITGB3
GO:0030335	MYO1C
GO:0030335	MYO1F
GO:0030335	CCL24
GO:0030335	RHOD
GO:0030335	O00334
GO:0030335	DNM1L
GO:0030335	PIK3C2A
GO:0030335	SDCBP
GO:0030335	CCL21
GO:0030335	PODXL
GO:0030335	CCN1
GO:0030335	CCL22
GO:0030335	CLDN4
GO:0030335	PLPP3
GO:0030335	ADAM10
GO:0030335	ITGB1BP1
GO:0030335	TERT
GO:0030335	MSTN
GO:0030335	ZNF609
GO:0030335	SEMA3E
GO:0030335	CCL25
GO:0030335	CCL16
GO:0030335	FGF10
GO:0030335	PDPK1
GO:0030335	CLDN3
GO:0030335	DAPK3
GO:0030335	MAP3K7
GO:0030335	FGF16
GO:0030335	WDR62
GO:0030335	SPRY2
GO:0030335	SNAI2
GO:0030335	ACTN4
GO:0030335	CREB3
GO:0030335	VEGFD
GO:0030335	CXCL13
GO:0030335	SPAG9
GO:0030335	JAK2
GO:0030335	SRPX2
GO:0030335	ROCK2
GO:0030335	CPNE3
GO:0030335	SEMA7A
GO:0030335	PDCD6
GO:0030335	FGF18
GO:0030335	SASH1
GO:0030335	SEMA3D
GO:0030335	CCN4
GO:0030335	BAG4
GO:0030335	CEP43
GO:0030335	SEMA4F
GO:0030335	MAP4K4
GO:0030335	CLDN1
GO:0030335	SNAI1
GO:0030335	FAM107A
GO:0030335	ABL1
GO:0030335	EGFR
GO:0030335	F10
GO:0030335	PLG
GO:0030335	PLAU
GO:0030335	AGT
GO:0030335	HRAS
GO:0030335	EGF
GO:0030335	CGA
GO:0030335	FSHB
GO:0030335	INS
GO:0030335	TNF
GO:0030335	IFNG
GO:0030335	IL1B
GO:0030335	COL1A1
GO:0030335	FN1
GO:0030335	CXCL10
GO:0030335	VTN
GO:0030335	ANXA1
GO:0030335	PDGFA
GO:0030335	CSF2
GO:0030335	SOD2
GO:0030335	THY1
GO:0030335	CD74
GO:0030335	HSPB1
GO:0030335	GNAI2
GO:0030335	IGF1
GO:0030335	APP
GO:0030335	IL4
GO:0030335	SERPINE1
GO:0030335	FGF1
GO:0030335	IL6
GO:0030335	EDN1
GO:0030335	ICAM1
GO:0030335	ITGB1
GO:0030335	INSR
GO:0030335	ATP5F1B
GO:0030335	GPI
GO:0030335	ITGAV
GO:0030335	P4HB
GO:0030335	CSF1R
GO:0030335	PFN1
GO:0030335	LAMB1
GO:0030335	RET
GO:0030335	SP1
GO:0030335	IGF1R
GO:0030335	MMP2
GO:0030335	ITGA2B
GO:0030335	PTPRC
GO:0030335	MET
GO:0030335	ITGA5
GO:0030335	F7
GO:0030335	IL6R
GO:0030335	ADRA2A
GO:0030335	FGF2
GO:0030335	MMP7
GO:0030335	VIL1
GO:0030335	HMGB1
GO:0030335	SPARC
GO:0030335	HMOX1
GO:0030335	CTSH
GO:0030335	FGR
GO:0030335	TMSB15B
GO:0030335	SRGAP2C
GO:0030335	APELA
GO:0030335	RAP2A
GO:0030335	CXCL8
GO:0030335	CCL3
GO:0030335	RRAS
GO:0030335	HSPA5
GO:0030335	HSPA8
GO:0030335	FGFR1
GO:0030335	ANXA3
GO:0030335	BMP2
GO:0030335	BMP4
GO:0030335	SRC
GO:0030335	CCL4
GO:0030335	CRIPTO
GO:0030335	CCL2
GO:0030335	CCL5
GO:0030335	ITGA4
GO:0030335	EDN3
GO:0030335	CD99
GO:0030335	HGF
GO:0030335	MMP9
GO:0030335	ETS1
GO:0030335	RAC2
GO:0030335	HTN1
GO:0030335	VEGFA
GO:0030335	SPN
GO:0030335	PECAM1
GO:0030335	FER
GO:0030335	CCL3L1
GO:0030335	PRKCA
GO:0030335	ITGA2
GO:0030335	XBP1
GO:0030335	SPI1
GO:0030335	FUT1
GO:0030335	TAC1
GO:0030335	ITGAX
GO:0030335	NTF3
GO:0030335	EDN2
GO:0030335	PTN
GO:0030335	FLNA
GO:0030335	S1PR1
GO:0030335	EPHA1
GO:0030335	DRD1
GO:0030335	C5AR1
GO:0030335	MDK
GO:0030335	ZP3
GO:0030335	FGF7
GO:0030335	FUT4
GO:0030335	CCL1
GO:0030335	ITGA6
GO:0030335	GATA2
GO:0030335	GATA3
GO:0030335	IGFBP5
GO:0030335	APC
GO:0030335	FPR2
GO:0030335	TACR1
GO:0030335	ACKR3
GO:0030335	F2R
GO:0030335	ATP5F1A
GO:0030335	CD40
GO:0030335	CALR
GO:0030335	GRN
GO:0030335	EPHA2
GO:0030335	EPHB2
GO:0030335	IL12A
GO:0030335	NOS3
GO:0030335	S100A7
GO:0030335	FGF9
GO:0030335	S100A11
GO:0030335	CCR1
GO:0030335	CDH5
GO:0030335	PTGS2
GO:0030335	THBS4
GO:0030335	BSG
GO:0030335	ACVR1B
GO:0030335	TGFBR1
GO:0030335	CEACAM6
GO:0030335	MYCNOS
GO:0030335	STAT3
GO:0030335	WNT5A
GO:0030335	STAT5A
GO:0030335	MTOR
GO:0030335	ABL2
GO:0030335	MCAM
GO:0030335	CRKL
GO:0030335	NOTCH1
GO:0030335	BDKRB1
GO:0030335	MAP2K3
GO:0030335	XCL1
GO:0030335	CXCL12
GO:0030335	SOX9
GO:0030335	CD151
GO:0030335	CX3CR1
GO:0030335	PPM1F
GO:0030335	NUMB
GO:0030335	PGF
GO:0030335	VEGFB
GO:0030335	VEGFC
GO:0030335	MMP14
GO:0030335	INSL3
GO:0030335	CCL11
GO:0030335	CCR6
GO:0030335	EPHA4
GO:0030335	AIF1
GO:0030335	F2RL1
GO:0030335	NCKAP1L
GO:0030335	CDH13
GO:0030335	CCL23
GO:0030335	CCL18
GO:0030335	XG
GO:0030335	MAZ
GO:0030335	BCAR1
GO:0030335	RAB25
GO:0030335	TIRAP
GO:0030335	CDC42
GO:0030335	CXCR4
GO:0030335	TGFB2
GO:0030335	TMSB4X
GO:0030335	ARF6
GO:0030335	RAB11A
GO:0030335	ACTA2
GO:0030335	RHOB
GO:0030335	RACK1
GO:0030335	ACTG1
GO:0030335	UBE2I
GO:0030335	ADAM8
GO:0030335	CX3CL1
GO:0030335	RELN
GO:0030335	ADAM17
GO:0030335	CCL20
GO:0030335	CCL8
GO:0030335	CCL7
GO:0030335	GPLD1
GO:0030335	LCN2
GO:0030335	SMAD3
GO:0030335	TNFAIP6
GO:0030335	DAB2
GO:0030335	FOXO4
GO:0030335	MDM2
GO:0030335	ROR2
GO:0030335	PRKCE
GO:0030335	TEK
GO:0030335	AKAP12
GO:0030335	CAV1
GO:0030335	TGFBR3
GO:0030335	ACVR1
GO:0030335	PTK2
GO:0030335	C1QBP
GO:0030335	TJP1
GO:0030335	PPP3CA
GO:0030335	DMTN
GO:0030335	CD47
GO:0030335	MGAT5
GO:0030335	ELP6
GO:0030335	FUT7
GO:0030335	RAB40B
GO:0030335	STX4
GO:0030335	TIAM1
GO:0030335	STK4
GO:0030335	TRIM32
GO:0030335	PLA2G7
GO:0030335	PAK1
GO:0030335	FADD
GO:0030335	SEMA3B
GO:0030335	SEMA3F
GO:0030335	ATM
GO:0030335	ADAM9
GO:0030335	GAB1
GO:0030335	SEMA5A
GO:0030335	GFUS
GO:0030335	AAMP
GO:0030335	LAMC2
GO:0030335	ENPP2
GO:0030335	BMPR2
GO:0030335	ARHGEF7
GO:0030335	DOCK1
GO:0030335	GAS6
GO:0030335	GRB7
GO:0030335	NEDD9
GO:0030335	FGFBP1
GO:0030335	FAT1
GO:0030335	SEMA3A
GO:0030335	ZNF268
GO:0030335	CASP8
GO:0030335	GPNMB
GO:0030335	POSTN
GO:0030335	ANGPT1
GO:0030335	MAPRE2
GO:0030335	TRADD
GO:0030335	TRIP6
GO:0030335	TWIST1
GO:0030335	MYLK
GO:0030335	EZH2
GO:0030335	NFE2L2
GO:0030335	NTRK3
GO:0030335	MAPK14
GO:0030335	CCL14
GO:0030335	CCL15
GO:0030335	DDR2
GO:0030335	FAM110C
GO:0030335	Q1WIQ9
GO:0030335	Q1WIR0
GO:0030335	ANO6
GO:0030335	SEMA4D variant protein
GO:0030335	DTGCU2
GO:0030335	Q59EB0
GO:0030335	Q59F20
GO:0030335	Q59FR8
GO:0030335	Q59HC4
GO:0030335	ZC3H12A
GO:0030335	MIA3
GO:0030335	TMEM201
GO:0030335	Q5TCX1
GO:0030335	EMC10
GO:0030335	DAB2IP
GO:0030335	CARMIL1
GO:0030335	EDG2
GO:0030335	DKFZp781F1414
GO:0030335	DKFZp686A03134
GO:0030335	IQSEC1
GO:0030335	CARMIL2
GO:0030335	NIPBL
GO:0030335	RICTOR
GO:0030335	PLET1
GO:0030335	CXCL17
GO:0030335	NSMF
GO:0030335	IL34
GO:0030335	SACK1H
GO:0030335	RIPOR1
GO:0030335	SYDE1
GO:0030335	CBLL1
GO:0030335	RUFY3
GO:0030335	DKFZp686J1169
GO:0030335	ADAT2
GO:0030335	DAAM2
GO:0030335	Q86TY5
GO:0030335	PDPN
GO:0030335	CAMK1D
GO:0030335	CCAR1
GO:0030335	BPGAP1
GO:0030335	GCNT2
GO:0030335	DOCK4
GO:0030335	Q8N2H2
GO:0030335	ARHGEF39
GO:0030335	FAM89B
GO:0030335	MCU
GO:0030335	DOCK8
GO:0030335	SEMA6D
GO:0030335	MOSPD2
GO:0030335	CCL4L1
GO:0030335	Q8NHX0
GO:0030335	PREX1
GO:0030335	ELP5
GO:0030335	SH3RF2
GO:0030335	LRRC15
GO:0030335	SCARB1
GO:0030335	HDAC7
GO:0030335	CEMIP
GO:0030335	TWIST2
GO:0030335	SYNE2
GO:0030335	SSH1
GO:0030335	RIN2
GO:0030335	PIK3R3
GO:0030335	NR4A3
GO:0030335	LPAR1
GO:0030335	RREB1
GO:0030335	PROX1
GO:0030335	HAS2
GO:0030335	TNFRSF14
GO:0030335	ARHGEF2
GO:0030335	CUL5
GO:0030335	PTP4A1
GO:0030335	IGSF8
GO:0030335	NUS1
GO:0030335	SIRT1
GO:0030335	PERP
GO:0030335	DDRGK1
GO:0030335	MRGPRX2
GO:0030335	DOCK7
GO:0030335	KIF20B
GO:0030335	MYADM
GO:0030335	ATOH8
GO:0030335	HBEGF
GO:0030335	GPER1
GO:0030335	LGMN
GO:0030335	CCL13
GO:0030335	CCL19
GO:0030335	CMKLR1
GO:0030335	CIB1
GO:0030335	SMO
GO:0030335	ASCL2
GO:0030335	FOXC2
GO:0030335	RARRES2
GO:0030335	MYOC
GO:0030335	SEMA3C
GO:0030335	MIEN1
GO:0030335	PDCD10
GO:0030335	JAM3
GO:0030335	PLVAP
GO:0030335	PINK1
GO:0030335	CLEC7A
GO:0030335	SEMA4C
GO:0030335	PDGFD
GO:0030335	WNT5B
GO:0030335	P2RY12
GO:0030335	SEMA6A
GO:0030335	EPB41L4B
GO:0030335	FOXP1
GO:0030335	SEMA4A
GO:0030335	SEMA6C
GO:0030335	SEMA6B
GO:0030335	SMOC2
GO:0030335	WNK1
GO:0030335	RHOJ
GO:0030335	GLIPR2
GO:0030335	BCAS3
GO:0030335	DOCK5
GO:0030335	VSIR
GO:0030335	ZNF703
GO:0030335	AKIRIN1
GO:0030335	ELP3
GO:0030335	SMURF2
GO:0030335	TRPV4
GO:0030335	LGR6
GO:0030335	ZNF304
GO:0030335	S100A14
GO:0030335	IL23A
GO:0030335	SEMA4B
GO:0030335	CASS4
GO:0030335	RTN4
GO:0030335	PDGFC
GO:0030335	SEMA3G
GO:0030335	SEMA4G
GO:0030335	SPHK1
GO:0030335	PLK2
GO:0030335	TREM2
GO:0030335	JCAD
GO:0030335	SEMA5B
GO:0030335	XCL2
GO:0030335	RNF7
GO:0030335	HDAC6
GO:0030335	SWAP70
GO:0030335	SUN2
GO:0030335	ADAMTS1
GO:0030335	DAPK2
GO:0030335	LEF1
GO:0030335	ZNF580
GO:0030335	FBXO5
GO:0030335	HDAC9
GO:0030335	AGO2
GO:0030335	TBC1D24
GO:0030335	FZD4
GO:0030335	PYCARD
GO:0030335	TNFSF18
GO:0030335	HPSE
GO:0030335	CCL26
GO:0030335	PLAA
GO:0030335	ANGPT4
GO:0030335	RIPOR2
GO:0030335	RAPGEF2
GO:0030335	ANGPTL3
GO:0030335	TNFRSF18
GO:0030335	LYVE1
GO:0030335	CAPN7
GO:0036518	A0A384N611
GO:0036518	RYK
GO:0036518	WNT5A
GO:0097374	NRP1
GO:0097374	NRP2
GO:1902667	ATOH7
GO:1902667	MYCBP2
GO:1902667	SLIT2
GO:1902667	POU4F2
GO:1902667	PTPRO
GO:1902667	KIF21A
GO:1902667	ROBO3
GO:1902667	TUBB2B
GO:1902667	YTHDF1
GO:1902667	NOVA2
GO:1904340	DKK1
GO:1904340	FGF20
GO:2001222	GPR56
GO:2001222	NSMF
GO:2001222	SHTN1
GO:2001222	NELF
GO:2001222	B4DFY3
GO:2001222	B4E176
GO:2001222	B7Z8V3
GO:2001222	B7Z9T1
GO:2001222	SOCS7
GO:2001222	ZNF609
GO:2001222	PLXNB2
GO:2001222	WDR62
GO:2001222	SRGAP2
GO:2001222	COL3A1
GO:2001222	SRGAP2C
GO:2001222	FLNA
GO:2001222	MDK
GO:2001222	CTNNA2
GO:2001222	CX3CL1
GO:2001222	RELN
GO:2001222	CAMK2B
GO:2001222	NEXMIF
GO:2001222	DAB2IP
GO:2001222	NIPBL
GO:2001222	IGSF10
GO:2001222	ADAT2
GO:2001222	GPR161
GO:2001222	ARHGEF2
GO:2001222	CUL5
GO:2001222	ULK4
GO:2001222	NTNG2
GO:2001222	KIF20B
GO:2001222	VRK1
GO:2001222	PHACTR1
GO:2001222	SEMA6A
GO:2001222	DKFZp586J1624
GO:2001222	RNF7
GO:2001222	KIF26A
GO:2001222	TBC1D24
GO:2001222	CAMK2A
GO:2001222	TNN
GO:2001222	PLAA
GO:2001222	NTNG1
GO:2001222	RAPGEF2
GO:2001222	ADGRG1
