gene,mitochondrial,mtdna_encoded,reference_only,mean_log_expr_training,clamp_delta,score_emt,score_migration_independent,score_invasion_independent,score_epithelial,z_emt,z_migration_independent,z_invasion_independent,z_epithelial,z_combined,z_combined_count_only,z_combined_quintile,z_combined_half_a,z_combined_half_b,p_empirical,fdr_bh,spearman_with_epithelial_state,direction_primary,direction_count_only,direction_quintile,stable_halves,called
HSPE1,True,False,False,1.3811568597470432,-1.164867695920717,0.08887480501063472,0.0445575775219758,0.07889551022415278,0.07147580577182167,3.9236719358976617,4.433184321245222,4.149688931960538,3.496802929440084,9.009742259663337,9.089430456393762,6.91623918937934,8.914145284335092,9.250091434196275,0.0018610421836228288,0.7847597600646542,0.3042057089188433,False,False,False,True,False
HSP90AA1,True,False,False,2.0483923853723156,-0.9563426719892258,0.07576072253492373,0.03914403785083242,0.0685991044091859,0.052312058261034924,3.312443096278618,3.8475163887159187,3.569412822239872,2.5012180437076923,8.228154263526715,8.266236935158776,7.405924149581949,8.332624869473012,8.20228589971616,0.0037220843672456576,0.7847597600646542,0.34817463454653896,False,False,False,True,False
HSPD1,True,False,False,1.3320733778380496,-1.1585349775118279,0.08557574890073791,0.033198901044437956,0.06485097265240501,0.047603769843868715,3.769907595797992,3.204337213256119,3.3581787903232403,2.2566155314296994,8.075808067947651,8.069683042841781,6.07701305484887,8.047646617227656,8.050372019279635,0.004342431761786601,0.7847597600646542,0.3305912265859724,False,False,False,True,False
STOML2,True,False,False,1.0791734490227465,-1.0252962738314328,0.06250389596469516,0.029218628888340592,0.05779530627472193,0.05106263931465252,2.694561156267987,2.7737284237812014,2.960541526339583,2.436308890721521,5.992522215667251,6.022893927130829,4.505845037170083,6.23882816574679,5.7255319431804,0.013647642679900745,0.7847597600646542,0.25551783446281273,False,False,False,True,False
CYCS,True,False,False,0.9681670506296609,-0.9634589707532903,0.058934254767124494,0.03196726777095714,0.05849326605844304,0.058901523661113564,2.528185227865176,3.071092024944521,2.999876552106578,2.843550468703492,5.755603336212783,5.79439543456966,5.319678812625342,5.437473546037418,6.0863300071076925,0.016749379652605458,0.7847597600646542,0.2262489090847795,False,False,False,True,False
MRPL12,True,False,False,0.9238311053405376,-0.9088677953552311,0.06399483108453269,0.02755247757686207,0.051371043477750636,0.04847551430501089,2.764051533877967,2.5934745689741274,2.598488370059466,2.301903939098688,5.654110533812872,5.6639843658975515,5.264161937115267,5.720026998090797,5.58351365017054,0.016749379652605458,0.7847597600646542,0.28478319053161544,False,False,False,True,False
TIMM13,True,False,False,1.504541146660893,-0.864990926936019,0.06500672825254296,0.028040506207358866,0.052865686356039346,0.05267170749232597,2.8112146299590126,2.646272319872995,2.6827221862494177,2.5199023505551446,5.620306785526282,5.639763425214232,5.089370528316652,5.663222764487684,5.531155483403439,0.016749379652605458,0.7847597600646542,0.3077981998816908,False,False,False,True,False
C1QBP,True,False,False,1.178587593952426,-1.0230515966676155,0.06627410107636023,0.025340356263010136,0.045099632637422754,0.039897341933771036,2.870285085090075,2.3541545316067767,2.245049514765359,1.8562552602478266,5.613233871214384,5.633988451631875,4.2575073714642695,5.555572783582995,5.580334066953946,0.016749379652605458,0.7847597600646542,0.3167622595230578,False,False,False,True,False
MRPS12,True,False,False,1.0217360810564893,-0.9572888702245091,0.053834335573213404,0.025384174569042656,0.05339186152955731,0.04804669427267065,2.2904852060131966,2.3588950485808735,2.7123759205920153,2.279626107340734,5.082130067845352,5.0747918900342,4.08940823450298,4.721294820259725,5.42306093572199,0.02295285359801489,0.7847597600646542,0.21952820770966838,False,False,False,True,False
TOMM40,True,False,False,0.7923839499478521,-0.8156701126903151,0.05692474509557724,0.027168149215253738,0.04923329164927705,0.050709905556878127,2.4345248237142956,2.5518957110310794,2.4780107648769154,2.4179838529004942,5.046447446721796,5.080844213033184,5.607622951764856,4.7349459801390985,5.415273462991994,0.02357320099255583,0.7847597600646542,0.2572756254017084,False,False,False,True,False
CYC1,True,False,False,0.9621159353812901,-0.9298654759400304,0.05506325163823584,0.021599323440323247,0.03574229343682424,0.02666846052589996,2.3477632459983875,1.949428032516665,1.7176965251651266,1.1689954026751153,4.845892401005064,4.95845712250048,4.2929645058068004,5.146328294366731,4.574468555596218,0.026674937965260544,0.7847597600646542,0.26703958225283997,False,False,False,True,False
CHCHD2,True,False,False,2.288013108079851,-0.5952331735088736,0.0480587691874349,0.02253365985496727,0.04125040561922763,0.030706914749111837,2.0212942239783853,2.0505099326213765,2.028118041813588,1.3787990428080692,4.72112315560528,4.740896152783904,4.755372284334784,4.729925646417343,4.171829996366582,0.02729528535980149,0.7847597600646542,0.25637739640351426,False,False,False,True,False
GCSH,True,False,False,0.8367133608584527,-0.838505064790617,0.05208573947199535,0.021481689065700138,0.04297683073037236,0.03899950804531278,2.2089856144184785,1.9367016676675934,2.1254144445799694,1.809611468434965,4.461490258231077,4.457845866662413,4.3765474732641865,4.425165767629734,4.47305147408494,0.02977667493796526,0.7847597600646542,0.29099839095592933,False,False,False,True,False
MRPL57,True,False,False,0.9558259396265376,-0.9260979304574974,0.05654305759901583,0.022178655740310266,0.041103841596174126,0.04328576244910799,2.4167349092423964,2.0121035407778214,2.0198581108579843,2.0322886926271777,4.416407868251024,4.380714556134243,3.8205147016362315,4.467691911493791,4.335570905693592,0.03163771712158809,0.7847597600646542,0.24690082849101572,False,False,False,True,False
GADD45GIP1,True,False,False,1.0846461504088112,-0.9532290796748428,0.04280642400662926,0.022276059209907093,0.03857861025215509,0.02911630632236783,1.7764898424222555,2.022641209683073,1.8775432636399338,1.2961645942017328,4.380509721543529,4.429236706841528,3.481564211879773,4.727882344285337,3.960700410242649,0.03163771712158809,0.7847597600646542,0.13447661603339434,False,False,False,True,False
MRPS15,True,False,False,1.2248131363121362,-1.0391915843630664,0.046090999992933215,0.021049858412723454,0.03560389089508367,0.026455310514897905,1.9295792844375497,1.8899837379773845,1.7098965520541285,1.15792194591892,4.371537628550143,4.381991222010768,3.081159210165767,4.925152658872594,3.7035078414942486,0.03163771712158809,0.7847597600646542,0.22726732153415602,False,False,False,True,False
ATF4,True,False,False,1.3254721216490835,-1.068085134990138,0.06829292490262256,0.021088480086921067,0.046080886720054726,0.059573441911603714,2.9643796088211154,1.8941620533592238,2.300350200456042,2.878457610652592,4.28043425198379,4.347338482267821,3.570661849284153,4.256999536392646,4.319776161672659,0.03163771712158809,0.7847597600646542,0.2627749867822034,False,False,False,True,False
PRELID1,True,False,False,1.8078928398456768,-0.7605217937953799,0.04883871449919157,0.02416424635361237,0.0493000997416074,0.05223272572296378,2.057646372041683,2.2269161809328386,2.481775878705176,2.497096601604264,4.269241830075433,4.276355741064571,4.06469113878409,4.117591501923778,4.284729003042043,0.03163771712158809,0.7847597600646542,0.22577869020504177,False,False,False,True,False
MRPS34,True,False,False,0.8234605176989942,-0.8195412260449337,0.04445619021413582,0.020829321381307293,0.03706015833986473,0.033147925287067205,1.8533831124260551,1.8661247704474813,1.7919676380967997,1.5056131325957764,4.00586238837456,4.0736721877467215,3.6555643689282653,3.568876892874668,4.4058966187298605,0.034119106699751864,0.7847597600646542,0.21992410954719813,False,False,False,True,False
VDAC1,True,False,False,1.665401480422348,-0.7693061903606163,0.0450168385398828,0.015204139986905603,0.028776251659008403,0.013038595698014034,1.8795141380784701,1.25756021610928,1.325110248397867,0.46090386632082125,4.001280736264796,4.083439744269056,4.015671531984008,4.0396963193905835,3.964957494164017,0.034119106699751864,0.7847597600646542,0.24095675579615217,False,False,False,True,False
TOMM22,True,False,False,0.8818616817814743,-0.8757582951459693,0.0438039077839242,0.019598633097253078,0.0397333336175993,0.03430470392795568,1.8229811507439801,1.7329818165402393,1.9426201841056683,1.5657094853763787,3.9328736660135086,3.9432228204989714,3.6698776335646714,4.139004273104471,3.7112006503842183,0.03784119106699752,0.7847597600646542,0.18972064720244805,False,False,False,True,False
UQCR10,True,False,False,1.5370489893333503,-0.8046251682058386,0.03295363365419381,0.019449443043663663,0.03527503934600831,0.020970302071552878,1.317265216888373,1.7168415764113267,1.6913634152486927,0.8729676852120757,3.852502523336317,3.855143384502476,3.38643518740412,3.728513359051334,3.852938349284262,0.038461538461538464,0.7847597600646542,0.14974280246813373,False,False,False,True,False
NDUFB10,True,False,False,1.470121652067245,-0.8394712132705455,0.043559887422293865,0.017166830966000565,0.032404168331027605,0.02500806986409778,1.8116077067566498,1.4698954418115573,1.529569300484755,1.0827356642616868,3.728336784791275,3.7351980968710405,2.961331466461802,3.9439446949503054,3.5603412971067634,0.04094292803970223,0.7847597600646542,0.22615200774439959,False,False,False,True,False
SOD1,True,False,False,1.3587602562194505,-0.9625892638872929,0.03680295340630015,0.014725389143110315,0.02459041548565101,0.007600488310680729,1.496676567225718,1.2057661896653906,1.0892084420536419,0.17838618449625834,3.613265014448492,3.684645787445158,2.722827424024625,3.3769694745612084,3.7398924786683208,0.04528535980148883,0.7847597600646542,0.170213508581173,False,False,False,True,False
MRPL14,True,False,False,1.5040030600594245,-0.8808074332838992,0.04136682165762966,0.02135974136844433,0.04125400451015767,0.04448740746468568,1.7093920126715567,1.9235086627083382,2.0283208650575157,2.0947159196009952,3.5665056208364154,3.504135269386966,3.0969625420872102,3.3931904344756254,3.6331712366680673,0.04590570719602978,0.7847597600646542,0.21323647645524915,False,False,False,True,False
BOLA3,True,False,False,0.948131286491392,-0.9259654949956175,0.04226408379823393,0.019059845363720053,0.03990624085396571,0.03929525023372156,1.7512121322301624,1.6746926532313484,1.9523647435436235,1.824975710355157,3.553293818649977,3.41407990640191,3.0542361163562384,3.5509062341741595,3.5158611257319876,0.04714640198511166,0.7847597600646542,0.22753764642414626,False,False,False,True,False
UQCRFS1,True,False,False,0.8890358044287973,-0.8731755701079235,0.04109126246940693,0.01634003342516704,0.030183996912664803,0.023381629227725326,1.696548588575689,1.3804477170739995,1.4044467619298073,0.9982396796322738,3.4832033879472224,3.520346784813035,3.172214233891098,3.5820213573934288,3.346352544090066,0.04900744416873449,0.7847597600646542,0.1847890926563492,False,False,False,True,False
DNAJC19,True,False,False,0.7926460826433954,-0.7977201040098538,0.04438740679592376,0.01934381481065153,0.037245716021807936,0.04238535469719307,1.8501772145695596,1.705414105181237,1.8024251406216392,1.985511184819887,3.372505275552549,3.3596801732502968,3.3941023222823237,3.2290816186411684,3.498288953956541,0.052109181141439205,0.7847597600646542,0.23790119581448846,False,False,False,True,False
NDUFS6,True,False,False,1.1757949576071316,-1.0371082662533935,0.030673349612809913,0.0176334982919391,0.030427867547066226,0.019770924794084682,1.2109844022604064,1.520382203628096,1.418190616392096,0.8106582705703891,3.3388989517102097,3.349247607335824,2.3223743959960848,3.476594592256392,3.135839186313833,0.052109181141439205,0.7847597600646542,0.14481295352134796,False,False,False,True,False
AURKAIP1,True,False,False,1.5026312663942218,-0.8335795485319789,0.034248785569146685,0.019916171878978192,0.03272626461647864,0.03230402944666403,1.3776304161749595,1.7673349926667834,1.547721729869902,1.4617715017579183,3.2309156369537257,3.2454177501554584,2.603535406404033,3.246805131628591,3.126478036588921,0.056451612903225805,0.7847597600646542,0.15585867253240346,False,False,False,True,False
MRPL11,True,False,False,0.8394418912454802,-0.8304343060906544,0.03410276821926059,0.016585491975824797,0.03221979030755735,0.02653926092092928,1.3708247539793443,1.407002838236528,1.5191782801520306,1.16228329305882,3.1347225793090825,3.1402039982343966,2.9268824704387733,3.1663151010289825,3.0707133416547427,0.05893300248138958,0.7847597600646542,0.1471959305428409,False,False,False,True,False
CHCHD10,True,False,False,0.8832139925579706,-0.8797336985791288,0.05348014255753699,0.012677202496736964,0.02757828315685119,0.031437163031169,2.2739767704155067,0.9841815497652173,1.2575961551800952,1.4167365157391303,3.099017959621689,3.0875047651589513,2.9526996152514955,3.2024889427209215,3.0536597714826486,0.06017369727047146,0.7847597600646542,0.32726847375095686,False,False,False,True,False
MRPL20,True,False,False,0.9416445484357688,-0.9099741615686412,0.032778456343022594,0.018867184340448064,0.029075468161567787,0.029238648591558048,1.3091004501322479,1.6538494729771887,1.3419732383760783,1.3025204551325569,3.0024027063529584,3.0192307334812103,2.6743195804813906,3.1208287528686856,2.841489683677127,0.06389578163771713,0.7847597600646542,0.13113000549178597,False,False,False,True,False
PHB2,True,False,False,0.945316900524176,-0.9113006339179879,0.03817765197683062,0.01598984745352798,0.027848425884984603,0.02855493818847573,1.5607493236421552,1.3425625797203655,1.2728206300276892,1.2670006935022382,2.909131839887972,2.9245938479587936,2.5175775123343263,3.3267429762114302,2.4412768031826255,0.06761786600496278,0.7847597600646542,0.11462864777128012,False,False,False,True,False
MTHFD2,True,False,False,0.5378891196034716,-0.5859704827544371,0.04369368441026134,0.014918035133817772,0.02874603356589723,0.03371905600716601,1.8178437951640052,1.2266077436100513,1.323407242724932,1.5352842140159304,2.832574567483058,2.8540945636559503,3.767498071878674,2.675284776412168,2.960635026133077,0.06885856079404466,0.7847597600646542,0.28791080848188294,False,False,False,True,False
NDUFV2,True,False,False,0.8996571191529643,-0.8868486768926812,0.03347494962526607,0.012145263415308236,0.02371777057719281,0.014896743710550713,1.3415630171091313,0.9266333131257875,1.040028660123174,0.5574373901367616,2.7507876002213307,2.7395531456218123,2.229918786993975,3.0564669437577527,2.4139212922879514,0.07133995037220843,0.7847597600646542,0.17486807849586392,False,False,False,True,False
PARK7,True,False,False,1.32176698474503,-0.9467954929483543,0.034654706273935486,0.01389863830230333,0.021047158897535972,0.017165950205133448,1.3965498062142503,1.1163235172059451,0.8895205912013753,0.6753260070338858,2.727067907587685,2.8004351758107107,2.0535069832963657,2.367754425340135,3.298710184137537,0.07133995037220843,0.7847597600646542,0.16916643209046184,False,False,False,True,False
UQCC3,True,False,False,0.6457693015359524,-0.6738572116989604,0.03699066177175436,0.01637793613849887,0.03389452991323779,0.038837786096448564,1.5054253887018576,1.3845482511243237,1.6135618350199574,1.8012097751915233,2.702325699654615,2.7044330425496304,3.01359457627285,2.142151334714759,3.196254425416269,0.07133995037220843,0.7847597600646542,0.20579725250379324,False,False,False,True,False
NDUFB9,True,False,False,1.028224446714645,-0.956724380505134,0.030639652503439342,0.01184582994059824,0.019394216256009254,0.009377105384660243,1.2094138276435975,0.8942388734954173,0.7963654511599557,0.2706840560682209,2.6293340962307497,2.6921939924122595,2.0914244867479708,3.08630036236188,2.1519671629344264,0.07382133995037221,0.7847597600646542,0.1422483511406664,False,False,False,True,False
MRPS26,True,False,False,0.535344919235835,-0.5740471645209537,0.03289332774217328,0.014864922464053576,0.027846234720364828,0.02753531536910614,1.3144544436074554,1.2208617087822806,1.2726971422296973,1.2140297874964672,2.5939835071229664,2.6060801932818,3.4423932080818695,2.615735166918398,2.524092434868707,0.0750620347394541,0.7847597600646542,0.18507953740146907,False,False,False,True,False
GLRX5,True,False,False,0.709225257270462,-0.7237927986676819,0.029347749933974966,0.015508875182869713,0.03131849988703924,0.02952206634756014,1.1492000757553427,1.2905282265111542,1.4683841187382949,1.3172444246518302,2.5908679963529617,2.553362795833027,2.567267293270227,2.4614049386781867,2.6720299075002902,0.0750620347394541,0.7847597600646542,0.13893010062861438,False,False,False,True,False
NDUFAB1,True,False,False,0.8140708473660861,-0.81519896605105,0.03332781413182998,0.013877745666992375,0.02470076012812309,0.022745888635195735,1.3347052398238133,1.1140632314648284,1.0954271518648988,0.9652120202554867,2.5789836028980537,2.6183586906113656,2.561618999936795,2.39619144286943,2.738170851587956,0.0750620347394541,0.7847597600646542,0.16651727758461568,False,False,False,True,False
TMEM14B,True,False,False,0.8027546034068422,-0.8046154784576063,0.02829271602973752,0.013951086712234776,0.026366709371577354,0.020225122952160376,1.100026437398242,1.1219976885753242,1.189315306950872,0.8342545333083075,2.5770848996161306,2.577280228770425,2.494246790142614,2.7837466368758776,2.347119923533831,0.0750620347394541,0.7847597600646542,0.18588109094125338,False,False,False,True,False
SLC25A5,True,False,False,2.0530960908639493,-0.8221373315423272,0.03157438222514602,0.007363662147767696,0.016328915052516157,-0.001416503950839327,1.2529802581746232,0.40933212043895284,0.6236138046679829,-0.2900598334489429,2.5759860167305018,2.684384831971192,2.3314597061760023,2.5994713791432247,2.510274440637549,0.0750620347394541,0.7847597600646542,0.24570774109141807,True,True,True,True,False
HSPA9,True,False,False,0.539601826723135,-0.5720102114260166,0.0338303467723128,0.013769549043397267,0.02423143279643841,0.022853169677583354,1.3581275755672337,1.102357896933824,1.0689771999972582,0.9707854282888899,2.558677244209426,2.5629042490723934,3.344822244356087,2.6132615202732303,2.460557908663088,0.07630272952853598,0.7847597600646542,0.20335599163636714,False,False,False,True,False
MRPL51,True,False,False,1.1590795974171981,-1.0453343799247528,0.021677213104044874,0.016859210344256713,0.0223507137664489,0.01640183177668149,0.7916872009890795,1.4366152694133658,0.9629852313616039,0.635628930152229,2.55565877161182,2.561683391226362,1.7825807029644123,3.0944913131670027,2.004583795092536,0.07630272952853598,0.7847597600646542,0.028774107289403085,False,False,False,True,False
PARP1,True,False,False,0.6800069200281603,-0.6973000088690889,0.03377166673989487,0.015836867732844498,0.02942137590011155,0.033651610435229656,1.3553925822354433,1.3260123515564917,1.361467613447492,1.5317803172967939,2.5110922299426335,2.53042508970044,3.038811029016154,2.157146519696043,2.8545792372862273,0.0794044665012407,0.7847597600646542,0.17907499161888907,False,False,False,True,False
MRPL18,True,False,False,0.5784154884215166,-0.6067384007694175,0.03265626304064134,0.015333565168018001,0.02917443680506584,0.031966988031410445,1.303405193101339,1.2715621783823892,1.3475508292816254,1.4442617042246617,2.478256496540692,2.45406511384566,3.0805772040604156,2.631627157339362,2.2860543553307187,0.08126550868486353,0.7847597600646542,0.16308286616168644,False,False,False,True,False
MRPS16,True,False,False,1.1016222298296197,-0.997122907731271,0.0379967447030038,0.0171235117163968,0.023986312155891303,0.036484323869003736,1.5523174914293707,1.465208915639154,1.0551628987483548,1.6789439489763056,2.393745356840574,2.377721333545546,1.747349055129727,1.9588633971551883,2.7998999353606684,0.08498759305210918,0.7847597600646542,0.1628529812223191,False,False,False,True,False
TUFM,True,False,False,1.0062699790674894,-0.9334009474688433,0.03104328144623721,0.009974286328666263,0.013998492564139781,0.0052370149762816605,1.2282264018972626,0.6917644954685317,0.4922778297790649,0.05560026654180849,2.3566684606030512,2.419934367029804,2.0254650653980972,2.5613525360582785,2.166694845800618,0.0880893300248139,0.7847597600646542,0.18686755739922967,False,False,False,True,False
COX17,True,False,False,0.8681472132478758,-0.8689653987902635,0.030750411518679896,0.016987286613690665,0.033086357208506514,0.04098292499073189,1.2145761487200601,1.4504712986441641,1.5680155228881834,1.9126528976675978,2.32041007258481,2.3193229088118272,1.9531774747838537,2.221817821496793,2.4079239175808294,0.0924317617866005,0.7847597600646542,0.1223973064667462,False,False,False,True,False
NDUFB8,True,False,False,0.8731490830656898,-0.8536217639699795,0.024278224564917128,0.010410036773326912,0.01736997189268681,0.005723009622128621,0.9129166670999816,0.7389064908220498,0.6822848034677966,0.08084840361310705,2.253259557776721,2.3062150574848936,1.8063943667159372,2.2619754332582835,2.2496816574707044,0.09739454094292804,0.7847597600646542,0.14012063385650309,False,False,False,True,False
CHCHD3,True,False,False,0.5301422669037297,-0.5685102654801514,0.027648516945016664,0.013990672108018817,0.026534343013928288,0.02680380220434332,1.0700012290188634,1.1262802649145676,1.198762661648208,1.1760266020473686,2.2190175535342704,2.237010120159808,2.9973854518401,2.4928403406071293,1.8956658881394708,0.09801488833746898,0.7847597600646542,0.18074889674654776,False,False,False,True,False
PPA1,True,False,False,1.3556848871566183,-0.8954315371676435,0.033518713872043304,0.00871144972079995,0.016793137169937813,0.011567680491666064,1.3436028067645642,0.5551435505452312,0.6497760411983421,0.38448765666194834,2.1640347418461894,2.2178662200245665,1.8608869164410313,2.7539353611697748,1.6340587191252618,0.10669975186104218,0.7847597600646542,0.23732150166970054,False,False,False,True,False
COA4,True,False,False,0.6200014924822396,-0.6497813852471553,0.0315311665467172,0.013040612184077833,0.024686816334342658,0.027634582267585164,1.2509660365141813,1.02349730492271,1.0946413193564426,1.2191868489597129,2.149917811833621,2.1252994761742654,2.4339309736867265,2.0940368430839236,2.178505643857141,0.10856079404466501,0.7847597600646542,0.1757470701892281,False,False,False,True,False
MRPL4,True,False,False,0.5071337693282572,-0.5504453631149872,0.03195150830162257,0.012303370883544832,0.020726436022815462,0.02227565067724102,1.2705575713066537,0.943738290583173,0.871445563333814,0.9407824663086993,2.1449589589149416,2.1497418738982255,2.9371554038170213,2.3970703706662784,1.8541834637161605,0.10918114143920596,0.7847597600646542,0.20934246712868923,False,False,False,True,False
MDH2,True,False,False,0.9841079927016265,-0.9323909102445137,0.024042306317059302,0.0067816712569529584,0.010552791726141611,-0.007337720070530964,0.9019208511784199,0.34636899049437003,0.2980879431850068,-0.5976757248919826,2.1440535097497793,2.2515210460913586,1.780210658178314,2.2748573594439954,2.006803561446639,0.10918114143920596,0.7847597600646542,0.14182367360547207,True,True,True,True,False
COX5A,True,False,False,1.364692708224674,-0.851045431306184,0.025173452685345703,0.010294132982633786,0.015667081430195382,0.007605310056320704,0.9546419838544983,0.7263673505199312,0.5863147464777564,0.17863668127823185,2.0886873995739537,2.122692331844645,1.9563560896854884,2.1317905511285646,2.0363644959246203,0.1184863523573201,0.7847597600646542,0.15446859859350084,False,False,False,True,False
MRPL36,True,False,False,0.6835527383003424,-0.7004783797767358,0.0287181473217425,0.013565714954244289,0.02331368307051698,0.026008148157328846,1.119855188317832,1.080305949996118,1.017255439003652,1.1346912033716374,2.0827253739459644,2.0904211735914338,2.146010473833905,1.9015652635111404,2.234363147188257,0.11910669975186104,0.7847597600646542,0.14034629158286166,False,False,False,True,False
COX8A,True,False,False,1.5418424637540682,-0.7653144890167349,0.024041622073089942,0.013890704563040172,0.019216555002574527,0.019450695510254537,0.9018889595345948,1.1154651995517404,0.7863529688584767,0.7940218880063448,2.0096852399384675,2.017726037374582,1.9894256076780827,2.214700331402617,1.730005228376189,0.1228287841191067,0.7847597600646542,0.11643351220438204,False,False,False,True,False
MRPL37,True,False,False,0.6679339425115263,-0.6867001324691911,0.026833331118666724,0.010894431857559422,0.02098637515669397,0.017776103644922738,1.0320065704038504,0.7913111437374118,0.8860949926669045,0.7070243761701899,2.002388330637977,2.014724523416165,2.251499494747192,2.049213071467735,1.9272034591419787,0.1228287841191067,0.7847597600646542,0.1698781333533616,False,False,False,True,False
ATP6V0B,True,False,False,0.6370229412796564,-0.6611139383656957,0.023459500441942713,0.012593077197076289,0.023973795743646144,0.0215904934063876,0.8747570934827935,0.9750803898368428,1.0544575093983426,0.9051875377683724,1.9991074549496068,2.018223309616917,2.3339862150289283,1.7387397758572143,2.1991966206963784,0.12344913151364764,0.7847597600646542,0.10489155574861209,False,False,False,True,False
UQCC2,True,False,False,0.6356843896293228,-0.6582606248308314,0.022236961903726517,0.01301633928130358,0.021391864992666293,0.018736034050783106,0.8177763010036052,1.0208713223590173,0.9089472450720365,0.7568941734471374,1.9907006949875217,1.959194800179103,2.1133945382525825,1.9690505080146128,1.9824538753695258,0.12344913151364764,0.7847597600646542,0.09017201787266263,False,False,False,True,False
TIMM8B,True,False,False,0.8744755135809085,-0.8597359801193781,0.0241736889837825,0.01279337892824584,0.0216746040258549,0.020332994702538708,0.9080444114866618,0.9967501859226513,0.9248816118008983,0.8398586294911503,1.9898175797190611,1.9239891175264967,1.9756612484502099,1.396814364531078,2.548528644609884,0.12344913151364764,0.7847597600646542,0.13712100497681295,False,False,False,True,False
NDUFC2,True,False,False,0.9671509095779317,-0.9146701440209225,0.018760581051131722,0.010962333539720124,0.014039507216159739,0.00527327807193458,0.6557471054010224,0.7986571391899437,0.49458929876575664,0.05748418772797489,1.8915093556287481,1.9650508937153615,1.574752671016107,1.8559853107376405,1.921452970538806,0.12841191066997518,0.7847597600646542,0.07353451735645364,False,False,False,True,False
MRPL52,True,False,False,0.8900147951560924,-0.8725989997075565,0.02050276137422185,0.013464445467178187,0.022744899347903094,0.021501363748589748,0.7369476666497251,1.069350033032129,0.9852004081742473,0.9005571208770993,1.890940986979002,1.8662763976028496,1.6930780865255168,1.9669329295839735,1.796824715716826,0.12841191066997518,0.7847597600646542,0.09587198761262301,False,False,False,True,False
CISD1,True,False,False,0.5069071530356467,-0.5514488581201317,0.029149586591216723,0.01092610945590353,0.019232606402896334,0.020370786403611396,1.1399639625714058,0.7947382089584503,0.7872575800695819,0.8418219639784632,1.8801377876209746,1.9017994132014038,2.3560219211434923,2.0086890663453283,1.709343570635463,0.12965260545905707,0.7847597600646542,0.2178515065124442,False,False,False,True,False
MRPL21,True,False,False,0.520797765394615,-0.5558879745174291,0.023288699921155807,0.011097123957594195,0.021467806478792498,0.017905054613479056,0.8667963227372787,0.8132395437083528,0.9132270909646356,0.7137235687588503,1.8795393886514165,1.8971129966617175,2.4808319773370355,2.0036217654539126,1.7124567039740015,0.13027295285359802,0.7847597600646542,0.12751347349516326,False,False,False,True,False
MRPL55,True,False,False,0.5434911583406227,-0.5720443384849868,0.027232167931836682,0.01238609082951523,0.0211161024421441,0.024131604380349156,1.0505957902720908,0.9526874112469893,0.8934060530386899,1.0372019925205465,1.8594872620372238,1.8597515002928509,2.3506817633264916,2.180317594560684,1.51176728465982,0.1315136476426799,0.7847597600646542,0.1452740002528006,False,False,False,True,False
SDHB,True,False,False,0.5858314478396168,-0.610217263018209,0.026760536674631102,0.010387181363311113,0.017098376376879377,0.016990211519702557,1.0286137243056948,0.7364338607972964,0.6669784536441302,0.6661961236979155,1.765829915049206,1.7680197281837533,2.1441888560316724,1.6455036909398857,1.8707699328961747,0.14205955334987594,0.7847597600646542,0.20536756854430396,False,False,False,True,False
REXO2,True,False,False,0.9092082212466064,-0.8954940138725277,0.00962090187803881,0.0103903424138231,0.017952725958945173,0.004107995325982132,0.22975958352850556,0.7367758414662189,0.7151271630803863,-0.00305396582586354,1.684716553900974,1.7120478694416819,1.2597627809234346,1.688154619345097,1.6572760943983413,0.1488833746898263,0.7847597600646542,0.09751365481513698,False,False,False,True,False
NDUFAF2,True,False,False,0.5082329936959643,-0.5501945682121334,0.02433999237547923,0.010557959269246363,0.018698228422209712,0.01854363195687436,0.9157955774046567,0.7549095992543229,0.7571415588748388,0.7468986015178478,1.6809481340159707,1.663065124789958,2.410074592641866,1.552734593181155,1.7511600575002542,0.14950372208436724,0.7847597600646542,0.17373408517265887,False,False,False,True,False
CYB5A,True,False,False,0.38836984288105797,-0.4464250397891338,0.03159403397680902,0.007666662458248543,0.02170926208331843,0.022350594138545,1.2538961985301689,0.4421124409270401,0.9268348412206417,0.9446758894148384,1.6781675912630125,1.6631339648251404,2.861868482772724,1.561960755431962,1.733438104901205,0.14950372208436724,0.7847597600646542,0.25053482950936723,False,False,False,True,False
LDHB,True,False,False,1.9338236077763309,-0.7654612581426483,0.017560109964416933,0.0061309778379033,0.009918908321015767,-0.005797201542110534,0.599794845630816,0.27597322495179516,0.2623640796395122,-0.5176435202189248,1.6557756704410482,1.6767218242771107,1.7807192989897507,1.786692152259755,1.4754015079209846,0.151985111662531,0.7847597600646542,0.13057599291622857,True,True,True,True,False
SSBP1,True,False,False,0.6600774376993692,-0.6852823237574528,0.018313384639548614,0.009907106849555524,0.012989119877825965,0.008602938086004179,0.634903913035868,0.684496632105692,0.43539245966077733,0.23046492559092674,1.5243280792114107,1.571479963176731,1.6686730423981044,1.5136691579079198,1.5054724825987584,0.16687344913151364,0.7847597600646542,0.06620759880209479,False,False,False,True,False
UBB,True,False,False,1.0849737541942737,-1.0336201396862101,-0.00026128789861850927,0.008127701214266108,0.010374515420534353,-0.014097965838756176,-0.23083530759474508,0.4919902715989007,0.288040798294624,-0.9488804413438684,1.4980762036426478,1.6431264425886252,1.122981610194333,2.5040676073737402,0.5856591869196348,0.16811414392059554,0.7847597600646542,-0.09862445361825595,False,False,False,True,False
MRPL34,True,False,False,0.49870726394497256,-0.5328059040498402,0.02190641166578349,0.009163940450253327,0.020082400771116768,0.018611705583411867,0.8023698218429074,0.6040966064210854,0.83514957062581,0.7504351265977982,1.4911808722920046,1.4566859992007952,1.8798267533386774,1.2970301508332074,1.6286235179536002,0.16997518610421836,0.7847597600646542,0.12475151457618079,False,False,False,True,False
TK1,True,False,False,0.3556233771730752,-0.4027049802820361,0.015847109752671874,0.010993524281332823,0.016270278517304896,0.012986933819803217,0.519954328108423,0.802031533442883,0.620309216528068,0.4582199557189785,1.4840751223603956,1.4837285103254412,2.7240098373275488,1.8473995346514371,1.0681084311045974,0.1705955334987593,0.7847597600646542,0.10989457209437253,False,False,False,True,False
COX7B,True,False,False,0.8560610120381253,-0.8490232258098311,0.018306975955886543,0.008825909144767673,0.012030636315647282,0.006092766771454788,0.634605213352874,0.5675264309277284,0.38137505565716073,0.10005783167791645,1.4834488682598466,1.3514668446764797,1.4909427858713342,1.2789254012342905,1.6931366067552014,0.1705955334987593,0.7847597600646542,0.08393133119488147,False,False,False,True,False
MRPL3,True,False,False,0.4063731255942815,-0.4399477670142399,0.021320195496201514,0.00994589183092251,0.01562548763943492,0.015692290426812784,0.7750471151447335,0.6886926149986359,0.5839706388809158,0.5987672128219509,1.4489431562023345,1.4587905851567897,2.483291155218051,1.1991650880523257,1.6062077855735586,0.17866004962779156,0.7847597600646542,0.1485693855663318,False,False,False,True,False
TMEM160,True,False,False,0.9823636192851546,-0.9570385693663734,0.009551202782741238,0.012756683124441181,0.02159787394393101,0.017602867891112563,0.2265110072579097,0.992780222303222,0.9205573228948974,0.6980245238153835,1.4418240286406456,1.4195801757605535,1.2768853431424454,1.4124936709740772,1.444398311346188,0.17866004962779156,0.7847597600646542,0.025607928375486394,False,False,False,True,False
NDUFC1,True,False,False,0.8144663963459637,-0.8162003862925572,0.02524415884241323,0.008502714999287241,0.011089980132429606,0.01198959263413678,0.9579374978501095,0.5325614249450307,0.32836235196313884,0.40640661337510603,1.412454661383173,1.4259283813557524,1.4133663564463348,1.580403703941017,1.224708266585838,0.1805210918114144,0.7847597600646542,0.17977827543411803,False,False,False,True,False
CHCHD1,True,False,False,0.6300937719322177,-0.647896875080664,0.01763334472634393,0.010645311361169594,0.016420833564795737,0.01563199090425138,0.6032082143232368,0.76435985217322,0.6287940702553565,0.5956345638844077,1.4007275728674053,1.3763755214728604,1.5171700235842114,1.6976923998131923,1.0977060042878457,0.18114143920595532,0.7847597600646542,0.11646057278785221,False,False,False,True,False
DNAJC15,True,False,False,0.9772296780322126,-0.9253543210679461,0.012624409594564422,0.010184369265097718,0.011159610888139205,0.004908092861998776,0.36974883094699595,0.7144924787315617,0.3322865430610988,0.038512278642841534,1.378015574096815,1.4468364956891109,1.0601531074209318,1.739661213780752,1.0517821487532135,0.18238213399503722,0.7847597600646542,0.09591356064175634,False,False,False,True,False
HRAS,True,False,False,0.860408345038078,-0.857230532339567,0.012954174696042108,0.012625907275595136,0.020130223957503794,0.020148403944805653,0.38511871600730285,0.9786321370076263,0.8378447492201473,0.8302688679718296,1.3713267342632465,1.3402509064666086,1.1613833754031198,1.7714552482926664,0.9885933417909252,0.18300248138957817,0.7847597600646542,0.07635266064043703,False,False,False,True,False
MRPS6,True,False,False,0.47126820531373625,-0.5169700397398149,0.022739736194338386,0.009192023291067464,0.015474581460325019,0.01765474587783625,0.841209899717824,0.6071347700475268,0.5754659963755268,0.7007196615725084,1.3230910045683693,1.3459059198225947,1.8838333257916646,1.7317074267244688,0.9185793727755961,0.19416873449131514,0.7847597600646542,0.16766627982725854,False,False,False,True,False
MPC2,True,False,False,0.7119774768460962,-0.7215509032906635,0.01760722106758995,0.008539326557877407,0.016334742909062214,0.012801614976411491,0.6019906275300796,0.5365222744314535,0.6239422460664017,0.44859236907819444,1.3138627789497401,1.3297829588846604,1.373072587982356,1.1905515288939514,1.422256817897555,0.19478908188585609,0.7847597600646542,0.1302331073079372,False,False,False,True,False
MRPL41,True,False,False,1.1859906222943963,-1.0382814393991302,0.021118575844667607,0.009849734717820975,0.019408101151627312,0.022265202036193022,0.7656499082963159,0.6782897841247156,0.79714796433571,0.9402396440293943,1.3008480127273474,1.249152261405642,0.8145110465983783,1.1509786666169821,1.4426391641624794,0.19851116625310175,0.7847597600646542,0.0963144924630205,False,False,False,True,False
MTCH2,True,False,False,0.681273560049334,-0.6961239858854531,0.015760823765406242,0.007212002955140348,0.013938839969010146,0.006590105488795914,0.5159326602586564,0.3929247546134869,0.4889159793956768,0.12589530995796877,1.2718780843098514,1.2830148305028823,1.1552267791149387,1.259517543988157,1.2545694174753539,0.2022332506203474,0.7847597600646542,0.10623010126058928,False,False,False,True,False
NDUFS8,True,False,False,0.8762637466570377,-0.8590722839537864,0.018107783173193344,0.008846812310673193,0.014211964358363088,0.01249186700377047,0.6253211194292957,0.5697878559292776,0.5043084921784559,0.43250050605536583,1.2669169614816633,1.276862765525587,1.0195879996877908,1.2858895692855388,1.2234540806162897,0.20471464019851116,0.7847597600646542,0.08636244507113063,False,False,False,True,False
MRPS5,True,False,False,0.4641900880451992,-0.4939344404783588,0.023467981786794854,0.008156597509409542,0.015405453202033275,0.0174006688491811,0.8751523969729145,0.49511643940452743,0.5715701246010295,0.6875199860185239,1.2543189749599473,1.2567421104351038,2.2365083115917455,0.9819564956268577,1.4618690014189988,0.20781637717121587,0.7847597600646542,0.18958978540802743,False,False,False,True,False
CCNB1,True,False,False,0.2750099138325396,-0.3129770919058882,0.01708622655162294,0.009770165682568447,0.01796336622211648,0.018622209196098225,0.5777078098772086,0.6696815471484349,0.7157268180114764,0.7509808047346157,1.2121353703025042,1.2205753631397331,2.397349399789941,1.069479880056913,1.2870013328480805,0.2140198511166253,0.7847597600646542,0.10866260959578916,False,False,False,True,False
AK2,True,False,False,0.3894382563288697,-0.4290532133853049,0.019174177209486006,0.008407396784280853,0.01390373002964556,0.0133839955722439,0.6750242374771708,0.5222493509035774,0.48693728319885476,0.47884789809871675,1.2053629734808862,1.2102188850203812,1.9229512803445943,0.9047937128365005,1.4087098761373191,0.21588089330024815,0.7847597600646542,0.13628398988634427,False,False,False,True,False
HAX1,True,False,False,0.4821083442708046,-0.5225304717071522,0.021741264464639802,0.008795525497809464,0.014869716974922217,0.017948831651042187,0.7946725443316252,0.564239352827688,0.541377556505807,0.7159978502852303,1.1842916033798896,1.2096453749342817,1.813744015142401,1.1099684731335508,1.2073514890694197,0.21588089330024815,0.7847597600646542,0.1274339788202558,False,False,False,True,False
MRPL43,True,False,False,0.539028998284999,-0.5675021085122959,0.013391616837503423,0.008771969843509699,0.013979575560867801,0.010476220804816076,0.40550727563555644,0.5616909663391478,0.49121172134632607,0.32778471967102746,1.1306252436500028,1.1518121463300548,1.3479622253168486,1.2539230359548732,0.9613251019796383,0.2227047146401985,0.7847597600646542,0.07632535715837566,False,False,False,True,False
VDAC3,True,False,False,0.406259388942792,-0.44997913330710104,0.01607882841336271,0.007497755306090809,0.013970240636687541,0.010511199985857773,0.5307544072107515,0.42383909139919984,0.4906856316034388,0.3296019396036533,1.1156771906097367,1.1301354954526723,1.688688353937828,1.0847410378676947,1.0808467720136814,0.22332506203473945,0.7847597600646542,0.1061014696628145,False,False,False,True,False
COA6,True,False,False,0.4222738767677675,-0.4595013314778161,0.01979195678825853,0.008907603650889204,0.016476405426972984,0.01970037399020667,0.7038180700440199,0.5763646135966832,0.6319259421506223,0.8069930524820332,1.105115573309292,1.1057898082232764,1.8374309650366114,1.1502133199823232,0.9955208708115237,0.2239454094292804,0.7847597600646542,0.14308191163227166,False,False,False,True,False
MRPL27,True,False,False,0.5408262885117052,-0.5774181573395268,0.014696601610772846,0.00934585212575807,0.014035971407126493,0.013826358689069838,0.4663307705436701,0.6237768602601236,0.4943900306378877,0.5018293130265372,1.0826683484151443,1.0772868113835816,1.333705902713647,1.2389073947815576,0.9069396654155423,0.228287841191067,0.7847597600646542,0.06905163490686564,False,False,False,True,False
TYMS,True,False,False,0.3027507955735087,-0.3515727038602278,0.01509820190393781,0.008557205231879174,0.01743588231719983,0.016433535010124973,0.4850487923066513,0.5384564924616261,0.6859993272942426,0.6372759597860421,1.0722286522764781,1.0816373252125646,2.2740315988385174,1.1774295249954096,0.8959263802293806,0.23076923076923078,0.7847597600646542,0.07576634029395418,False,False,False,True,False
NDUFB7,True,False,False,1.1086136723026678,-1.0173487439607989,0.011869160987014644,0.006063746406377402,0.012523643293226333,0.003345001224948624,0.3345477613432666,0.2686997410771602,0.40915952493272767,-0.04269263224350246,1.0550996595966569,1.045799052141527,0.5975832011885385,0.5715854404746704,1.5423923239908062,0.23449131513647642,0.7847597600646542,0.03262055372445041,False,False,False,True,False
NDUFS7,True,False,False,0.661813167779791,-0.6880373169395047,0.014291159033797345,0.005150329101410996,0.00910376633050597,0.0001951230776690144,0.4474336653656386,0.16988099086318498,0.21642499840832954,-0.20633343754868502,1.040073092185838,1.065310337980418,1.219587626614914,1.1712642879083273,0.9042021819527285,0.23573200992555832,0.7847597600646542,0.09105050170870338,False,True,True,True,False
TIMM10,True,False,False,0.280321419228171,-0.32533547595185364,0.017331836000182746,0.008196296398240367,0.017475966223077736,0.018427360200048832,0.5891553189591998,0.49941129407589796,0.6882583420789388,0.7408581126381082,1.0359668424759283,1.039729014134174,2.170446250975803,0.7823087326338364,1.1772750200278406,0.23635235732009927,0.7847597600646542,0.13078817399235457,False,False,False,True,False
CLPP,True,False,False,0.6603292860485561,-0.6778824703314108,0.017979784989628413,0.00784273191786787,0.012008221294853122,0.012758235000369565,0.6193553050950759,0.4611606501692242,0.38011180891849433,0.44633871548218107,1.014289048700613,1.0008356603219337,1.182078278712725,1.1257313309842583,0.8822577042533835,0.23945409429280398,0.7847597600646542,0.11045996894321967,False,False,False,True,False
MRPS7,True,False,False,0.4186286490994148,-0.45415714827884557,0.015593458604780504,0.008353376861480539,0.011599894057648111,0.011345886219121328,0.508132006792324,0.5164051642117358,0.3570996486602136,0.3729651177971851,1.0086717018670883,1.008794884550044,1.6702528618507515,1.2137066841774609,0.7600558564223212,0.23945409429280398,0.7847597600646542,0.11485830441322228,False,False,False,True,False
NDUFS3,True,False,False,0.4107653218660929,-0.4494584132067786,0.0157395008072463,0.00656078587027068,0.012883051720812343,0.009151344945976277,0.5149388273315351,0.3224723358833911,0.4294147603914228,0.2589554690356711,1.007870454570678,1.022781182804187,1.9024626828088083,1.0640794979445936,0.9203922302963259,0.2400744416873449,0.7847597600646542,0.12437319944703343,False,False,False,True,False
NDUFA8,True,False,False,0.4796493606244034,-0.5099601838398541,0.01752055741060844,0.008033947065614744,0.012066459091162758,0.013171058892993826,0.597951357028917,0.4818474072731107,0.38339392526943855,0.4677855242409892,0.995407165330477,0.9959617751847647,1.3056988370846092,0.923032314134247,1.0336677262726468,0.2413151364764268,0.7847597600646542,0.09749957532006145,False,False,False,True,False
BID,True,False,False,0.3108935609429978,-0.37259096090579114,0.02256796687165192,0.005727671090400857,0.01300074011751995,0.014141021574417247,0.8332039744857497,0.23234117580584598,0.4360473432779174,0.5181765129975496,0.9834159805719632,0.9761223896887508,2.016384469911732,0.8830608213972133,1.0025819021693412,0.24379652605459057,0.7847597600646542,0.24539326617322393,False,False,False,True,False
TFAM,True,False,False,0.29367234445455837,-0.3342922908503325,0.018155550407811465,0.008757364578750816,0.016691901278194574,0.020773952539334693,0.6275474826873827,0.5601108845931926,0.6440706746383451,0.8627670380533183,0.9689620038656019,0.9714040751498042,1.7111866365265198,0.804502038536416,1.0343028349405023,0.2456575682382134,0.7847597600646542,0.14696676116561674,False,False,False,True,False
ARL2,True,False,False,0.4233206612501035,-0.45748148987448767,0.016053907471968897,0.006982118699093978,0.011462573266595426,0.009826785139552714,0.5295928773729938,0.3680545504331454,0.34936063993738453,0.2940455811112114,0.9529624866323124,0.9615070537226946,1.4668312015380294,0.7899614413519869,1.0595749239224488,0.2487593052109181,0.7847597600646542,0.09176179049193951,False,False,False,True,False
RAB32,True,False,False,0.6488551485407433,-0.6747175405392921,0.007403084253730488,0.009096755341974861,0.011406630751120972,0.006473773317169639,0.1263902402669103,0.5968281340624271,0.34620787907783124,0.11985168244042008,0.9495745709667485,0.9582703626366388,1.1836832366709418,0.85344210310715,1.0301030850300232,0.2487593052109181,0.7847597600646542,0.05269533312465257,False,False,False,True,False
MRPL54,True,False,False,0.42814466894122266,-0.4604521466497466,0.014668632867522877,0.006735766053053706,0.011903520204551606,0.009115057878490214,0.4650271869712819,0.3414027008773711,0.3742111536359139,0.2570703024774945,0.9235707390070724,0.922379452987133,1.6134008253633376,0.9680731899112396,0.8322477917833826,0.2518610421836228,0.7847597600646542,0.11398693183980886,False,False,False,True,False
MRPL17,True,False,False,0.3820232448058244,-0.4282559608233471,0.014102623054277216,0.007395101058069213,0.012957744423994506,0.011185454203175484,0.4386462699682126,0.41273336301142577,0.43362422843356846,0.3646304384671973,0.9203734229460097,0.9181169956196693,1.6683172483376876,0.8293177297717924,0.947331988267391,0.2518610421836228,0.7847597600646542,0.09062055578144705,False,False,False,True,False
NDUFA6,True,False,False,0.5677552211641729,-0.5932139555967585,0.010398815442984696,0.007566554247749829,0.008882005872376307,0.003846924790470711,0.266017034746038,0.43128215755726723,0.20392721051555812,-0.016616964353105237,0.9178433671719685,0.9313879067342838,1.165890904755623,0.959814110270687,0.8377071718046749,0.2524813895781638,0.7847597600646542,0.0850051185703588,False,False,False,True,False
MRPS33,True,False,False,0.5219220265760564,-0.5520859157891443,0.012859147826439904,0.006320320938517749,0.012410862665883406,0.007716134782959967,0.3806896479922768,0.29645745320390493,0.40280352995132546,0.1843941889236112,0.895556442223896,0.896585398107948,1.1735159930512133,1.159354099247435,0.5991732139839673,0.25496277915632753,0.7847597600646542,0.07742936876908482,False,False,False,True,False
MRPL16,True,False,False,0.3277255108112801,-0.37321533896448894,0.01743638373490709,0.0062336819251754315,0.009673314756069626,0.009536456091567334,0.5940281410341498,0.2870843452370325,0.24852312571826904,0.27896255980232476,0.8506730521871265,0.8640161064226425,1.8815768300491402,0.7140616906957573,0.9214082629747373,0.2642679900744417,0.7847597600646542,0.14996499655390372,False,False,False,True,False
POLDIP2,True,False,False,0.5059858304852297,-0.5312940091137766,0.018252744920401763,0.007872762167223409,0.014471013082052918,0.01906357193570306,0.6320775814768281,0.46440949567914963,0.5189077405290144,0.7739102485935834,0.841484569091409,0.8362564619718583,1.3439458422248571,0.8978380672116396,0.754297835983218,0.2667493796526055,0.7847597600646542,0.1357193829239379,False,False,False,True,False
ISCU,True,False,False,0.7110076041108253,-0.7228020287479991,0.018488376004612922,0.00616367757900253,0.017889040283596263,0.0196679889440824,0.6430600131068958,0.2795108714690848,0.711538019781209,0.805310601676056,0.8287983026811335,0.8043253527241319,0.8784010229255742,1.020060600195882,0.6567003604060201,0.2698511166253102,0.7847597600646542,0.0655499747765431,False,False,False,True,False
PARL,True,False,False,0.5545063735796703,-0.5752105887678851,0.014490659707427751,0.007716898240683069,0.012089046152027778,0.013245058929859319,0.4567321096504127,0.4475472374972492,0.38466686769656455,0.47162993505914746,0.817316279785079,0.8178701431969555,1.0728345160610901,0.6388639417498746,0.9645558504908089,0.2729528535980149,0.7847597600646542,0.09140527129132421,False,False,False,True,False
MRPS2,True,False,False,0.2923499037124091,-0.3351214586416016,0.017853919781804527,0.006158404448992688,0.011805517115579598,0.013229087850826785,0.6134889057439132,0.27894039386322467,0.3686879786337573,0.47080021399938715,0.790317064241508,0.8016055360993461,1.9196966565969356,0.739671461979252,0.7630759635770884,0.27915632754342434,0.7847597600646542,0.16076752332773786,False,False,False,True,False
HIGD2A,True,False,False,0.9079035182612217,-0.8835905624587133,0.02007676956935359,0.004712100651223249,0.013812078561957992,0.01457838618234877,0.7170927910181967,0.12247091058519731,0.4817720674841999,0.5408982480321929,0.7804375210554011,0.822962022359383,0.7505645876950522,1.162355200234059,0.40967391456240676,0.27915632754342434,0.7847597600646542,0.08106977831341836,False,False,False,True,False
MRPL23,True,False,False,0.6526434031027857,-0.6697427386141032,0.01415382153606379,0.006514222270727085,0.013459559361240256,0.012667552409149399,0.44103255880470754,0.31743481722971145,0.461905089232723,0.44162762141422657,0.7787448438529154,0.757118147539315,0.8950490025937148,0.9842943558998456,0.559590077317582,0.27915632754342434,0.7847597600646542,0.09053709109254204,False,False,False,True,False
MRPL47,True,False,False,0.3889661558123242,-0.42786190899230236,0.015099891673000049,0.007319050002176815,0.010086321171354367,0.011533510857776576,0.48512755005314634,0.40450572132467627,0.2717989911278026,0.382712493895259,0.7787197686103662,0.788969065458135,1.3511434870228034,1.0127082643828165,0.5045207128116171,0.27915632754342434,0.7847597600646542,0.07613176905848655,False,False,False,True,False
VDAC2,True,False,False,1.212605046582359,-1.0229887970721456,0.009129864334916124,0.005327220534811767,0.002591638536738375,-0.005718931549702384,0.20687301801786787,0.18901812596800507,-0.15057997887008825,-0.5135772789263968,0.7588884440421815,0.9245846145664973,0.2920034683724653,1.050417880826629,0.46463615016521564,0.27977667493796526,0.7847597600646542,0.05345131072015771,True,True,True,True,False
PPIF,True,False,False,0.24919742183971386,-0.28668501439792293,0.015517258420332681,0.00653033154916163,0.012591541578085357,0.013547902113639512,0.5045804239496001,0.3191776118462522,0.4129860789072639,0.48736308413914486,0.7493810305639713,0.7390584778881844,1.61091920501422,0.5259215370839689,0.8650977682381826,0.28101736972704716,0.7847597600646542,0.1510317453447617,False,False,False,True,False
COA1,True,False,False,0.40522475237136923,-0.43727397089648357,0.014548183563111761,0.008044318616827442,0.012910913052612185,0.01667076756601181,0.45941321521958023,0.48296946147883507,0.4309849457084145,0.6496005401903528,0.723767082216477,0.7316236998983936,1.3621618857459603,0.7151694255730603,0.6741020443656046,0.2872208436724566,0.7847597600646542,0.0924945837940687,False,False,False,True,False
TIMM50,True,False,False,0.36154477057449536,-0.39351381882504066,0.012407032015929985,0.006636380378538416,0.01061136124390637,0.009368597582527916,0.35961716939964694,0.3306505856159516,0.30138875441248847,0.2702420632268427,0.7214144462012444,0.7252197269411377,1.5460639394282474,0.807760443502921,0.5809104403269965,0.2878411910669975,0.7847597600646542,0.09542044324771004,False,False,False,True,False
PRELID3B,True,False,False,0.3993261945984451,-0.4264313587617364,0.018993786525925635,0.006137568050895015,0.010984618970854473,0.01480900791146593,0.6666164828061972,0.27668619218806745,0.3224244969433223,0.5528793862569203,0.7128477856806665,0.6956648612056726,1.3610178926752787,0.9874331905026666,0.4429208443654443,0.2890818858560794,0.7847597600646542,0.1525387625631916,False,False,False,True,False
PRDX3,True,False,False,0.5167345653891368,-0.544747155208754,0.013600483818818511,0.006399297427176728,0.00886399644081905,0.008354041809412906,0.4152422702766536,0.3050015850734621,0.2029122502400866,0.21753439773097338,0.705621707859229,0.7108578162572641,0.9028778171306815,0.6824224583670521,0.6991508621155276,0.2903225806451613,0.7847597600646542,0.13506028535083184,False,False,False,True,False
TMEM14A,True,False,False,0.46834386619931795,-0.4831122105837362,0.012464512896035295,0.007452422771123762,0.012104360953952906,0.013227917564469178,0.36229627193786285,0.4189347564089189,0.38552996631971104,0.4707394159008443,0.6960215787656485,0.6855745660595488,0.862855347009486,0.6800935585231253,0.6799869884896521,0.2903225806451613,0.7847597600646542,0.10679363879416927,False,False,False,True,False
SLC25A4,True,False,False,0.24767644139186945,-0.2873971331905034,0.015445542212271493,0.005349496652535248,0.010737802892072615,0.010383330543426302,0.5012378329054834,0.19142808481275755,0.30851464562376196,0.32295893388881886,0.6782216294531842,0.676441841136773,1.672838514293602,0.549383542269388,0.6917955421297393,0.29652605459057074,0.7847597600646542,0.19615498475307194,False,False,False,True,False
MRPS25,True,False,False,0.28038340672891776,-0.3248894504521289,0.014025671546362849,0.005698834873336516,0.012754599851489001,0.012237425395655276,0.4350596690011568,0.22922150759318616,0.42217557884042484,0.4192818900618945,0.6671748653728733,0.6649334296830688,1.1354852892966845,0.5533927771543212,0.6922145845400532,0.3002481389578164,0.7847597600646542,0.1440575256830763,False,False,False,True,False
MMAB,True,False,False,0.34124486738469495,-0.37600822026837305,0.011882633158687485,0.0061816905906570616,0.011002252727458675,0.009571738260349568,0.3351756802139913,0.28145962292103593,0.3234182852482834,0.2807955203939669,0.6592580679893438,0.6637535099666018,1.2984293797522417,0.3858008176027207,0.8717235062731976,0.3021091811414392,0.7847597600646542,0.110182435114782,False,False,False,True,False
MRPL19,True,False,False,0.3511830559190432,-0.38565386528921614,0.013648331618084411,0.006399996653158215,0.010051281787722709,0.010667150031528103,0.4174723885390474,0.30507723137141596,0.2698242712511605,0.33770377398188567,0.6546701171797381,0.6632759950805276,1.4865280008035207,0.6078265724608591,0.6408101976146985,0.303970223325062,0.7847597600646542,0.12667614065977936,False,False,False,True,False
NDUFB6,True,False,False,0.40630560385829934,-0.43875280910481074,0.012022985527105002,0.006325406885795311,0.010255752698592819,0.00937406214970271,0.3417173056341847,0.29700768030261454,0.2813476694973989,0.2705259555335657,0.6495466999006323,0.6561547585440695,1.2813042731120639,0.8132718790717828,0.4552159303507066,0.304590570719603,0.7847597600646542,0.0856680581417379,False,False,False,True,False
SHMT2,True,False,False,0.350938720086679,-0.402722728165704,0.014626864789872733,0.004854014997989466,0.00989387738968081,0.008544969296806856,0.46308043593608744,0.13782402280304168,0.26095340763233277,0.2274533616816978,0.6344045046897641,0.6430174989434345,1.0639021309823475,0.8265452860313096,0.39584059500274793,0.30893300248138955,0.7847597600646542,0.13482695889788118,False,False,False,True,False
TIMM44,True,False,False,0.224303674045402,-0.2589763282037776,0.016982810354449655,0.0060092745207358245,0.012024382843947256,0.01574190138639505,0.5728877271674104,0.26280665843943063,0.38102262780072715,0.6013445751827827,0.6153724382247855,0.6129053530032034,1.8472881625462156,0.43519223025647336,0.6870751771415041,0.31265508684863524,0.7847597600646542,0.20413702248693394,False,False,False,True,False
MRPS23,True,False,False,0.2649143615486927,-0.30571562254295476,0.01163285823849167,0.006067406483949472,0.01019505231996093,0.00936178773488946,0.32353402438942325,0.26909570937050387,0.2779267690196921,0.26988828162023515,0.600668221159384,0.6071294415631208,1.3630150210302139,0.3021589810784774,0.8232822399552927,0.31389578163771714,0.7847597600646542,0.10600258730602756,False,False,False,True,False
AFG3L2,True,False,False,0.24554814950457848,-0.27512862210735484,0.01364479437939263,0.005686544834853672,0.01031929837723522,0.010849058442068519,0.4173075228456192,0.22789190037384305,0.28492892298087874,0.3471541836170419,0.5829741625832989,0.5728758673043106,1.381895324183858,0.6510841401926908,0.43647590849523377,0.31699751861042186,0.7847597600646542,0.141764526559404,False,False,False,True,False
MRPS10,True,False,False,0.3177798300190657,-0.3447966978334623,0.01439626713948779,0.006427182193634982,0.010743969339422264,0.013627113177234227,0.45233260553890026,0.30801831987411776,0.30886216903563546,0.4914782154647531,0.5777348789839004,0.5852852821757852,1.4510939709102615,0.375808559288725,0.7182356835004688,0.3194789081885856,0.7847597600646542,0.12416101936801348,False,False,False,True,False
MRPL28,True,False,False,0.31338215844690875,-0.3590280294537975,0.009064012810444177,0.0046472781287440566,0.0068073630695934155,0.0011335125272953466,0.20380377158261917,0.11545803637941825,0.08700625029962583,-0.15758272464908887,0.5638507829107521,0.567422373673119,1.0934031941168916,0.6301926340283669,0.4388227930564573,0.3213399503722084,0.7847597600646542,0.07015381889073352,False,False,False,True,False
ISCA1,True,False,False,0.34977568543876786,-0.3873292960883644,0.013144780533643818,0.005710380935757153,0.011382436745108502,0.012168100232498088,0.394002584562933,0.23047062719284372,0.34484437379843874,0.4156803458127136,0.5536372397415019,0.4956295372551044,1.16020142930477,0.36170936023923467,0.6861054321311533,0.3225806451612903,0.7847597600646542,0.10477325353360173,False,False,False,True,False
MRPS18C,True,False,False,0.2917288336461387,-0.32355740844919056,0.012683562936186527,0.006334027275588994,0.008785030866542757,0.01054969383228381,0.37250588455148825,0.2979402837699864,0.19846197535131918,0.3316017515753929,0.5373063920974008,0.5425248767865913,1.4975656477181376,0.3527838828533621,0.6435111975975991,0.32444168734491313,0.7847597600646542,0.10107092170411272,False,False,False,True,False
COX7C,True,False,False,2.118889920834764,-0.6359452389611965,0.021955351107999815,0.00014357956841831027,0.001575196622666029,-0.001764679701124594,0.8046508200395323,-0.37177803923690483,-0.20786375053316408,-0.3081480760730661,0.5331571063425294,0.5804224703466252,0.7028141855694982,0.23664001992743444,0.7777807583665033,0.32444168734491313,0.7847597600646542,0.20713586070406742,True,True,False,True,False
TXN2,True,False,False,0.4966807529834388,-0.5333560005694538,0.015310649096196853,0.004437672558780734,0.009234744719273802,0.009540527606183687,0.4949506555170837,0.09278169737309154,0.22380656740021979,0.2791740809785351,0.5323648393118598,0.5485904896402729,0.7775627339860384,0.2002472190377978,0.8291633644659961,0.32444168734491313,0.7847597600646542,0.11908655998056861,False,False,False,True,False
NDUFAF3,True,False,False,0.49989323306269107,-0.5340128430799711,0.010893328541102802,0.005562462628919302,0.006396951263610199,0.004855107027712088,0.2890655909602432,0.21446797195956963,0.06387660968142145,0.035759586574442295,0.5316505860267918,0.5263089752336484,0.6607276442341159,0.7018882425983287,0.37560195305093447,0.32444168734491313,0.7847597600646542,0.07578670605976418,False,False,False,True,False
TOMM20,True,False,False,1.0120406546711689,-0.9588559530124001,0.01777587207788706,0.003910883812399689,0.008509248987890766,0.009997332294763052,0.6098512126312795,0.035790653672560624,0.18291969403961966,0.30290575681204945,0.5256558035314103,0.537263179559817,0.38580837037550686,-0.025071634854117425,1.0449463272673054,0.32568238213399503,0.7847597600646542,0.09302316835097481,False,False,False,False,False
ECHS1,True,False,False,0.47916393272227287,-0.5226107851932603,0.01039927651058825,0.004021360683383703,0.005845892689146969,0.0009664465946053523,0.26603852445504567,0.047742678512502065,0.032820517724272004,-0.1662620457168144,0.5128637664086342,0.5436629634177503,0.7469993678035041,0.542253423492742,0.47648956918878516,0.3294044665012407,0.7847597600646542,0.08111691521764486,False,False,True,True,False
NDUFA12,True,False,False,0.6045692387911393,-0.6264224009285511,0.0065734023573569885,0.004791547394208878,0.0052411543306628795,-0.0013823598743781555,0.08771994032693621,0.13106591727898828,-0.0012608139914921568,-0.2882859984282665,0.5058110420426989,0.4934201221270703,0.6857453619681464,0.6448688131837967,0.34933870328834116,0.33188585607940446,0.7847597600646542,0.053749742539625396,True,True,True,True,False
ALDH3A2,True,False,False,0.23221625962621129,-0.27410199011059494,0.016300690489616333,0.0040376183018345805,0.008867155537967783,0.00979398149423058,0.5410950848506199,0.049501521407240616,0.20309028795894102,0.29234138346086874,0.5013455107559328,0.4999346027827555,1.275877415725604,0.5552198380231711,0.38235406546030704,0.3325062034739454,0.7847597600646542,0.21019538842691263,False,False,False,True,False
HINT2,True,False,False,0.2677395461923322,-0.2964928135114545,0.009505942450164345,0.005272590547610868,0.010035220823389163,0.007570924303306333,0.2244014871589638,0.18310793899207864,0.26891912103959004,0.17685029080495068,0.4995782563856818,0.4999936724069095,1.3662080268425028,0.38646619260079107,0.5335694603729774,0.33312655086848636,0.7847597600646542,0.09715132966150329,False,False,False,True,False
NDUFA4,True,False,False,1.7297147687163994,-0.7199097330241239,0.005620824533716604,0.0033851021712927865,0.0011288512554133263,-0.009300315411866027,0.043321635003713055,-0.02109143557310771,-0.23301850433324767,-0.6996354411500988,0.48884713624745646,0.5205599465814588,0.5160844505471651,0.81253979635672,0.13990837577789061,0.3356079404466501,0.7847597600646542,0.03898077792471741,True,True,True,True,False
UQCRQ,True,False,False,2.3670931166949702,-0.5250779549177121,0.014931153762198638,0.005655602253263026,0.008046320306034135,0.01139639394169114,0.4772629146423265,0.22454435350281668,0.15683035185427122,0.3755890683149513,0.48304855168446303,0.3840576811603541,0.35031776229805844,0.6951674560177452,0.18293595417085473,0.337468982630273,0.7847597600646542,0.1387089505024286,False,False,False,True,False
ABCE1,True,False,False,0.27004296540339795,-0.28264719532620286,0.011647445814898499,0.006232617612396831,0.00980127699897036,0.01168161016895845,0.32421393069750953,0.2869692017445169,0.25573471331844255,0.3904064710631934,0.4765113746972756,0.469496475058555,1.2182263459788074,0.5533778017957153,0.32359500135716623,0.3399503722084367,0.7847597600646542,0.11837294665781065,False,False,False,True,False
UQCRH,True,False,False,2.3740986590271302,-0.5207289236135828,0.018833577523752854,0.0024925138657912555,0.007487271648620023,0.008172895554283261,0.6591493677658607,-0.11765678453867742,0.1253239615760957,0.20812358319104132,0.4586929616122377,0.40723881884043256,0.6997972777289089,0.6620231486474157,0.1358903058945206,0.3436724565756824,0.7847597600646542,0.185478409776311,False,False,False,True,False
SLC25A11,True,False,False,0.28089184449852633,-0.3195011538255149,0.011919230529285802,0.0049979980146469885,0.008791546753136625,0.0088006866416689,0.33688143190537717,0.153400935656316,0.198829192163867,0.24073825407662047,0.4483733056489397,0.4557861196011998,1.307474865032548,0.22898782893807942,0.6005477604010101,0.34615384615384615,0.7847597600646542,0.08753792987392106,False,False,False,True,False
THOP1,True,False,False,0.23476985606982725,-0.2727111208487879,0.01274609567230553,0.005420526828551249,0.010032162467863225,0.011839123865525568,0.3754204469546921,0.1991125387673912,0.26874676083170523,0.3985895394066785,0.44469020714711005,0.43738454210470296,1.1574779811849107,0.382538560195008,0.4264899165413613,0.34615384615384615,0.7847597600646542,0.1512442014423217,False,False,False,True,False
RRAS2,True,False,False,0.4416998770330792,-0.47391045354151873,0.011606948289889677,0.004518851831568438,0.009601296377588553,0.00860881169503662,0.3223263983242435,0.10156413912949704,0.24446437500035922,0.2307700682241256,0.4375848442299741,0.424272126999445,0.9842887292601921,0.48769801683254194,0.3653755738491382,0.34925558312655086,0.7847597600646542,0.1143058100555021,False,False,False,True,False
MRPL22,True,False,False,0.28020803954423157,-0.3212669815011147,0.009980505375396541,0.005442688499877947,0.008802840883132502,0.008207395926964787,0.2465201940264199,0.20151011614111725,0.1994656971671139,0.20991592832471254,0.43758007900993856,0.43304059803642436,1.1890208570723897,0.5378391067527052,0.28501438426520986,0.34925558312655086,0.7847597600646542,0.09904790604368265,False,False,False,True,False
MRPL40,True,False,False,0.3332491073492222,-0.37124828937229265,0.008279456829810128,0.004218162163983381,0.007957457019550992,0.003848674189875563,0.1672367267628761,0.06903379731152168,0.1518222700921406,-0.016526080479499633,0.4046188746460381,0.40673041627634315,1.0922163714298203,0.5400373753091502,0.2046389366750343,0.3573200992555831,0.7847597600646542,0.08029002840988858,False,False,False,True,False
TIMM9,True,False,False,0.3747658086133237,-0.41982416163726316,0.01633239084120221,0.005107654952815484,0.01166398425196475,0.0169470298443176,0.5425725934106918,0.16526425543708195,0.3607115894964267,0.6639527721128632,0.40459566623133714,0.37629321739295707,0.9600886264299122,0.2630383136931266,0.509604444848957,0.3573200992555831,0.7847597600646542,0.10776463476811207,False,False,False,True,False
MFF,True,False,False,0.4519056809601135,-0.4768169952728818,0.00973428061799416,0.00484000036527352,0.009426544960314994,0.008107392981111378,0.23504400626938218,0.1363078390366869,0.23461588277831877,0.20472062811715505,0.40124709996723273,0.3819967469713068,0.5794839213567975,0.5554790850679003,0.22211338684987025,0.3579404466501241,0.7847597600646542,0.06521664970354377,False,False,False,True,False
GOT2,True,False,False,0.3766494445381866,-0.4195224133662765,0.012103137298891708,0.0036241513761233533,0.008334891972189284,0.006723226101800602,0.3454530663748493,0.004770285605767907,0.17309342916700823,0.13281112171202678,0.3905056594355987,0.38670315300416824,0.8365558474578246,0.3665247881892573,0.3664464087557744,0.3598014888337469,0.7847597600646542,0.16426837274667602,False,False,False,True,False
CISD2,True,False,False,0.5748541843565708,-0.5941548329221528,0.009804835793635,0.00837565335348437,0.011884453483334459,0.01844554460699112,0.23833248323419778,0.5188151635482945,0.37313660752615085,0.7418028193400492,0.3884814349685939,0.4044900412673056,0.5697762802973909,-0.12697311337122452,0.8770099999259713,0.3616625310173697,0.7847597600646542,0.03112256934141604,False,False,False,False,False
SDHAF3,True,False,False,0.2020971038995167,-0.2398453490733206,0.013013898848749485,0.004430290611429393,0.009278779767475464,0.010287203682504081,0.3879023743092978,0.091983075749176,0.2262882573142556,0.3179650019977211,0.38820870537500834,0.38688218764511323,1.3854362186219085,0.283823778267903,0.37639981071811207,0.3616625310173697,0.7847597600646542,0.15343902523082914,False,False,False,True,False
COASY,True,False,False,0.27805443280902103,-0.3093579314469188,0.012572799358271831,0.004428128525854193,0.009185824178550257,0.00991284387353922,0.367343350815236,0.09174916886648908,0.22104954504051189,0.29851645899112517,0.38162560573111176,0.3706721180684439,1.047461618432467,0.36547597859173353,0.34824969568141023,0.3629032258064516,0.7847597600646542,0.11476762986409696,False,False,False,True,False
ATAD3A,True,False,False,0.17799912741954457,-0.21272888775842194,0.009484505563642732,0.004650102460371616,0.008707112081535073,0.007360742549963193,0.22340234419201063,0.11576358885812406,0.19407069452469367,0.16593103940240636,0.367305588172422,0.3670791703443059,1.5948862263559365,0.0846569577640083,0.5441688967729057,0.36600496277915634,0.7847597600646542,0.12593397313080054,False,False,False,True,False
MTX2,True,False,False,0.2686842601954842,-0.3111157725708427,0.01144644025949555,0.004550856260472637,0.008672584045641349,0.009134343265855516,0.3148453460013648,0.10502656276481594,0.19212479275035005,0.25807220673268166,0.3539244947838492,0.3623511979593892,1.0879272823078423,0.3710735408606303,0.27240373723868244,0.3709677419354839,0.7847597600646542,0.11992419315915079,False,False,False,True,False
MCUR1,True,False,False,0.37352668603605355,-0.4057461028845237,0.009795800734790396,0.006120221714353574,0.00789848553672303,0.010157918152662038,0.23791137191789294,0.2748095654934602,0.14849880525840936,0.3112484284579063,0.3499713142118563,0.27351839373119263,0.5874950267802989,0.32779631296199263,0.3476562402896862,0.37220843672456577,0.7847597600646542,0.06215617541381505,False,False,False,True,False
GRPEL1,True,False,False,0.1721469965785427,-0.2078035448179976,0.01036921064972179,0.004420664815679629,0.007483215067778437,0.0067142137398996694,0.2646371971960788,0.09094170166896669,0.12509534423215796,0.13234291624812838,0.3483313268490751,0.3498578579111705,1.596338785837381,0.352533142243848,0.20423339261009268,0.37220843672456577,0.7847597600646542,0.12443905910745966,False,False,False,True,False
MPST,True,False,False,0.7164611998238326,-0.7254966489766559,0.011209643490838219,0.004040215479049164,0.009187460709051416,0.008657287965791167,0.303808583467651,0.04978249901192786,0.22114177523906056,0.23328848183047965,0.3414443758881598,0.33818784707224686,0.20476022226377819,0.37972975072666665,0.2895397227422186,0.37344913151364767,0.7847597600646542,0.11562356947510812,False,False,False,True,False
ECI1,True,False,False,0.2731949051063167,-0.3168153617218673,0.012275236734418101,0.00427775875963584,0.005168592634940966,0.006098124529477797,0.3534743776995813,0.07548130062393181,-0.005350184521841857,0.10033617509201727,0.323269318709654,0.329121691746544,1.2066232576258442,0.11925843994357602,0.4712618067778849,0.37965260545905705,0.7847597600646542,0.14230310098458088,False,False,False,True,False
COX5B,True,False,False,1.4054603606303064,-0.8651793882725838,0.011677494682619081,0.002764808755290034,-0.003375529701543197,-0.006771658336110423,0.325614465929977,-0.08819835351966862,-0.4868725875321812,-0.568267984737645,0.3188115096157721,0.33755105731514734,0.25337881054909067,0.28725921168403656,0.3551724844953503,0.38089330024813894,0.7847597600646542,0.054666192546529456,False,False,False,True,False
STARD7,True,False,False,0.38748462690130503,-0.406284882828475,0.009807009494574427,0.005761693191079014,0.011563141077306577,0.014121832176459131,0.2384337963611623,0.23602188280623845,0.35502835535296795,0.5171795955333299,0.31230443898703875,0.2711687449486041,0.6225699241556771,0.20168337519303947,0.4036332944447412,0.38213399503722084,0.7847597600646542,0.07454056444190453,False,False,False,True,False
LYRM4,True,False,False,0.5597918159025631,-0.5879771172499354,0.012412776774682516,0.00517615685023083,0.01092930089783015,0.014772262233131495,0.35988492448146103,0.1726751856363071,0.3193069278819769,0.550970394190251,0.3008966438094941,0.2765743626368893,0.5092678847429809,-0.16463301428080468,0.7405643737111407,0.38275434243176176,0.7847597600646542,0.05446217369693856,False,False,False,False,False
COX7A2,True,False,False,1.676932065189901,-0.6981638007760209,0.0012651182272396038,0.00497328144143901,0.00525503960282733,-0.00178235454264547,-0.1596916765535599,0.1507269542671912,-0.0004782795946555461,-0.3090663101014572,0.2996233082204329,0.2951511153443742,0.33921090750176697,0.49258712481696615,0.07061422444813134,0.38337468982630274,0.7847597600646542,-0.030683093507110692,True,True,True,True,False
MRPL33,True,False,False,0.703915941474043,-0.7159620716843975,0.005938822319606194,0.004883583832524049,0.008604732558788816,0.006013561940669505,0.0581430621245747,0.14102294979742225,0.18830087617818864,0.09594302415593074,0.29152386394425484,0.22352699684911437,0.6025203447782911,0.18653513815185424,0.3944186041762463,0.38523573200992556,0.7847597600646542,0.0488179118187041,False,False,False,True,False
NDUFB3,True,False,False,0.43888654819403516,-0.47016379990942886,0.0067477038292455375,0.003968582919310671,0.006509480817643479,0.002924831614040003,0.09584388545261709,0.042032875713247174,0.07021845488609621,-0.06452106187759286,0.27261627792955334,0.26845329660402634,0.5545895326415593,0.0834240138637853,0.43590683004157926,0.3920595533498759,0.7847597600646542,0.044567193189949963,False,False,False,True,False
CHCHD4,True,False,False,0.14756460476356503,-0.17374496630045758,0.010317031464341346,0.004544017214165117,0.008724007278438263,0.009758188112967834,0.2622051991518827,0.1042866753058308,0.19502285970816927,0.29048186462853237,0.27103286953735034,0.24446874880327585,1.8572885822644123,0.19454997745910618,0.22157206666538432,0.3920595533498759,0.7847597600646542,0.15646609462185845,False,False,False,True,False
TMEM126B,True,False,False,0.2367947786189862,-0.26389019566429917,0.008422444122165102,0.005016780328915397,0.010326093300542231,0.010899478002818127,0.1739011622617585,0.1554329147003286,0.2853118655079411,0.3497735539985042,0.26487238847152395,0.26576560529793014,1.0160484112953188,0.07713476907612743,0.3717505488690394,0.3926799007444169,0.7847597600646542,0.08244666005593657,False,False,False,True,False
MRPL42,True,False,False,0.25205090001581987,-0.27888085862374934,0.010364997001015489,0.004752238604695015,0.007615373203502321,0.009259843036887028,0.2644408049883826,0.12681326580078245,0.13254340040281867,0.26459210453093435,0.2592053666610494,0.2557950128315658,0.7363384056513566,0.3618133008398876,0.09598884927895884,0.3951612903225806,0.7847597600646542,0.10396774066201449,False,False,False,True,False
MPC1,True,False,False,0.1963125493906254,-0.23135487724014794,0.010743589244074751,0.0043934657569871275,0.008249936035198774,0.009570696460088485,0.28208645407153266,0.08799915068774958,0.168305554494968,0.28074139733722636,0.2576497619170238,0.2502816310916134,1.0654106779531438,0.23830143164948978,0.18175649498476992,0.3951612903225806,0.7847597600646542,0.1454066287088788,False,False,False,True,False
TIMM17A,True,False,False,0.3434987525600597,-0.36523885378970333,0.005774524953094182,0.004794735331936839,0.007426258278091058,0.005291204086147362,0.05048539420372711,0.13141080676194877,0.12188542176640509,0.05841547054735163,0.24536615218472935,0.22719598528176282,0.37097238520190634,0.13192425404419575,0.3192072081993325,0.3988833746898263,0.7847597600646542,0.06206175622008966,False,False,False,True,False
MRPL9,True,False,False,0.3677964430526252,-0.4108718229211485,0.008179848310428041,0.004155294823585896,0.006802206056323133,0.005491624490044495,0.1625941145305031,0.062232445975634196,0.0867156157178082,0.06882760548077499,0.24271457074317054,0.2512153334389491,0.8216812652643094,0.16970714893822006,0.2851318922231797,0.3988833746898263,0.7847597600646542,0.09185460809453824,False,False,False,True,False
NDUFAF4,True,False,False,0.14080580148792823,-0.17061177123859944,0.010723479926808596,0.004165083353865572,0.009034043405061913,0.010343656055420473,0.2811491872302658,0.06329142561550957,0.21249561288661561,0.32089778584950446,0.23603843988288642,0.2307821330608526,1.5798153567987998,0.17432288601567125,0.17606276859211878,0.39950372208436724,0.7847597600646542,0.14190457637443218,False,False,False,True,False
ETFA,True,False,False,0.34975149612988815,-0.38455687013923867,0.009715061817731086,0.003065719604829068,0.004232734560313488,0.0019539786215491788,0.2341482451663522,-0.05564408296272257,-0.058092480479730264,-0.1149583036043415,0.23536998532824085,0.23398351759211442,0.8616941773653108,0.507056807546051,-0.053012189802957466,0.39950372208436724,0.7847597600646542,0.1175493087006387,False,False,False,False,False
DGUOK,True,False,False,0.8927959206782532,-0.8815283420146376,0.004300606230029416,0.004913211540179187,0.005940557111230955,0.0028062877746710367,-0.01821187321549561,0.14422824602540799,0.038155534968444926,-0.07067958878920036,0.23485149656755766,0.22457870371307026,0.15135815900329005,0.12433376419079423,0.3431651681653385,0.39950372208436724,0.7847597600646542,0.015269068851633342,False,False,False,True,False
NDUFV1,True,False,False,0.42787669482867513,-0.47688001182630685,0.007651737902812925,0.0034128070268746257,0.003819123914671186,0.00040481017933942614,0.13797963523046902,-0.01809416456831027,-0.08140239859149422,-0.19543988402849866,0.2339229560991632,0.2526987802715318,0.6976117205367841,0.3258183725705044,0.1195888077115891,0.39950372208436724,0.7847597600646542,0.10013380537532336,False,True,False,True,False
SUCLG1,True,False,False,0.3436928785471406,-0.3849361999245342,0.007584594004232743,0.0026644901750037604,0.004572845090658391,-0.0002657329861014654,0.1348501530655768,-0.09905139590591343,-0.03892481955316759,-0.23027558828563016,0.22714952589212595,0.2303256960080858,0.7028346952873579,0.2383429076141353,0.17524359821736563,0.4032258064516129,0.7847597600646542,0.07424322101116705,True,True,False,True,False
NUDT1,True,False,False,0.27244709835321756,-0.3070615045055901,0.00689508581476601,0.003993744368412891,0.007522999034935335,0.005101349624748807,0.10271315138542458,0.04475498634147243,0.12733745532470075,0.04855225187621892,0.22625334117537887,0.22895258503452334,1.017064019864919,0.13395381437752832,0.2653526293051399,0.4032258064516129,0.7847597600646542,0.057148770772281594,False,False,False,True,False
PGRMC1,True,False,False,0.381937012012043,-0.4061342299384078,0.004605939503654793,0.004353341546640255,0.007809504843386602,0.004235125603564885,-0.003980721102430593,0.08365828228264921,0.1434841067803777,0.0035506391872796653,0.21961102877331667,0.22184229205286177,0.7672923019820075,0.2385798515964624,0.165276401372063,0.4057071960297767,0.7847597600646542,0.04834613928655285,False,False,False,True,False
MRPL24,True,False,False,0.24407861680785375,-0.2828297896263819,0.00897586151143413,0.0038242531885352643,0.0066861892181936675,0.005991901906665537,0.19969516419017544,0.026418453327774895,0.08017723711252836,0.09481775351318918,0.2114731011172895,0.2074752861657279,0.7295264152763817,0.1521486496056727,0.19803191425550906,0.40818858560794047,0.7847597600646542,0.09530657684849708,False,False,False,True,False
BAD,True,False,False,0.5649934544284646,-0.589280994577981,0.00439807025775028,0.004854005897186854,0.007253595795633192,0.00471743224802156,-0.013669212706934771,0.13782303822574593,0.1121546559617275,0.028607179158863703,0.20770130232167494,0.22337600817021658,0.5051628714829169,0.8660984884252824,-0.44940342932650756,0.4106699751861042,0.7847597600646542,0.04202721640579413,False,False,False,False,False
IARS2,True,False,False,0.3172148058245154,-0.34763769310042103,0.01072665012727884,0.003575558527600391,0.006702404484166136,0.007359157974730129,0.28129694579121545,-0.00048676890181312683,0.08109108332504969,0.1658487183870905,0.1960525418273615,0.1487285733322183,0.6710530666091753,0.11855844573345098,0.2353528890147046,0.4174937965260546,0.7847597600646542,0.1467313612057086,False,False,False,True,False
FH,True,False,False,0.19901272933356265,-0.23588512324963892,0.007829438157134909,0.003447922748138917,0.006084238833709519,0.003944065289255656,0.14626199279916707,-0.014295143387813567,0.04625302767183383,-0.011570372483307282,0.1897902495664946,0.18716145318428207,1.2118503320883942,0.09977643258441432,0.22275381833872906,0.41873449131513646,0.7847597600646542,0.11129029421451621,False,False,False,True,False
TMEM14C,True,False,False,0.8080248698752808,-0.8080895971335409,0.0017080210705503873,0.003836736777401884,0.003492781832076395,-0.003510320927736351,-0.13904860133406016,0.027768999943518977,-0.09979410901252085,-0.39883670678831556,0.1877629963852535,0.22919740283624834,-0.014385685603625076,0.11793558711395977,0.256778111618458,0.41873449131513646,0.7847597600646542,-0.018676320016384668,True,True,False,True,False
UQCRC2,True,False,False,0.49544064962233797,-0.5272394974637313,0.00461144972576227,0.0022306178836059686,0.002693656873373463,-0.0046269819853131475,-0.0037238974419850977,-0.14599020181126063,-0.14483051594422622,-0.456848892076378,0.16230427687890608,0.16642787800053144,0.29559145261009895,0.18020418411726447,0.12395919073376177,0.4286600496277916,0.7847597600646542,0.039009789267125325,True,True,True,True,False
NDUFA9,True,False,False,0.2719979047987733,-0.3086562395326833,0.008284375754214307,0.0034113451959095382,0.003989160045408792,0.002622033427366296,0.16746599087352274,-0.01825231387006818,-0.07181964649046993,-0.08025187329168783,0.15764590380467247,0.16114349031161668,0.6015567345399937,0.18472145015547387,0.07453377574146751,0.4292803970223325,0.7847597600646542,0.10724419208975162,False,False,False,True,False
SLC25A33,True,False,False,0.13520864470633037,-0.16061483983235048,0.009112427918773792,0.0037193625041108593,0.008047441184494932,0.008478016363873384,0.20606033131824314,0.015070774356125244,0.1568935213722943,0.22397505828375855,0.15404956876290413,0.13936894071212313,1.7601977276723022,0.02638943971120994,0.14796221210790472,0.4299007444168734,0.7847597600646542,0.16001434896050543,False,False,False,True,False
APEX1,True,False,False,0.625056051622914,-0.6557358280568062,0.008552521457012942,0.0029948219029866147,0.005969551394510867,0.004217152328364244,0.17996388289715487,-0.06331420509750298,0.03978957020444444,0.0026169010900314593,0.15382234691406488,0.2015837463945288,0.1689564786757442,0.35962470375307437,-0.038880685394249936,0.4305210918114144,0.7847597600646542,0.007316789388887192,False,False,False,False,False
NDUFA5,True,False,False,0.3306661469204135,-0.3532660647044325,0.0072764593610235,0.004433308673439688,0.005876699215952189,0.006088884918270268,0.12048843307761381,0.0923095870976079,0.034556685844467284,0.09985616369220722,0.14749854232748177,0.14204090465817104,0.5901582423225851,0.1034509986684824,0.16493548940345545,0.4317617866004963,0.7847597600646542,0.04442106861727634,False,False,False,True,False
TMEM11,True,False,False,0.2185999097517932,-0.2508169890751784,0.006772270478384204,0.00382046047413731,0.007202695431312195,0.0062638080244146604,0.09698890222936579,0.026008135617910426,0.10928605638219081,0.1089436764839874,0.12333941774547963,0.10981141469785721,0.6210713258685411,-0.0849759168636258,0.2499212035859832,0.4392059553349876,0.7847597600646542,0.0703358783029442,False,False,False,False,False
ACAT2,True,False,False,0.3330216488480398,-0.3782392605325462,0.0009182494772785954,0.00406225246031197,0.002802675312090647,-0.003141879593678819,-0.17585873848347056,0.05216658669566115,-0.13868654719984433,-0.37969563726314626,0.1173169382754925,0.1208790721807318,0.5113012746620469,-0.016059820941175418,0.22173581599770542,0.44168734491315137,0.7847597600646542,0.03950750319458119,True,True,False,False,False
ECSIT,True,False,False,0.21074783658110577,-0.23589972239470575,0.008309721331034966,0.0035448596566958193,0.006865363907812523,0.006911370727289462,0.16864731236805042,-0.0038079497457445878,0.090275012367395,0.14258551189135138,0.11252886309834947,0.11177469674644752,0.7939369376011118,0.16723931614039161,0.003580455150494141,0.4441687344913151,0.7847597600646542,0.10055462897502489,False,False,False,True,False
GHITM,True,False,False,0.7966757952458849,-0.7965614410073519,0.005864130627526612,0.0012951349672493855,-0.0014131629046894223,-0.008933637151297651,0.05466178797798133,-0.24719613708121066,-0.37627918327182497,-0.6805859658873383,0.11177243351228405,0.1806072585462699,-0.06768183545676376,0.3528930622641222,-0.12248650736717703,0.4441687344913151,0.7847597600646542,0.04306254936660516,False,False,False,False,False
TOMM5,True,False,False,0.29982764816484386,-0.33634955295050234,0.009023514670082318,0.004349586256286041,0.008128770414557632,0.010657461351602136,0.20191621052861822,0.08325201332159896,0.1614770051699861,0.33720043280127565,0.10944479621892761,0.06586120724803585,0.45887046381394947,-0.11390829523642482,0.28495965617225744,0.4447890818858561,0.7847597600646542,0.10460283315971824,False,False,False,False,False
MTX1,True,False,False,0.23137076150464853,-0.2729661772394586,0.0047365564318243,0.002763113176771168,0.005226566563962031,0.00046498671601113853,0.002107149214651817,-0.08838179097942876,-0.002082938979842601,-0.1923136243889185,0.10395604364429895,0.10674803611047327,0.7366978452993285,0.19092639691762864,-0.04344024550184969,0.445409429280397,0.7847597600646542,0.05470514699314193,False,False,False,False,False
COA3,True,False,False,0.3656457779325012,-0.39994294900692223,0.005553660196560823,0.005179290321576578,0.00529861082619069,0.006368338412694609,0.040191200225714284,0.17301418263202262,0.001977270472369671,0.11437418398846572,0.10080846934164087,0.08643420546804811,0.2251938402338921,0.3724124393835996,-0.18440949499824172,0.446029776674938,0.7847597600646542,0.02814095519894542,False,False,False,False,False
MRPS11,True,False,False,0.34146406994980183,-0.36752151440251,0.005238286422209076,0.004648872701855757,0.004527896197655637,0.0042512148534420485,0.0254920745720268,0.11563054649190053,-0.04145801115775401,0.004386499396325919,0.09527811050984741,0.0971128164155917,0.36510686097368955,0.05381024727671649,0.10521755366885689,0.4472704714640198,0.7847597600646542,0.031327666658189424,False,False,False,True,False
MDH1,True,False,False,0.34421184961441603,-0.3774440259678261,0.007208708456129445,0.0023046292282015725,0.002000223578880551,-0.0015109568320546252,0.11733065920679726,-0.13798322785223058,-0.18391044166881526,-0.2949667996307347,0.09040378931648613,0.09229308724428453,0.6309168155000655,0.4065715248754198,-0.23772377059078775,0.4485111662531017,0.7847597600646542,0.07582306097751246,True,True,True,False,False
MTIF2,True,False,False,0.12304848793749798,-0.14085635252328163,0.009160950241769708,0.0034106571978267403,0.005811726222657907,0.006777312122632698,0.20832188817785147,-0.01832674546920917,0.03089499297190109,0.13562097009056195,0.08526916558998143,0.07203367649841574,1.708494651249192,0.10341443475711481,-0.06756374198649677,0.4497518610421836,0.7847597600646542,0.14798758996284644,False,False,False,False,False
MRPL50,True,False,False,0.16772219967348753,-0.19033925428998075,0.007595392854604551,0.0033793933152612187,0.006414648911404511,0.006177675606045102,0.13535347221079377,-0.0217090525321074,0.06487399871190838,0.10446897059193554,0.07404944779865923,0.0702162706404198,0.9087498449318954,0.06459399164842058,0.001731995240372819,0.4509925558312655,0.7847597600646542,0.08808164966276903,False,False,False,True,False
MRPS9,True,False,False,0.1634281132975442,-0.19257969671192018,0.007562426149568427,0.003048687752903796,0.005497111469534729,0.004480399895430626,0.13381694070715147,-0.05748668689844148,0.013164201442912301,0.016292999610406648,0.07320145564121565,0.0729463012169653,1.087004738344231,0.060101087280216015,-0.0058424223287696884,0.4509925558312655,0.7847597600646542,0.11631299283195347,False,False,False,False,False
PUS1,True,False,False,0.16637164870533447,-0.19132814532390904,0.008735512323229451,0.003865021140675404,0.006562696285156523,0.008435357969726451,0.18849282840482268,0.030828965431462164,0.07321752708860683,0.22175889192911438,0.07078042899577727,0.04927232998966552,1.4196967961848952,-0.05926595409007884,0.12515280019493535,0.4509925558312655,0.7847597600646542,0.14236097836411782,False,False,False,False,False
FIS1,True,False,False,0.8805574979590713,-0.8622399909378151,0.005438387327676714,0.0028754175471857523,0.005067725346987883,0.0018443067935797774,0.034818494813948726,-0.07623205671492991,-0.011034777621932024,-0.1206559164671451,0.06820757694423189,0.0815435210210187,0.08855114141107362,0.24232447355694658,-0.10461088797704998,0.45161290322580644,0.7847597600646542,0.03795918641418288,False,False,False,False,False
SDHD,True,False,False,0.18607013701388858,-0.21611434453406755,0.007859001853348431,0.003310799953622271,0.0059149678829679584,0.005942952865077039,0.14763991487376965,-0.029129877858364298,0.036713398936314035,0.09227477876625284,0.06294865718546655,0.0635455739808823,0.9089887510519197,0.05352146800132101,-0.011372562762795718,0.45347394540942926,0.7847597600646542,0.10334238807529306,False,False,False,False,False
PPA2,True,False,False,0.3164992746832977,-0.34621105566355626,0.0061251213220789085,0.0028894118533567582,0.0038348685082934472,0.0013331346139463546,0.06682619518512145,-0.07471807199139614,-0.08051507813225413,-0.1472120634714544,0.05880510853292559,0.06019090366175672,0.5990898269019265,0.11830681676159854,-0.04049852904948181,0.45471464019851116,0.7847597600646542,0.07685243260663972,False,False,False,False,False
MRPL13,True,False,False,0.18104177431850066,-0.20386763116871687,0.006672819218771409,0.0035816325621504694,0.00511508114256033,0.004686347491901179,0.09235361965245906,0.00017035517469792653,-0.008365939842872984,0.026992280332174986,0.057165754652109005,0.04096949543175271,1.0065835470065712,0.1457997094706979,-0.10957315359263409,0.45533498759305213,0.7847597600646542,0.08349609657660766,False,False,False,False,False
FXN,True,False,False,0.18327248389815573,-0.2054823982413179,0.006804968637970294,0.002884248949265163,0.00605622049391925,0.004446935755213198,0.09851291720933111,-0.07527662472193024,0.04467399383162762,0.014554488278228667,0.05335579804079983,0.03526157008015318,0.8302294121849024,-0.08856370319465964,0.12423228818380415,0.45719602977667495,0.7847597600646542,0.08295604233402606,False,False,False,False,False
RAB7A,True,False,False,0.501546912520779,-0.5318741685156555,0.007874768919930851,0.003645126409923505,0.003645194126225306,0.004750024897938239,0.14837479555102775,0.007039485690501491,-0.09120458615263381,0.030300415287379194,0.03390927980151625,0.04613275282440245,0.2092401361855023,0.3027208918935878,-0.22231164020078095,0.4621588089330025,0.7847597600646542,0.04572238299045822,False,False,False,False,False
IDH3B,True,False,False,0.23543315929511374,-0.27237391439778,0.005324528415688705,0.0021128796222987635,0.003536985079841523,-0.0006900770181491733,0.029511691933639363,-0.15872780572075998,-0.09730293985008534,-0.2523208852412305,0.025801831604024522,0.025010818619839947,0.5410189002843853,0.23953052674526396,-0.22309494545340816,0.4640198511166253,0.7847597600646542,0.06117660351021111,True,True,True,False,False
DNAJA3,True,False,False,0.12921501159144225,-0.1512117978633101,0.007889216431296852,0.002955809846128023,0.00572476538179522,0.005883414756422065,0.1490481736256265,-0.06753475432629645,0.02599412762717206,0.08918168640169205,0.018325860524810056,0.00836829830397226,1.4649377528966343,0.10925791547889296,-0.17611399520973697,0.46712158808933,0.7847597600646542,0.11782674332023368,False,False,False,False,False
TRIAP1,True,False,False,0.28712845547851157,-0.3193003754086451,0.0062665198427011935,0.001958751728762489,0.008492374781394429,0.005360484823222713,0.07341658028021923,-0.17540224984345748,0.1819687118156979,0.062014706796200934,0.01796833545625872,0.0025056421146254504,0.12174029098697203,0.008525268291796586,-0.013898299411395018,0.46712158808933,0.7847597600646542,0.059556740104778814,False,False,False,False,False
NDUFV3,True,False,False,0.40414079419064247,-0.42697466491861835,0.00841865951531089,0.0025548525028983382,0.0046163651905062305,0.004363045291620055,0.1737247670880817,-0.11091263137290067,-0.03647215066188803,0.010196255236209817,0.016143729817083195,0.01955442851451534,0.5829128939982692,-0.012257876397031894,0.03590282428528028,0.46712158808933,0.7847597600646542,0.09965816082135656,False,False,False,False,False
SLC25A3,True,False,False,2.0718051555046513,-0.6233751560033952,-0.0043832031319169275,2.5057443268674574e-05,0.0004050846475378801,-0.016871341633947573,-0.42295194783422624,-0.38460044605612104,-0.27380792921714225,-1.0929613953740989,0.011601072266609336,0.10718732176063095,-0.06697247718487054,-0.17774349781455845,0.1276069692412739,0.46774193548387094,0.7847597600646542,-0.01799146625377233,False,False,False,False,False
FDX1,True,False,False,0.632878188559396,-0.6473854954409545,0.0096708680286447,0.0043447848482611184,0.007011726029060894,0.011961364100829259,0.23208843515130376,0.08273256931970582,0.09852356471223496,0.4049400995269381,0.008404469656306424,0.012605184114075463,0.15628228802034505,-0.12089886293165852,0.14069362080435407,0.46774193548387094,0.7847597600646542,0.032101657027092154,False,False,False,False,False
MRPS18B,True,False,False,0.21613683248157292,-0.25485238885558537,0.009332703259762674,0.002418749033645015,0.004727341630194732,0.005211334293765024,0.21632705347121814,-0.12563708935970688,-0.030217834558740064,0.05426611729180068,0.006206012260970506,0.007355918521721211,0.47802827963092653,0.06845083984673345,-0.10467025864552636,0.4683622828784119,0.7847597600646542,0.11311129287306448,False,False,False,False,False
IMMP1L,True,False,False,0.21098787366382868,-0.23056108412276638,0.005399188168515793,0.003344908093755487,0.007534280423991265,0.006658879090556347,0.032991477436839174,-0.02543986261367667,0.12797324228485576,0.12946819978087662,0.00605665732714164,-0.017743773775080268,0.5864746126272635,-0.16281776231153988,0.10292608016357399,0.4683622828784119,0.7847597600646542,0.06398056769594086,False,False,False,False,False
LONP1,True,False,False,0.14553003574200557,-0.18616375039742186,0.01046527027441169,0.0032274628011742636,0.006200200773132845,0.009519827910758108,0.26911440046532736,-0.038145771477334556,0.05278831234237574,0.278098701338234,0.0056582399921345505,0.001527463394609574,0.9571932645154169,-0.10218390203781047,0.02756612827328206,0.4683622828784119,0.7847597600646542,0.1339841807767808,False,False,False,False,False
COQ2,True,False,False,0.1433830165929032,-0.16731125014468878,0.005862364427910178,0.0032490119890461293,0.006025465533234764,0.005258873872796107,0.05457946791143547,-0.035814456094928664,0.04294073183114741,0.0567358683846277,0.004969875263026516,-9.293206109248914e-05,1.2673554294969205,-0.042784639913352546,-0.04407223229391713,0.4683622828784119,0.7847597600646542,0.08764217612632348,False,False,False,False,False
SLC25A1,True,False,False,0.6269038191004546,-0.6481853987748083,0.0014693903916305475,0.0018445002907984632,0.006601808404282778,-0.0009745911480502859,-0.150170839831784,-0.1877626291009643,0.07542177473942531,-0.267101812998049,0.0045901188047259844,-0.031876130264842456,-0.05785190427447062,0.23795547927611582,-0.22219084259620753,0.4683622828784119,0.7847597600646542,0.046544466813247344,True,True,True,False,False
MRRF,True,False,False,0.24781122494811897,-0.2794199045865089,0.007283989172001785,0.003041901829930592,0.006364429579661641,0.006647076654251375,0.12083938691943477,-0.05822082716884613,0.062043780189036585,0.1288550458456437,-0.0041927059060184735,-0.0003667072272211386,0.5825765199415276,-0.15419916642349626,0.10564428663528977,0.47084367245657566,0.7847597600646542,0.09913553767334879,False,False,False,False,False
MTHFD2L,True,False,False,0.29819011045233107,-0.3271147279579778,0.008591542446111862,0.0031062887815320695,0.005950285140325994,0.007621712421948305,0.18178259601962415,-0.05125507553183317,0.03870377898484854,0.1794888083113137,-0.010257508838674184,-0.0408357315807544,0.12314764047122007,-0.1453751467031532,0.08236724547595717,0.47146401985111663,0.7847597600646542,0.11375097565203246,False,False,False,False,False
BAX,True,False,False,0.7439434101038591,-0.7501442320563148,0.009599729002629648,0.001511260688191228,0.009624743543737019,0.009230805062259635,0.22877274574616663,-0.22381441055113058,0.2457857905118602,0.2630835390149756,-0.012339413308079361,0.007815318947387656,0.1023027682661489,-0.009520448129696851,-0.009465603231090358,0.47208436724565755,0.7847597600646542,0.05447175594522096,False,False,False,False,False
NDUFA1,True,False,False,0.8363002661636297,-0.8281337215549104,0.0003062684004136421,0.0033085174370564895,0.0021594195169954197,-0.0033657510199417377,-0.20438231107604707,-0.02937681365993807,-0.17493861195340643,-0.391326087320436,-0.017371649368955577,-0.02736571635293311,-0.17593267491607611,0.05597990784242013,-0.10252251227408285,0.47332506203473945,0.7847597600646542,0.02604576697326864,True,True,False,False,False
CSNK2A1,True,False,False,0.2986618951089538,-0.3231172283046807,0.008553438140406901,0.003084789671612437,0.004042325709465308,0.005623762020280936,0.18000660821386885,-0.05358097319264997,-0.06882338106893938,0.07569234463825758,-0.01809009068597807,-0.02801874893096823,0.03658065488337142,-0.10947325286677755,0.03271978647280929,0.4739454094292804,0.7847597600646542,0.09406667039806133,False,False,False,False,False
UQCRC1,True,False,False,0.8363331084706006,-0.8305592705403082,0.0008629027003233143,0.0018465170405969349,-0.005115542842485414,-0.013699079772846205,-0.1784383734916907,-0.1875444454805143,-0.5849347729620815,-0.9281577231946289,-0.02275986873965763,-0.008302130567151567,-0.16052876818138184,0.024837949591355768,-0.04887436142746071,0.47580645161290325,0.7847597600646542,0.07544404634077792,False,False,False,False,False
PYCR1,True,False,False,0.11714563444668284,-0.1413579484781079,0.006253733853360124,0.003084687758977634,0.005287454953158027,0.005076244425485499,0.07282064339765057,-0.05359199868904414,0.0013485572378425681,0.04724799982813798,-0.026670797881688985,-0.034530951349293966,1.5398527050332658,-0.0920602633873503,-0.08462615190342267,0.478287841191067,0.7847597600646542,0.11290300403007814,False,False,False,False,False
PDHA1,True,False,False,0.1950718557771027,-0.22975906268120008,0.00785802351981851,0.00278750111132383,0.004168233992798016,0.0048813200549961515,0.14759431613139773,-0.08574336361475027,-0.0617275487807725,0.03712139191854919,-0.03699798818267423,-0.03971309923505668,0.677656687623968,-0.19693805572308337,0.047660431320197705,0.4807692307692308,0.7847597600646542,0.10542999502256915,False,False,False,False,False
ME2,True,False,False,0.1809546326552406,-0.20466900807576247,0.008601384732459472,0.002995775362301767,0.005234097108080333,0.007162781106662701,0.1822413310683468,-0.06321105437177121,-0.0016585389587501734,0.15564665109073586,-0.038274913352910445,-0.041048033017642246,0.6945288237891121,-0.1311548694518359,-0.002714221441389504,0.4807692307692308,0.7847597600646542,0.1484448116673577,False,False,False,False,False
MRPS14,True,False,False,0.23603410691540594,-0.27441495012993905,0.003397290576438461,0.003657238565941943,0.004655782436573867,0.0032975474131601273,-0.06031413845416099,0.008349848559292059,-0.034250706925591005,-0.04515792760185681,-0.04105706921860313,-0.03762253027839323,0.33733520541576456,-0.33103956097311726,0.19620976737896792,0.4813895781637717,0.7847597600646542,0.03921740718320586,False,False,False,False,False
ATPAF1,True,False,False,0.12811551193164644,-0.14937206966784597,0.007070307309575689,0.0025261506018535735,0.004343714951923016,0.003992857596684128,0.11087997747845843,-0.11401776850418499,-0.051837941657567436,-0.009035540306643889,-0.045940192376650105,-0.062419561694881213,1.4569206190988788,-0.05189460306300729,-0.13858658697459456,0.4832506203473945,0.7847597600646542,0.11871966405715897,False,False,False,False,False
ISCA2,True,False,False,0.18814005739537587,-0.21946566954363633,0.00579195643809871,0.0029744944871650256,0.005323528960270186,0.004874273318003395,0.051297851069991914,-0.06551334213557683,0.003381585547454401,0.03675530356136481,-0.04758920907949533,-0.06477067590466801,0.4383516235199144,-0.05617429811138791,-0.09794306316202306,0.4838709677419355,0.7847597600646542,0.07733992288305046,False,False,False,False,False
ARL2BP,True,False,False,0.3559742206200669,-0.37596799054171187,0.004025511091980718,0.002567524759056428,0.0066591338742571175,0.003893148969938525,-0.03103366858896341,-0.10954167364183401,0.07865247497622688,-0.014215550203412766,-0.047707317051157785,-0.05750687904079619,0.1321197823218738,0.062331400517757804,-0.19500545527657942,0.4838709677419355,0.7847597600646542,0.06357470305482955,False,False,False,False,False
TMEM70,True,False,False,0.16456439645453347,-0.19863205709808587,0.006559979773980082,0.0031078617246210823,0.0046720907712466415,0.005178626080407234,0.08709433269656237,-0.05108490547990968,-0.03333161562616065,0.05256687747244924,-0.0498890658819572,-0.04934725200790703,0.9699591254805918,-0.2294906807936674,0.05637587883238222,0.4851116625310174,0.7847597600646542,0.10163028623639793,False,False,False,False,False
MCAT,True,False,False,0.10289641119363253,-0.1299101893411218,0.007045362567166157,0.002342605347585697,0.004883832983647952,0.0042654886713329055,0.10971733830901492,-0.1338747523119583,-0.02139842753277012,0.005128045241982413,-0.05068388677769591,-0.06038197512551968,1.3612511851202422,-0.20343943376229087,-0.037324387362901806,0.4851116625310174,0.7847597600646542,0.1444336754037369,False,False,False,False,False
TRMT10C,True,False,False,0.1878780679515671,-0.21389744282326478,0.004488179199398902,0.002558616849481794,0.0058077827205074255,0.0035353537781396735,-0.00946936235940206,-0.11050538265675879,0.030672748420969544,-0.032803536970727194,-0.05649845962446411,-0.06383345457508083,0.6211982722654431,-0.10257076566252021,-0.07382241699171395,0.48635235732009924,0.7847597600646542,0.0343679035454918,False,False,False,False,False
NDUFS4,True,False,False,0.4727051989004523,-0.5009392271630501,0.005786905733912062,0.0036834061653969064,0.004106558440182297,0.00522055637902969,0.051062444890033726,0.011180810333477481,-0.06520340728711645,0.05474521819308675,-0.05770537025669199,-0.04978645768913227,0.18189912856195029,0.061184415733330236,-0.18162387578781486,0.48635235732009924,0.7847597600646542,0.05033181239743006,False,False,False,False,False
MRPS21,True,False,False,1.0442276031751645,-0.9651555875595045,0.0035897188212030313,0.0010788925085374905,0.0018750077008925954,-0.004552837537132287,-0.05134533007772892,-0.2705904929762881,-0.19096725196357756,-0.45299697887786183,-0.059906096139732745,-0.02196834508250456,-0.11825185479222361,-0.1354564461325276,0.008047983662067992,0.4869727047146402,0.7847597600646542,0.027912791472447025,True,True,True,False,False
SCO2,True,False,False,0.21785829601377246,-0.24851283658018178,0.007238959952406928,0.002022965238923865,0.004260643235588114,0.00333245384309821,0.11874063866976563,-0.16845526210138384,-0.05651962701932404,-0.043344487196128705,-0.06288976325481355,-0.06430921074008883,0.27267480286258555,-0.1269150134473379,-0.05427720390258313,0.48759305210918114,0.7847597600646542,0.09805014427676474,False,False,False,False,False
HSD17B10,True,False,False,0.3830533762858231,-0.43289624253620546,0.0028373241214553896,0.00248065113423177,0.0009649776886077158,-0.003071863266324009,-0.08641338307450078,-0.1189401632314813,-0.2422539518807582,-0.3760581860167393,-0.07154931217000099,-0.04669538375686921,0.02665945073716519,-0.2830714383218328,0.11769191250216965,0.48945409429280395,0.7847597600646542,0.026133237762671645,True,True,False,False,False
CHCHD7,True,False,False,0.2425781649346002,-0.26160286700823704,0.0052967668072295224,0.0030028974191254366,0.005727207391469738,0.0054013018424165825,0.028217762620941146,-0.06244054920349676,0.026131752338094956,0.06413521101215308,-0.07222624525661374,-0.08256499714054819,0.0010431756663230596,-0.1356214533362459,-0.044380713003550426,0.48945409429280395,0.7847597600646542,0.04753634934412989,False,False,False,False,False
MRPS30,True,False,False,0.1347381192685042,-0.16022440601701235,0.006439596039599491,0.002059768233145809,0.004355290450844347,0.00310439682134875,0.08148341707126115,-0.1644737020046234,-0.05118557950296185,-0.05519238509872348,-0.07898347933760064,-0.08796643125607417,1.1014725368208464,-0.16917467791767096,-0.08087971703629394,0.4913151364764268,0.7847597600646542,0.11423589677912624,False,False,False,False,False
ECI2,True,False,False,0.30625333794916837,-0.32991414516290174,0.007266654082856889,0.0027608429759877675,0.0038907601016403186,0.004868411425071158,0.1200314229278744,-0.08862739438865988,-0.07736518709879583,0.03645076959681373,-0.08241192815639505,-0.08216131736823326,0.2998631472349773,-0.061078206176441,-0.1283966734454971,0.4913151364764268,0.7847597600646542,0.10051840275050034,False,False,False,False,False
BCKDK,True,False,False,0.44571951711495766,-0.47264422904296227,0.0044660629573879205,0.002047806792415149,0.004399091308801087,0.0015229326314856583,-0.010500169125040714,-0.1657677596246571,-0.048717087884205014,-0.13735177714187602,-0.08763323949202678,-0.09830374617710039,0.14844247480890305,-0.3260635499956188,0.11261373783635117,0.49193548387096775,0.7847597600646542,0.023914424542027742,False,False,False,False,False
SFXN1,True,False,False,0.2914182513099767,-0.3005307847832839,0.007045645818031963,0.002707048945744777,0.007592515482422953,0.008747074170650631,0.10973054023132617,-0.09444714272130246,0.1312552043367958,0.23795300730781854,-0.09141440546099905,-0.10578929234675621,0.03259953831179857,-0.11679302153190452,-0.06812956595427991,0.49317617866004965,0.7847597600646542,0.10248987615335937,False,False,False,False,False
SDHA,True,False,False,0.16224427684440743,-0.19742225478747383,0.0061808032603194694,0.0022073483812067906,0.0043033121974238855,0.003410902275541035,0.0694214515868982,-0.14850763073743195,-0.054114925842541524,-0.03926897568119597,-0.0939321293118793,-0.09350139743637695,0.7088229886254156,-0.20737549252641085,-0.057179585286737514,0.4944168734491315,0.7847597600646542,0.11944500566992379,False,False,False,False,False
DAP3,True,False,False,0.30341908084867764,-0.3354826751314513,0.00537748706303816,0.002327584324909634,0.003709729434746798,0.0023345559676112453,0.031980019597976896,-0.13549981314638043,-0.08756755994742736,-0.09518675039543656,-0.09590060310039433,-0.10148139921970391,0.17973053291604463,-0.25124263385086254,0.01978639480671929,0.4968982630272953,0.7847597600646542,0.03828487170453783,False,False,False,False,False
MRPL1,True,False,False,0.17540465419797627,-0.20488366573955488,0.005961084257490144,0.0028673598104838587,0.004640046313296167,0.005068114224099447,0.05918065956882445,-0.0771037891269447,-0.0351375500203334,0.04682562390122921,-0.09988630347968286,-0.11518343448210952,0.6839361597851185,-0.07971226711200814,-0.17200715815587783,0.4975186104218362,0.7847597600646542,0.08098807190377194,False,False,False,False,False
NDUFS5,True,False,False,1.736556796775729,-0.7662454116164411,-0.009049526445216588,-0.00045997222963697296,-0.004350191001437158,-0.024961871178247545,-0.6404426788371828,-0.4370737524327635,-0.5418017227626164,-1.51327631172032,-0.10604184231224245,-0.06446131335536087,-0.04754037506873865,-0.2418618626004283,0.004963911084145289,0.5012406947890818,0.7847597600646542,-0.08281414901638856,False,False,False,False,False
TIMM8A,True,False,False,0.13887326708114067,-0.1633961089184798,0.005540339473893921,0.0031930228818363923,0.006154835540947771,0.0071404288699732045,0.0395703401789929,-0.04187168050920222,0.05023165704712071,0.1544854194997931,-0.10655510278288172,-0.11994379765305621,0.9713550684884364,-0.11194485269642433,-0.1823554088070397,0.5012406947890818,0.7847597600646542,0.08945714374818776,False,False,False,False,False
TIMM22,True,False,False,0.21389513193815637,-0.2489293356126492,0.006913206502545984,0.0030090521186196912,0.004734552738240909,0.006520045760243284,0.10355773101845389,-0.06177469832826379,-0.029811437044985456,0.12225560395546313,-0.11028400831025847,-0.11915508869639442,0.21503386348328363,-0.09380530321337818,-0.16719682453498055,0.5024813895781638,0.7847597600646542,0.10017605305598697,False,False,False,False,False
ACAT1,True,False,False,0.23106539101242937,-0.2664935442624534,0.006637958412847777,0.0015595247527810212,0.003451648151780674,0.001881678945363823,0.09072880678489083,-0.21859292578499145,-0.10211228609386694,-0.11871437818281164,-0.11126202691115594,-0.11174755486192016,0.1915180226427144,0.0009018708123205987,-0.26313156019727174,0.5031017369727047,0.7847597600646542,0.12213671216674483,False,False,False,False,False
SLC25A10,True,False,False,0.07426821193253813,-0.09979606779519584,0.006062228096848071,0.0026794373452995075,0.0044093540594702454,0.004833013408914106,0.06389483089418121,-0.09743432484777806,-0.0481387084826593,0.03461179056356172,-0.11628999299981788,-0.12431056501904916,1.0380355596437736,-0.19477496095952984,-0.18936095863802932,0.5037220843672456,0.7847597600646542,0.14725119974586334,False,False,False,False,False
PNPT1,True,False,False,0.0923513990608464,-0.11228950528203406,0.005508103275374235,0.0024939508221338376,0.005475071269245657,0.005238451206483211,0.038067856551075314,-0.11750132631699284,0.011922078520502208,0.05567488081442354,-0.12318627205983886,-0.1311137437353062,1.0443989177130475,-0.2305781922223976,-0.14250316560953427,0.5049627791563276,0.7847597600646542,0.10733440357977178,False,False,False,False,False
LYRM7,True,False,False,0.11278814995153294,-0.13754202497472984,0.0062378889508208565,0.0024018909306213415,0.004316193204674996,0.004568885456062733,0.07208213489651137,-0.12746089613752912,-0.05338898895628427,0.02088995470602647,-0.12965770490332848,-0.151539905837175,1.0698783658824862,-0.21332611016652253,-0.15143550639462244,0.5068238213399504,0.7847597600646542,0.12374259882255315,False,False,False,False,False
TBRG4,True,False,False,0.13403133215641475,-0.16392579126701848,0.006769403252057431,0.002624769811294463,0.005391620671494597,0.006755521577942706,0.09685526486480865,-0.10334857385344715,0.0072190404811060165,0.1344889192256139,-0.13376318773314638,-0.1394278024258655,0.7601783836128507,-0.18835510970098313,-0.16242228975167694,0.5086848635235732,0.7847597600646542,0.12935231882416245,False,False,False,False,False
IMMT,True,False,False,0.22452834116530018,-0.2547933217145046,0.00504408618370232,0.0020400234373355963,0.004118021451809774,0.002900673826800352,0.016440676073041057,-0.16660980785086324,-0.06455738459605212,-0.06577609447677513,-0.14895042189709917,-0.1522856898309954,0.2008071238242084,0.049998066167190484,-0.37939493160243754,0.510545905707196,0.7847597600646542,0.05318605264796935,False,False,False,False,False
TOMM34,True,False,False,0.1236373050933,-0.14623316702204375,0.00485379845287839,0.0024230671596258057,0.0052527408048296306,0.004798788007274498,0.007571634024489626,-0.12516992959563397,-0.0006078333033098565,0.032833730580182414,-0.1510398594546366,-0.15893588859897584,0.8573357148900865,-0.1602020576687165,-0.21872771754716022,0.511166253101737,0.7847597600646542,0.07734966195028607,False,False,False,False,False
GABARAPL2,True,False,False,0.6702789136904252,-0.6849840003593135,0.006063992026706477,0.003741422438923512,0.00427490035609819,0.007585786434983666,0.06397704517051508,0.01745734528721602,-0.055716136308674315,0.1776224004176133,-0.1519041462685565,-0.12262777244447426,-0.24076037773904613,0.03664065350760154,-0.34090057844987853,0.511166253101737,0.7847597600646542,0.03825544760298195,False,False,False,False,False
MRPL48,True,False,False,0.18691713135228766,-0.21834232499910491,0.0038458574826832634,0.0026217630779970377,0.005097530370137082,0.004162992736155449,-0.03940706927083634,-0.1036738595964069,-0.00935505139571713,-0.00019676942979539753,-0.15223921083316497,-0.1547220469519284,0.2857835909300713,-0.09007315435149214,-0.2781117898157043,0.511166253101737,0.7847597600646542,0.06378575249085056,False,False,False,False,False
ATAD3B,True,False,False,0.13715978223245698,-0.16309885024177947,0.003935254327046443,0.002257690999738338,0.0052596909750762385,0.0037421726079751253,-0.03524040877080407,-0.14306127602230054,-0.00021614150084266995,-0.022058994393491883,-0.1564588319004554,-0.169372415692238,0.8551465987299661,-0.10871069527621163,-0.26487411804125616,0.5130272952853598,0.7847597600646542,0.08548169034367423,False,False,False,False,False
TIMM17B,True,False,False,0.20899376572322265,-0.23414861466041037,0.005432372380592116,0.0028874192689064774,0.003576268962210537,0.004586540856300898,0.03453814663604928,-0.07493364126515738,-0.09508901211205076,0.02180717873116977,-0.15729168547232864,-0.15920953808413707,0.3077305552588777,-0.2283105413837276,-0.13490741749091786,0.5136476426799007,0.7847597600646542,0.07106468935599314,False,False,False,False,False
TIMMDC1,True,False,False,0.26152373788475725,-0.28546583027465083,0.0051322356958120735,0.0017890538627880772,0.0037978782659602644,0.002291680505517014,0.020549200180588895,-0.19376114335072117,-0.0825997428496765,-0.09741419374939339,-0.15839749227041536,-0.16272635298684907,-0.1098319666142396,-0.15986422066319927,-0.18783908402210997,0.5136476426799007,0.7847597600646542,0.05986113302273724,False,False,False,False,False
MRPS22,True,False,False,0.16064528174934958,-0.2001853433622805,0.005973787648364841,0.0019438955202281723,0.0017236407341458182,0.0011924000621192361,0.05977274665367767,-0.17700948013381568,-0.1994978631479542,-0.15452343055247733,-0.1622111660756149,-0.1676051924176056,0.4431958371274941,-0.15719809138790278,-0.22192369939319354,0.5136476426799007,0.7847597600646542,0.09827288308363291,False,False,False,False,False
AK4,True,False,False,0.2780544560487169,-0.3121783194132611,0.009684989187965027,0.001289137074458388,0.002973279474134046,0.004633772527626669,0.23274660241854683,-0.24784502370324107,-0.12907178247205991,0.024260933565569964,-0.16843113732232412,-0.1831877620592183,0.19221465324574816,-0.354013946473798,-0.011183784011955647,0.5155086848635235,0.7847597600646542,0.16132869178503575,False,False,False,False,False
BCS1L,True,False,False,0.1035894953313947,-0.12250751852964878,0.006162109588742522,0.0022861771212518965,0.004344613435170994,0.005040172308879814,0.06855016598934614,-0.1399794831647448,-0.05178730570040386,0.0453740002845319,-0.1685906231603344,-0.18628426885079596,1.1026643201103996,-0.294204169198074,-0.13881341693538024,0.5161290322580645,0.7847597600646542,0.10217855691452739,False,False,False,False,False
TIMM23,True,False,False,0.15625911896930425,-0.17740680972890296,0.004739186153086236,0.0023292590618188306,0.005128689096000401,0.004722315202663233,0.002229716803991886,-0.13531863045211331,-0.007599034339596696,0.028860855838554376,-0.1695488038262725,-0.17671578287066225,0.7415179500804995,-0.2876322694194989,-0.11176520325181827,0.5167493796526055,0.7847597600646542,0.08690852325915473,False,False,False,False,False
GABPB1,True,False,False,0.201887187069634,-0.21141362386404616,0.005262489222518248,0.002863459214995023,0.003838194025805629,0.004932556450698332,0.026620132869350024,-0.07752577803519203,-0.0803276614356461,0.03978319807790205,-0.17101650467939017,-0.18110756517230053,0.07529564536122178,-0.3100794792264206,-0.08118035579574871,0.5179900744416873,0.7847597600646542,0.026214363450689254,False,False,False,False,False
GPT2,True,False,False,0.07973116388301053,-0.10031590879292207,0.006407630190262094,0.002058770058076678,0.004060146276209903,0.004533502677763263,0.07999353403643032,-0.16458169033842218,-0.06781906467646198,0.019051767301900842,-0.17145898828035466,-0.18052502111885965,0.9754495396214549,-0.20948675389143578,-0.25806929852922156,0.5179900744416873,0.7847597600646542,0.15869411397796207,False,False,False,False,False
CCDC51,True,False,False,0.11106636861050555,-0.13298214450599496,0.006050908969628661,0.00201465088476652,0.0038985112099459472,0.004010228141220514,0.06336726238081902,-0.1693547568692166,-0.07692835670822637,-0.008133114954419188,-0.17478273624220478,-0.182127968776802,1.104219244069627,-0.16457734650831846,-0.2738975281880739,0.5186104218362283,0.7847597600646542,0.09809218076931571,False,False,False,False,False
ENDOG,True,False,False,0.1697545312229678,-0.19261970480199822,0.0043353071190136575,0.0017994112542930514,0.004580473233045524,0.0028019905334784687,-0.01659451385033443,-0.19264062102381382,-0.03849491917158333,-0.07090283679323815,-0.1768272172524934,-0.19085567203438056,0.2539039030586512,-0.1904883148910844,-0.21839139173184474,0.5186104218362283,0.7847597600646542,0.09779514781007535,False,False,False,False,False
TSFM,True,False,False,0.0977105206940265,-0.12132083240706354,0.005543263513720215,0.0025438177658822494,0.0034941693557676273,0.0043970143694275435,0.039706625540422966,-0.11210643284232859,-0.09971591212866036,0.011960998819288629,-0.1840767182498546,-0.19390670821515277,0.9308107399220873,-0.22497894282798178,-0.2560711942362255,0.5192307692307693,0.7847597600646542,0.08506641875503039,False,False,False,False,False
PGAM5,True,False,False,0.1313826302822104,-0.14690779730650214,0.005061426458239426,0.002482218340785577,0.0043644586788803875,0.004837049939587037,0.0172488817483997,-0.11877061379100948,-0.050668884280047025,0.034821494272426756,-0.18701211059508355,-0.2008254532461565,0.942529786538521,-0.13468059993451356,-0.30436298375046683,0.5198511166253101,0.7847597600646542,0.12350959527150263,False,False,False,False,False
MRPL2,True,False,False,0.1344096214685708,-0.1549353207204035,0.005477776270535776,0.0026574466371071573,0.0032779947166284547,0.0044800537088956986,0.03665435774085624,-0.0998134064439694,-0.1118988991703722,0.016275014710447823,-0.19133296258393315,-0.20170518227637282,0.9159558493271578,-0.18834541362072685,-0.26391043720250973,0.5204714640198511,0.7847597600646542,0.09194293182682614,False,False,False,False,False
MTHFD1L,True,False,False,0.21894243398391147,-0.2538180418484365,0.00635268199161966,0.0030749305486571974,0.004302703526844236,0.00728089707950595,0.0774324761997439,-0.05464758995515869,-0.054149228783044005,0.1617829497066577,-0.1931472922451165,-0.20637270210842776,-0.049372075221443434,-0.21818076484957166,-0.2051381131359527,0.5204714640198511,0.7847597600646542,0.07901249945430458,False,False,False,False,False
SLC25A6,True,False,False,2.318440388620542,-0.5831955989675711,0.013966587888926817,-0.0012734713610463924,0.006772825815446165,0.007745020454319445,0.4323058632780373,-0.5250827785689498,0.08505982901076516,0.18589484206066292,-0.1936119283408103,-0.13963562784142372,-0.16870614895361732,-0.07874313875039995,-0.33913496606435195,0.5210918114143921,0.7847597600646542,0.04055489339581903,False,False,False,False,False
IDH3A,True,False,False,0.10303671332430095,-0.12286384656439538,0.0048085055957686074,0.0022013703648799954,0.003893728350586853,0.0037558784754420193,0.005460598003058596,-0.14915436700897036,-0.07719790504112152,-0.02134695440819097,-0.19954471963884235,-0.20780615140402478,0.8474759776468377,-0.24742953291691003,-0.24815276381440945,0.5229528535980149,0.7847597600646542,0.09461019163653013,False,False,False,False,False
BLOC1S1,True,False,False,0.601625885587943,-0.6192202188544756,0.0036601727302126236,0.0028100197963571746,0.00408588288399203,0.004342665002153676,-0.048061573007394956,-0.08330716243993333,-0.06636862275433895,0.009137469205546587,-0.20687482740721386,-0.21248443818289786,-0.14947356150646712,-0.43415452893670414,0.024234663463300152,0.5254342431761787,0.7847597600646542,-0.011594889753693874,False,False,False,False,False
MRPS18A,True,False,False,0.16086119741814436,-0.18706926946829025,0.005990304865332481,0.0021320714470346555,0.002325447619746396,0.003187415300569802,0.060542590779606054,-0.15665152347340727,-0.16558174089568292,-0.050879452928100505,-0.21081122066138366,-0.2212561303578846,0.5229691058837334,-0.019026847063067384,-0.4448067954067507,0.5260545905707196,0.7847597600646542,0.09226015220051768,False,False,False,False,False
POR,True,False,False,0.12848087923639578,-0.15642630870785876,0.0046807523801255455,0.0019068256218115831,0.0023172206648895107,0.0015528465531776069,-0.0004937987227311557,-0.18101991546514662,-0.16604538864276974,-0.13579770488681614,-0.21176139794383136,-0.21789510472401244,0.8550827741312141,-0.16546979004619614,-0.3415964631591043,0.5260545905707196,0.7847597600646542,0.12225073307719984,False,False,False,False,False
ETFB,True,False,False,0.584554862508911,-0.6306012658303365,0.009964713599715267,-0.00020292910043648738,-0.005086364279554714,-0.006051292997345092,0.2457841616930053,-0.40926534477443094,-0.5832903522497536,-0.5308439452549407,-0.21592759007623852,-0.16757421941428752,0.019787904984226112,0.06211906388282906,-0.4702629227931725,0.5279156327543424,0.7847597600646542,0.07113464186888033,False,False,False,False,False
HIGD1A,True,False,False,0.5033302969956825,-0.5271723473731893,0.0033310821676090898,0.0028166372954544286,0.0015660924756690868,0.0015027071814011713,-0.06340001876464042,-0.08259124323545013,-0.2083768343312047,-0.13840251903877882,-0.21596557729251648,-0.1988110790792246,-0.17014197195597078,-0.18831466374927797,-0.2437988545118746,0.5279156327543424,0.7847597600646542,0.05096557664595893,False,False,False,False,False
KRAS,True,False,False,0.28276769495839604,-0.30378155467198953,0.00669932965328128,0.001727828021772379,0.0046550761536742645,0.005732708673927354,0.09358923351666017,-0.20038490781968243,-0.03429051101846659,0.08135228362777115,-0.22243846894926,-0.22747911863187859,-0.16845390288866693,-0.29911928421516976,-0.1731454140784363,0.5291563275434243,0.7847597600646542,0.08644927670282695,False,False,False,False,False
MRPS17,True,False,False,0.09204995385660789,-0.10887438535210907,0.005251718711580233,0.0021390518505187994,0.003168761764556224,0.0037997443525331085,0.026118134585067437,-0.15589634318008258,-0.11805495727655535,-0.019068057537591873,-0.22876510833397862,-0.23918931729714396,0.6044628106874619,-0.3440376843049616,-0.21427127910948432,0.5303970223325062,0.7847597600646542,0.09851776946556894,False,False,False,False,False
MRPL44,True,False,False,0.1404167384104517,-0.17501435060290627,0.005302963867295719,0.0017084778406366923,0.003597974012602944,0.0034152860139687402,0.028506598827387628,-0.20247832197534366,-0.09386577728337986,-0.03904123401849815,-0.22879626641283776,-0.2276834571010931,0.7146809218446736,-0.3943843402758036,-0.11546570745974606,0.5303970223325062,0.7847597600646542,0.09135949791815047,False,False,False,False,False
COQ9,True,False,False,0.11917496924686144,-0.13620254672066626,0.005650342444648744,0.0019063911577045728,0.0033173982685414305,0.003879333860703431,0.04469742309109522,-0.18106691829707694,-0.10967822719763377,-0.014933265459338558,-0.23111445694427693,-0.23934123426313897,0.9693650888605676,-0.2976899777552805,-0.24051833907578374,0.5310173697270472,0.7847597600646542,0.11135408986736527,False,False,False,False,False
MRPL35,True,False,False,0.12794458666030442,-0.1474720768894103,0.004529310524802935,0.0021660120761003297,0.004274470246808756,0.0044770527981882365,-0.00755228944596992,-0.1529796305417648,-0.05574037604336546,0.016119112982870786,-0.23239140901397096,-0.23950331347090653,0.762037570795562,-0.3236673949542771,-0.2177343628527849,0.5310173697270472,0.7847597600646542,0.0765545515676218,False,False,False,False,False
PDHB,True,False,False,0.17944802320561654,-0.21569980741969408,0.005071662446940784,0.0016592775987695246,0.0031890521555330556,0.0027326596860039833,0.01772596670709753,-0.20780108779673087,-0.11691144862389206,-0.07450467635106803,-0.23248189336245736,-0.23287167898572603,0.23754432811654097,-0.17810067938653712,-0.32501630446659535,0.5310173697270472,0.7847597600646542,0.06535458948723999,False,False,False,False,False
MPV17,True,False,False,0.25449711485572885,-0.2883703488389526,0.0022184105823701223,0.0016427629355529362,0.00304075669036504,-1.2113468028282157e-05,-0.11526006792799787,-0.20958773927617488,-0.12526895872628402,-0.21709968107967947,-0.23301708485077727,-0.23315274559969412,-0.07984616789300497,-0.246878253261974,-0.24825283847324672,0.5310173697270472,0.7847597600646542,0.022723598653918587,True,True,True,False,False
DLAT,True,False,False,0.11520989725794233,-0.13354914302979715,0.004872796865392168,0.0015360064964945685,0.0040358717741121155,0.00349646680868734,0.008457123166174406,-0.22113726634083924,-0.0691871064859869,-0.03482377226222688,-0.24704347739842486,-0.2556368548937328,0.551684215569698,-0.326275036720716,-0.24322456828924788,0.5353598014888338,0.7847597600646542,0.10621642233925224,False,False,False,False,False
MYO19,True,False,False,0.16531037303899027,-0.19520663231061597,0.004915705368046133,0.0022460396632102793,0.0051006095677741834,0.0062876850452768095,0.0104570277981263,-0.1443217847818401,-0.00918151658580112,0.1101841228566654,-0.25323039642618034,-0.2704670798641066,0.36938239025627845,-0.4553447216596184,-0.10152213154441783,0.5378411910669976,0.7847597600646542,0.08588560689945705,False,False,False,False,False
SLC25A26,True,False,False,0.22904877496195036,-0.25132774480501724,0.0036586177313935025,0.001926974780035354,0.002700542631923924,0.0019496365049805997,-0.04813404930343631,-0.17884006336172067,-0.14444245420152282,-0.11518388295020443,-0.25623268391647536,-0.26113771474154,-0.18809353795451172,-0.2854908193860569,-0.2578933115614265,0.5390818858560794,0.7847597600646542,0.03611042102571082,False,False,False,False,False
ARFIP2,True,False,False,0.21941989047047353,-0.2469390810918153,0.0029941080206417566,0.0017419692236995943,0.004347316085448013,0.00277087787843876,-0.0791059072409361,-0.19885503106633773,-0.05163499202737395,-0.07251918500984374,-0.257076745324804,-0.2653630511346819,-0.06256510921799122,-0.24919233156222426,-0.2962081648343953,0.5390818858560794,0.7847597600646542,0.05630303957998977,False,False,False,False,False
GLUD1,True,False,False,0.1806925541060644,-0.20020606317620954,0.004079306983243296,0.0011087014354750357,0.002810333742101692,0.0008110302594268925,-0.028526318169778613,-0.2673655914015404,-0.13825493989402918,-0.17433615304955297,-0.25981069641579524,-0.2663230569375049,0.3324701513318,-0.2955392263657245,-0.2662530563920266,0.5397022332506204,0.7847597600646542,0.06608326612399015,False,False,True,False,False
NDUFB4,True,False,False,1.0685736487061281,-1.012485699032926,-0.005165584153524363,0.0006902602253405156,-0.007482134576698659,-0.01945172849832502,-0.45941762088934013,-0.3126349739703735,-0.7183091435439162,-1.2270162904341895,-0.26334544796944037,-0.20717638002736938,-0.26139257242076797,0.01704891605800074,-0.5256851389670809,0.5446650124069479,0.7847597600646542,-0.024045276696297288,False,False,False,False,False
SMIM20,True,False,False,0.26021308313061703,-0.28706792314974616,0.006228928430031725,0.002781562286479289,0.0039244300348599236,0.0075336266758879444,0.07166449769356813,-0.08638585992578612,-0.0754676455474686,0.17491262417108774,-0.26510163195077435,-0.3136637835552146,-0.05233322182148453,-0.5481520354816075,0.00033032449570701006,0.5459057071960298,0.7847597600646542,0.05097376476399805,False,False,False,False,False
COX11,True,False,False,0.1669621898305363,-0.19226457379789544,0.003958085924044728,0.0025789083945966054,0.003023243772279241,0.004182465145736634,-0.034176260320787945,-0.10831012631855103,-0.12625593691647072,0.0008148509047402498,-0.26955717446054994,-0.27840763733462,0.20797981191003173,-0.29992593936566214,-0.2872131900688143,0.5471464019851117,0.7847597600646542,0.06187070799637696,False,False,False,False,False
OXCT1,True,False,False,0.13097250345929431,-0.15280508421823855,0.003585344368726517,0.0017818256800840229,0.004280055617925574,0.0036082861716655555,-0.05154921712176275,-0.1945431298285876,-0.055425600433190704,-0.029014591795271053,-0.27250335558827,-0.2811933647101477,0.36224663128935464,-0.29138142165175074,-0.31454514288326574,0.5477667493796526,0.7847597600646542,0.08668561559499258,False,False,False,False,False
MRPL46,True,False,False,0.07826798928617561,-0.09563247746041238,0.00386914412765576,0.0018123169971805647,0.003390417833085236,0.0030289316113844772,-0.038321711678223826,-0.19124440335222737,-0.10556305248439693,-0.059112913815602144,-0.276016253699246,-0.2849461300411873,0.41712212964414863,-0.3991580586047969,-0.2546444800350498,0.5477667493796526,0.7847597600646542,0.07849006590530583,False,False,False,False,False
PYCR2,True,False,False,0.10037397837650747,-0.1310556105817293,0.0055098044926641995,0.0016235827818781216,0.0032590028368564856,0.004005889267945044,0.0381471478832757,-0.21166275888085254,-0.11296922742941784,-0.008358525806432053,-0.27812631262056264,-0.2824165570361748,0.4664683663354854,-0.2563053272897653,-0.37117635553724443,0.5477667493796526,0.7847597600646542,0.09028453159714461,False,False,False,False,False
TMEM223,True,False,False,0.2282817625704729,-0.25386005377897863,0.005143186653793621,0.0027265807051325055,0.002115811984824454,0.004740874208709046,0.021059608846401043,-0.09233408438347471,-0.1773962082814284,0.029825023515206713,-0.27849570733370876,-0.29286774246824415,0.1278265060953037,-0.22529757214736246,-0.33967449198308713,0.5477667493796526,0.7847597600646542,0.07946159630855924,False,False,False,False,False
BDH1,True,False,False,0.0933955862136684,-0.11297628063568774,0.005165119074373231,0.002026063067479829,0.0036140771145597717,0.004927798723783773,0.02208184795506465,-0.16812012114816008,-0.09295825231536041,0.03953602716292777,-0.2785325526713836,-0.2891920892187343,0.7339662263825389,-0.3490910076315089,-0.2958241333323832,0.5477667493796526,0.7847597600646542,0.1157095148453439,False,False,False,False,False
ATP6V1F,True,False,False,0.9645496115476119,-0.9175415571027769,0.009546712955165779,-0.000413793854452904,0.0024605341447869944,0.0025847677151802266,0.22630174274366552,-0.43207790957124736,-0.15796864904257263,-0.08218788188226339,-0.2815569339878911,-0.26371691222726484,-0.2528247999160439,-1.0007781168120604,0.3743719292103653,0.5502481389578163,0.7847597600646542,0.09422857511383252,False,False,False,False,False
ALDH1B1,True,False,False,0.10012534167958709,-0.11901516249267283,0.004026244207264362,0.0015303189597328513,0.0035624518346893215,0.0028939878109888835,-0.030999499122288283,-0.22175257685831365,-0.09586770607085633,-0.06612344283773215,-0.28249633921372613,-0.35337966140967886,0.37910076982752666,-0.31932463726307714,-0.31926198387492316,0.5502481389578163,0.7847597600646542,0.07317982393369422,False,False,False,False,False
MRPS36,True,False,False,0.3696170267280386,-0.40367370083937393,0.005086328490051056,0.0030309893327196387,0.003842711883780205,0.007284171092975658,0.01840953023727188,-0.05940140403140028,-0.08007304782611387,0.1619530395246482,-0.2830179611448905,-0.3315928638929,0.03174493192844646,0.026920690215395976,-0.5807638902968302,0.5502481389578163,0.7847597600646542,0.0473233861710006,False,False,False,False,False
MRS2,True,False,False,0.12345414919805701,-0.1409640687831639,0.0034490570934271616,0.0015553617587052927,0.0035092123471462,0.002426735859640545,-0.057901374300151236,-0.21904330248518636,-0.09886813197385808,-0.09039786934692774,-0.2854149394122679,-0.29613574602981674,0.6821012407583732,-0.3331399945496093,-0.3047420230183813,0.5502481389578163,0.7847597600646542,0.09059050973365212,False,False,False,False,False
COA7,True,False,False,0.09758469372447644,-0.12262392137251325,0.004232706632328753,0.0021576199245913214,0.004886281251307255,0.005968872174880551,-0.021376577447762234,-0.15388754187562884,-0.02126045013964623,0.0936213250549924,-0.2901458945180297,-0.29676756410703803,0.48560956339072764,-0.38796877080062037,-0.2719029851469957,0.5508684863523573,0.7847597600646542,0.07058770475217786,False,False,False,False,False
CDK1,True,False,False,0.13745537850286427,-0.22079941059730654,0.006010919750653143,0.0035000818924868387,0.008582804575791447,0.014398676377835345,0.061503421432971654,-0.008652266436975078,0.18706507750276755,0.5315620592157423,-0.29164582671697814,-0.2864751336379902,0.4104542038214023,-0.30137695434095746,-0.31978505504946036,0.5508684863523573,0.7847597600646542,0.04798466684449529,False,False,False,False,False
AIFM1,True,False,False,0.11141464220259059,-0.1350711229346269,0.004253666377845268,0.0017477722795785668,0.0023034702295218605,0.0024993144990110225,-0.020399673348333404,-0.19822722302475151,-0.1668203240217257,-0.0866273022204512,-0.2988199181743594,-0.3061738374737601,0.49164765242043323,-0.22527404135259477,-0.4449392367738862,0.5521091811414393,0.7847597600646542,0.11610965130485924,False,False,False,False,False
MCCC2,True,False,False,0.14917186760527004,-0.1691521757702967,0.0033870213182135116,0.0010366287391541987,0.0028905824499644295,0.0009073650255433737,-0.060792774058307124,-0.27516283121323687,-0.13373235125042596,-0.16933142017764738,-0.3003565363443226,-0.3465606454316857,0.7285551146733239,-0.25491694583896995,-0.3981890806350818,0.5521091811414393,0.7847597600646542,0.09284555418064075,False,False,False,False,False
HK2,True,False,False,0.06150613982757768,-0.07986776356853097,0.005844957094921077,0.00126587558007151,0.0022651333994482266,0.0029190519714078584,0.053768136736456425,-0.2503615862764728,-0.16898087858939956,-0.06482132281800959,-0.30075300531140636,-0.31086811323797126,0.48807311318272284,-0.4315457796774159,-0.2809250895223815,0.5521091811414393,0.7847597600646542,0.16883367348245432,False,False,False,False,False
COX7A2L,True,False,False,0.9920460022576952,-0.9362768666387702,0.012107432511120859,-9.799029729807467e-05,0.0026927574819263565,0.006162325865746752,0.34565326014300685,-0.3979124600428791,-0.14488120308490635,0.10367152899381633,-0.30081193197859496,-0.23439220283873716,-0.15794033558853832,-0.47483548719748486,-0.1257858983386266,0.5521091811414393,0.7847597600646542,0.07156206235618563,False,False,False,False,False
NDUFB5,True,False,False,0.5083624652850236,-0.5451298861629413,0.005274959969434213,8.575474879724551e-05,0.0003631050403930711,-0.0021047678280888046,0.027201376748267635,-0.3780338616033448,-0.27617378032668016,-0.3258161547634176,-0.3011901104183398,-0.27075116276087685,-0.1733253596207911,-0.0930384996891595,-0.48074265850101366,0.5521091811414393,0.7847597600646542,0.018914135435142133,True,True,False,False,False
BCAT2,True,False,False,0.1278462147800605,-0.15414025206140924,0.005489516411462069,0.0012536901323596155,0.002936946117404457,0.0033156543796469674,0.0372015491077424,-0.25167987826321314,-0.1311194269875366,-0.04421724404554225,-0.3013805120974651,-0.30629951615030826,0.5961109981971678,-0.26781296857407777,-0.39197497846136986,0.5527295285359801,0.7847597600646542,0.11575839032186146,False,False,False,False,False
HADH,True,False,False,0.25030022577931005,-0.2790092364271961,0.0016750464010677497,0.0006487812391311307,0.002710945789740617,-0.001513742769104703,-0.14058550404929196,-0.317122409839026,-0.14385616185299227,-0.2951115331604422,-0.3064525425808681,-0.3070676852668795,-0.19022170843808794,-0.35451442060938115,-0.2828636516024103,0.5539702233250621,0.7847597600646542,0.0482704574947671,True,True,True,False,False
ALDH18A1,True,False,False,0.1129630489016339,-0.13553482548123827,0.003956836622224882,0.0015312685437258125,0.0035417293716640845,0.003308194521746839,-0.034234488511978044,-0.22164984538727905,-0.0970355650737169,-0.044604794641838676,-0.3083151043311353,-0.3215126747674317,0.3690141360483903,-0.39905046049511567,-0.2795529810995763,0.5545905707196029,0.7847597600646542,0.055051111735891715,False,False,False,False,False
GNPAT,True,False,False,0.20966877480536958,-0.2338771270588821,0.004419748920595578,0.00198517374411591,0.0016429841212645896,0.00263177810632537,-0.012658800887429584,-0.17254376389058232,-0.2040434401567714,-0.0797456228788963,-0.309500382055887,-0.3309140997877947,-0.05624127278403873,-0.22058783388979636,-0.411992584216417,0.5552109181141439,0.7847597600646542,0.06082628628026105,False,False,False,False,False
ABCD3,True,False,False,0.12184096528076627,-0.14282314408860183,0.003160698451147188,0.0013555339797505866,0.0034570475638583797,0.0021597501202635797,-0.07134136284996821,-0.24066182368789643,-0.10180799060556406,-0.10426817142016154,-0.30954300572326715,-0.3190276017549204,0.3373900669262499,-0.2946213727483836,-0.37787247295658477,0.5552109181141439,0.7847597600646542,0.06527512951309167,False,False,False,False,False
NDUFAF6,True,False,False,0.15978312642882483,-0.1847611764089672,0.0033196105600095684,0.0021480021750066454,0.003453589508940958,0.004103695953531809,-0.0639346941728977,-0.15492804547531006,-0.1020028767328926,-0.003277324551878166,-0.31758829182922216,-0.3261325841699447,0.14978682215075328,-0.1313344292420492,-0.5285041177091482,0.5576923076923077,0.7847597600646542,0.060852861720268686,False,False,False,False,False
MICU1,True,False,False,0.2283150265973038,-0.256946034350437,0.004177182352172995,0.00157760738917595,0.0030119589350400293,0.0033751903290516767,-0.023964485629149997,-0.21663664192721377,-0.12689191820641582,-0.04112426385721042,-0.32636878190556917,-0.33757975268772594,-0.3201675663566036,-0.47934260457408534,-0.2040515263178889,0.5607940446650124,0.7847597600646542,0.07980734688411414,False,False,False,False,False
ACSS2,True,False,False,0.10349842531918595,-0.132586672171035,0.002751701522651783,0.0012532837084144783,0.0018201711053049056,0.00020477982172376942,-0.09040413132614757,-0.2517238475487709,-0.1940576863277414,-0.20583175548358326,-0.33035390971907663,-0.33882848656301756,0.5026096332512452,-0.32347382890350546,-0.4007565601759827,0.5607940446650124,0.7847597600646542,0.08981501432289557,False,False,True,False,False
FPGS,True,False,False,0.20764440403606435,-0.2398159934205904,0.0026104288852781712,0.001792683355495327,0.0022474320666673094,0.0016800101946336321,-0.09698864918103571,-0.1933684839043859,-0.1699784752952375,-0.12919136657135613,-0.331144241809303,-0.34044551006388407,-0.07376733616482684,-0.3512815545918697,-0.34975890031118817,0.5614143920595533,0.7847597600646542,0.029380806279101432,False,False,False,False,False
SLC25A13,True,False,False,0.12408401641831479,-0.1431417732709068,0.004019402237449543,0.0021615257736223165,0.002397133832995114,0.0039186350748165255,-0.031318393660153675,-0.1534649846089022,-0.16154171006433152,-0.012891509548084467,-0.3334335787853029,-0.34087257353739747,0.5045327403035046,-0.42426739671667024,-0.2954572008992728,0.5614143920595533,0.7847597600646542,0.07574428691500983,False,False,False,False,False
PMAIP1,True,False,False,0.07091906830914205,-0.09453664702374728,0.004879678005574501,0.0015474654474906745,0.0030022762158738734,0.0040834612785603805,0.008777843379478947,-0.21989757095731458,-0.12743760868426074,-0.004328545695233484,-0.3342287905668629,-0.34289256482721264,0.45356302141293514,-0.4142433165243393,-0.3421453313749086,0.5614143920595533,0.7847597600646542,0.10542398110131011,False,False,False,False,False
GCAT,True,False,False,0.07483150624082585,-0.09269053345179493,0.005169679102039271,0.0014687867557537997,0.002124584980599264,0.003254489801275011,0.022294384396261115,-0.22840948543893755,-0.17690178722321775,-0.04739483390551293,-0.3356220543603813,-0.3447700750173578,0.47662052632249,-0.36999288337506714,-0.38997856525130215,0.5620347394540943,0.7847597600646542,0.14723813637684063,False,False,False,False,False
BCAP31,True,False,False,0.75513214781823,-0.7615543547219158,-0.0019058035984173462,0.0006467071015428981,-0.0006504264365349319,-0.007772298515983482,-0.30748385885901086,-0.3173468020014325,-0.33329352804061724,-0.6202527146855539,-0.3378714742155067,-0.3372314533783265,-0.33042424387271285,-0.17155432189982545,-0.499842923005244,0.5620347394540943,0.7847597600646542,0.039048883130452496,False,False,False,False,False
FDXR,True,False,False,0.09066777334119319,-0.11976198472876416,0.0044800900420083525,0.0007584230397677464,0.0017203466390866915,0.0008089557356114612,-0.009846386546529064,-0.30526072772373186,-0.1996835089645926,-0.1744439276147612,-0.34034669562009234,-0.349785299608131,0.1076265430935231,-0.2802496789060938,-0.48339206524912315,0.5626550868486352,0.7847597600646542,0.09864398342748229,False,False,True,False,False
AGPAT5,True,False,False,0.1299701338028814,-0.15286857482266888,0.004105156322027863,0.0020200107155901245,0.002959425645894551,0.004477164026685532,-0.027321517042481005,-0.1687748994694639,-0.12985254477883176,0.01612489146699597,-0.34207385275777263,-0.3542934381812972,0.44918521344220985,-0.3147183571413066,-0.39848939019618346,0.5626550868486352,0.7847597600646542,0.09693343517574338,False,False,False,False,False
CLUH,True,False,False,0.08270693359014746,-0.10439992379930767,0.004254801663568619,0.0016690796088824848,0.0038016213433974934,0.004820851053124394,-0.02034675928617119,-0.206740649830775,-0.08238879366481618,0.03397993828141691,-0.3434561410631793,-0.36579790774580945,0.451938444433832,-0.49208768894110894,-0.2691635637662874,0.5632754342431762,0.7847597600646542,0.10272815822522934,False,False,False,False,False
CS,True,False,False,0.29597434009725404,-0.3360901929263517,0.005412661918864732,0.002296851080481009,0.003721243029549234,0.007122962037473534,0.03361946988742438,-0.1388247127163191,-0.08691868653267268,0.1535779918461725,-0.3457019212077399,-0.3945649556055364,-0.03678499651803835,-0.4621156009003108,-0.2477674696137991,0.5645161290322581,0.7847597600646542,0.05526371234571809,False,False,False,False,False
ATPAF2,True,False,False,0.16101893517726962,-0.18273697591739646,0.003824223117352184,0.0010937411170600137,0.0023053218949245263,0.0016583623682677223,-0.04041541644584473,-0.26898408489902237,-0.16671596943278733,-0.13031600300933507,-0.3457994677683194,-0.3495547202840195,0.39911669169895764,-0.3467230069454962,-0.3827707859209849,0.5645161290322581,0.7847597600646542,0.07505216960353256,False,False,False,False,False
ECHDC1,True,False,False,0.1650751728511051,-0.18837927423911185,0.0026123958487376184,0.0019568112144117307,0.002001706815392728,0.0020392920545400962,-0.09689697179566638,-0.17561218587365046,-0.18382685068293642,-0.1105261452079792,-0.34580986314427403,-0.3612461927983015,0.1268268453870866,-0.4300558417239215,-0.3011262322240772,0.5645161290322581,0.7847597600646542,0.04298883840679804,False,False,True,False,False
DNM1L,True,False,False,0.2575216369379746,-0.2729909217946867,0.0032206211264685183,0.0018736566880421053,0.00421863886644175,0.004888228850151247,-0.06854845168966688,-0.18460832195055962,-0.058886873644752535,0.037480313994263374,-0.3495239612792424,-0.37563940512874416,-0.0244532664937937,-0.44240659336838495,-0.274585932799194,0.5645161290322581,0.7847597600646542,0.06555714160058845,False,False,False,False,False
APOO,True,False,False,0.09081759526864674,-0.11453626619651303,0.0030315804109954094,0.0012568745313637753,0.00241227956371855,0.0015589357668030917,-0.07735937211611614,-0.25133537161979536,-0.1606881398126329,-0.13548136127771174,-0.3539015222708327,-0.36297967776021844,0.2922167625767679,-0.4597151483550963,-0.3053552338962199,0.5663771712158809,0.7847597600646542,0.07576303285769312,False,False,False,False,False
BIK,True,False,False,0.18279828389628375,-0.20595111803210134,0.0025677659706077557,0.0015544794616275824,0.0025246493094435354,0.0019189551632308901,-0.09897710730435941,-0.21913875446979703,-0.15435530094911296,-0.11677782380664745,-0.3556933389166219,-0.3606107141638231,0.07168786065102745,-0.4766723333105053,-0.2708408285295838,0.5669975186104218,0.7847597600646542,0.0708388214794835,False,False,False,False,False
MTFR1,True,False,False,0.15033151965773825,-0.1572721238611051,0.002204059047737612,0.0016760832301352653,0.0033373779183248644,0.0027342682466253527,-0.11592897266276897,-0.20598295770538083,-0.10855223103370444,-0.07442110925953135,-0.3560430521423229,-0.3697722557918153,0.5614146394704957,-0.378550548501523,-0.3655926770893775,0.5669975186104218,0.7847597600646542,0.06356719257711226,False,False,False,False,False
TIMM21,True,False,False,0.09230324814416427,-0.10097167532985303,0.0035931818663335513,0.0015001851761898325,0.003406271235186023,0.0036966859841665247,-0.05118392244127425,-0.2250126232935507,-0.10466959988917092,-0.02442209144125605,-0.3564440541827398,-0.37715272151104823,0.4663380621805018,-0.41220639165817047,-0.362203205248825,0.5669975186104218,0.7847597600646542,0.06373354576111417,False,False,False,False,False
CITED2,True,False,False,0.06616543408906078,-0.08146645834384998,0.004086700049612939,0.0011204518386976135,0.0016111890197650267,0.00141282119583507,-0.028181737800796417,-0.2660943650358345,-0.2058353215314858,-0.14307222827067093,-0.35703919609744583,-0.36701753888652644,0.24356412048629655,-0.35509030021720445,-0.4408733916342227,0.5676178660049628,0.7847597600646542,0.10539832612004259,False,False,True,False,False
MIEF1,True,False,False,0.16096915164765305,-0.17918549733618253,0.0030543742589499963,0.0014650321775460465,0.0043187593320132426,0.00417112526196156,-0.076296983095646,-0.22881567735587793,-0.0532443693272948,0.00022572725415616015,-0.35858275703297493,-0.36807752758305745,0.016997308733802473,-0.4096647946815869,-0.3434354059978306,0.5676178660049628,0.7847597600646542,0.041881665727450994,False,False,False,False,False
MRPL45,True,False,False,0.25965572028592504,-0.28957253411767503,0.0044599121670446246,0.0008547394816221217,0.003369059273495245,0.0031686088920710683,-0.01078684876513265,-0.2948406597467446,-0.10676676007817701,-0.05185647352627472,-0.36053779506377953,-0.3570413594781386,-0.26839308124314804,-0.43021377518814086,-0.304027086354114,0.5682382133995038,0.7847597600646542,0.06642864879735631,False,False,False,False,False
NUDT2,True,False,False,0.16481691660206635,-0.19148474001891183,0.002906770428430401,0.0012878403210059713,0.004133612374220287,0.0035675630629639463,-0.08317658891015245,-0.24798531396795,-0.06367872460868271,-0.031130217222945816,-0.3637104102638393,-0.3672328972297965,0.17742031720284668,-0.534700655968667,-0.2375538867162256,0.5694789081885856,0.7847597600646542,0.04021824668589351,False,False,False,False,False
FASTK,True,False,False,0.23411818880156518,-0.25402937133081516,0.0016197109235499259,0.0021919569772994515,0.003932097882858818,0.00410497875390677,-0.14316461240671075,-0.1501727615488278,-0.07503550747067872,-0.0032106811845511894,-0.36516220024166607,-0.3727708792960043,-0.2488053972736287,-0.3385673427875863,-0.4130978471194948,0.5700992555831266,0.7847597600646542,-0.0029192691734263023,False,False,False,False,False
IDH2,True,False,False,0.1906542907403624,-0.2073850037627668,0.0033343841259579803,0.0014855344462418284,0.0014474293166909034,0.0015726764443541874,-0.0632461191552853,-0.22659762372578737,-0.21506435204334984,-0.13476751285730787,-0.3701405820671146,-0.3753173326087546,-0.052888164598966,-0.3636296123538885,-0.397810829754651,0.5713399503722084,0.7847597600646542,0.05639656707266118,False,False,False,False,False
SLC25A32,True,False,False,0.08507528118336471,-0.09558288206280882,0.002769129942740376,0.0016421788865470216,0.0024557387418247855,0.0025009978021670425,-0.0895918173112804,-0.2096509250648767,-0.15823890429721776,-0.08653985214424371,-0.3709417945291312,-0.38688175407877157,0.4730732489330322,-0.41367326527758735,-0.3909503637760819,0.5713399503722084,0.7847597600646542,0.06881389738307836,False,False,False,False,False
PDSS1,True,False,False,0.0590124594203234,-0.07286467559753426,0.003259961859575584,0.0013459333870353607,0.0031108615916368605,0.0031654883346545707,-0.06671483575112669,-0.24170047115852536,-0.12131804613470465,-0.052018591076465594,-0.37771476196789106,-0.3873874519485324,0.5057413602942291,-0.39308301991204414,-0.4506334843941685,0.5732009925558312,0.7847597600646542,0.0994498332180185,False,False,False,False,False
LETM1,True,False,False,0.2987462414106034,-0.34828451438227487,0.006575970649084799,0.0016383567824523407,0.004729994432348836,0.008509954151408984,0.08783964477255797,-0.21006442232157468,-0.03006833018396061,0.2256342733478413,-0.37792738108081864,-0.38014465104658346,0.035135476088897694,-0.47940824654741104,-0.27912755146827156,0.5738213399503722,0.7847597600646542,0.08762473234152102,False,False,False,False,False
QTRT1,True,False,False,0.10443307742080009,-0.1200257105361199,0.002742001334409427,0.0007904733422273033,0.00237899204830668,0.0007634117457959492,-0.09085624338312472,-0.3017933412227176,-0.16256412938536216,-0.17681000491100776,-0.3784037090801967,-0.3898630294308283,0.16743001106598843,-0.44793725043344335,-0.3595695311589195,0.5738213399503722,0.7847597600646542,0.09589030782827845,False,False,True,False,False
NDUFB2,True,False,False,1.5346596536238195,-0.7844137208164192,0.0033876888840997815,0.0022073031731177275,0.0014709902615896685,0.003426310402702267,-0.06076165975635045,-0.14851252160914685,-0.2137365242855001,-0.03846850079962435,-0.3845422048513731,-0.4795835780893709,-0.38749595996682185,-0.2906259913615563,-0.4653156848496034,0.575062034739454,0.7847597600646542,0.06806113515664308,False,False,False,False,False
NDUFS2,True,False,False,0.20576404840139634,-0.2284935122505603,0.002830250602020845,0.0005819863949534482,9.213241347107311e-05,-0.001947906950535664,-0.08674306981270814,-0.3243486611772558,-0.29144502590662064,-0.3176670013284371,-0.38486975556814745,-0.38812302264707854,-0.26980598214179274,-0.5359628931822289,-0.24715423443484635,0.575062034739454,0.7847597600646542,0.042269149645119936,True,True,False,False,False
COQ7,True,False,False,0.06818023776396866,-0.0810152220401334,0.0029423300863694315,0.0011784686020815227,0.002927845859479646,0.002515162073549281,-0.08151920353839044,-0.25981777708650866,-0.13163229160854717,-0.08580399740092533,-0.38716527483252094,-0.4025925337580206,0.46424278830684346,-0.4573070937243149,-0.3992286132722671,0.575062034739454,0.7847597600646542,0.05695345429276305,False,False,False,False,False
CHCHD6,True,False,False,0.19684466888382718,-0.2253473365708294,0.0043246480451402105,0.001315754737649538,0.0030178929609783927,0.0041647050004080975,-0.017091318210620217,-0.24496537143930383,-0.12655749340339476,-0.00010781478199714391,-0.38850636827132173,-0.4012933040066116,-0.2520611880310665,-0.33377504660626733,-0.4719605785029231,0.575062034739454,0.7847597600646542,0.08467829626432392,False,False,False,False,False
PDHX,True,False,False,0.11396203116292886,-0.12347083737140574,0.0028867677193349477,0.0010022492697020283,0.002461170181697129,0.0016316408893910978,-0.08410888689533713,-0.27888220042795514,-0.15793280381361757,-0.13170422316194408,-0.38921966797496577,-0.39843234396210486,0.29888714451993426,-0.35422802950236487,-0.4563664410111322,0.575062034739454,0.7847597600646542,0.06782198598823233,False,False,False,False,False
ACADM,True,False,False,0.1232317418801544,-0.1401086395533252,0.0033350503042177066,0.001309456513444743,0.002405141418243954,0.002666029512181785,-0.06321506952863959,-0.24564674964519204,-0.16109042536363535,-0.07796621193818448,-0.3919860325992825,-0.4024976508360024,0.0786708571233383,-0.3613812172801062,-0.4628764960586198,0.575682382133995,0.7847597600646542,0.06607427250740851,False,False,False,False,False
ACSL1,True,False,False,0.07989110574004261,-0.10299436206015243,0.004378595455936291,0.0005867061009825452,0.002042354227251301,0.0017123293602836034,-0.014576905680242063,-0.323838056168311,-0.1815360783059172,-0.12751233835297235,-0.39243870180149787,-0.40210828156542733,0.2679334386232352,-0.5377361484653285,-0.3074870191211177,0.575682382133995,0.7847597600646542,0.12745511595463768,False,False,False,False,False
ACSL3,True,False,False,0.5051290681565753,-0.5131515049807769,-0.0038029140952603735,0.0026672323752056576,0.0009794441780552098,-0.002346554037049569,-0.3959054964201704,-0.09875472887835152,-0.24143866173303458,-0.33837730414635414,-0.39772158288520243,-0.41510614561260156,-0.6376378423391582,-0.3998669523703485,-0.3969162846135235,0.5775434243176178,0.7847597600646542,5.890381673341468e-05,False,False,False,False,False
RHOT1,True,False,False,0.10539674640205736,-0.11455497342588261,0.0029500894665278367,0.0012366861372301895,0.0020149266290972094,0.0018765206587424508,-0.08115754980171697,-0.25351946849015355,-0.18308181962981712,-0.1189823587640431,-0.3987764791576445,-0.4089711994687271,0.23719604906757671,-0.4600188455360499,-0.3801088988306975,0.5781637717121588,0.7847597600646542,0.050731960993570475,False,False,False,False,False
ELAC2,True,False,False,0.12965507844708998,-0.15197202241624655,0.0029774024662372793,0.0015113643045549048,0.0019719295702242045,0.002479077280930379,-0.07988452950846822,-0.22380320073552432,-0.18550501142126635,-0.08767865548207282,-0.40151408618318607,-0.4231988759410369,0.3373618784806518,-0.383645044933111,-0.45206276192603806,0.5800248138957816,0.7847597600646542,0.07112239444941881,False,False,False,False,False
SCO1,True,False,False,0.12395237398916036,-0.14351006278109427,0.003568360930639355,0.001267949036962773,0.003299357724700169,0.00394483354070595,-0.05234079115479056,-0.2501372677557889,-0.11069494087283055,-0.01153046068985854,-0.40164253909355146,-0.4216694895570921,0.3179083859433449,-0.44506576780473606,-0.3988364646801302,0.5800248138957816,0.7847597600646542,0.06091978399017054,False,False,False,False,False
QRSL1,True,False,False,0.08157993193411887,-0.08974286126412928,0.0030324360937860665,0.0010374126761723867,0.002950400472325751,0.002631434555287956,-0.07731948995126137,-0.2750780203869447,-0.13036117785936208,-0.07976347086088074,-0.40299521733668736,-0.41476098482276447,0.7176706092586939,-0.5336409069071879,-0.31898146874092725,0.5812655086848635,0.7847597600646542,0.07276528102652118,False,False,False,False,False
RAF1,True,False,False,0.20519733713133526,-0.22635266346208027,0.0019795381336137315,0.0011352251280918205,0.0038249527180208194,0.002862452644037847,-0.12639357497591755,-0.26449610541611046,-0.08107390383392205,-0.06776174116992566,-0.40420184305602436,-0.422000821666487,-0.3282985571840832,-0.516572886659662,-0.28847611635279474,0.5812655086848635,0.7847597600646542,0.025337114706236948,False,False,False,False,False
CLPB,True,False,False,0.06907447146235973,-0.08287250674934189,0.002925798161836692,0.0014037565154533158,0.0013462522770659908,0.0016286374172608364,-0.08228973316313022,-0.2354448317561881,-0.22076640186555635,-0.13186025795920508,-0.4066407088256696,-0.417690143857463,0.45534770338618147,-0.4529311844418812,-0.43153321751568496,0.5843672456575683,0.7847597600646542,0.09854628093913556,False,False,False,False,False
FBXO7,True,False,False,0.3249138906876357,-0.34142940574020064,0.0020713814406278937,0.0013477786918328163,0.0017366906460709246,0.0012277128925774576,-0.12211288831125644,-0.24150083544672424,-0.19876240727527575,-0.15268887704164408,-0.4096872539916124,-0.4177391514486337,-0.31267602204544054,-0.4465756883895503,-0.38186933034830817,0.5856079404466501,0.7847597600646542,0.040285498180057916,False,False,False,False,False
MRPL10,True,False,False,0.21241701990365378,-0.2404247649503261,0.004885722502102059,0.0011110421066739804,0.00103073497718435,0.0025014018367519476,0.009059568815129015,-0.26711236409646977,-0.23854805835958767,-0.0865188619529558,-0.41008199168797266,-0.406357439529351,-0.1922014779727615,-0.43657072248909246,-0.39486853623418966,0.5856079404466501,0.7847597600646542,0.09334521933953875,False,False,False,False,False
CRLS1,True,False,False,0.37314091928903803,-0.39225580071216076,0.004229230200379194,0.0025809765408049625,0.003028257766169948,0.0071759382086255775,-0.021538609024922068,-0.10808638233816176,-0.12597336249959667,0.15633018190050604,-0.41192853576318655,-0.4448825747023709,-0.2384737817930836,-0.2123696431599723,-0.6092826515311236,0.5862282878411911,0.7847597600646542,0.027592318692519636,False,False,False,False,False
MRPS31,True,False,False,0.08211532519209247,-0.09372781154406695,0.00249641315625341,0.0009522685614270108,0.002323323113353504,0.0014662259846583404,-0.10230276108167373,-0.28428940160499894,-0.16570147202583632,-0.14029777089753706,-0.411995863814972,-0.4223351017704674,0.2408008858090856,-0.3342569747738542,-0.5447020572552246,0.5862282878411911,0.7847597600646542,0.05565877075700654,False,False,False,False,False
USP8,True,False,False,0.2623547838527582,-0.2784592447748476,0.004023776409549423,0.0010936466555720615,0.0017173817737965542,0.002507498187363305,-0.031114519684078294,-0.2689943042873918,-0.19985060032902835,-0.08620214756693206,-0.4137572767335664,-0.4297432840622672,-0.27577393564987673,-0.5412080876326102,-0.2897968841338753,0.586848635235732,0.7847597600646542,0.05475740583224445,False,False,False,False,False
DLD,True,False,False,0.16485768736429088,-0.1882975522125791,0.002289531689998133,0.0006781207851786334,0.0013914417808809777,-0.00020123395405990518,-0.11194521367354243,-0.31394828859510426,-0.2182196501208018,-0.2269247686503369,-0.41718838373911166,-0.431060328972524,-0.13341805730654588,-0.42853574287936624,-0.42935552121708853,0.586848635235732,0.7847597600646542,0.06340279053137206,True,True,False,False,False
PIGBOS1,True,False,False,0.11035579694092061,-0.12746068390375787,0.0033423254313354016,0.0015157828994477698,0.002079497601770718,0.0032622311873488448,-0.06287598614141324,-0.2233251716653056,-0.1794427834945671,-0.04699265750627839,-0.41865128379500754,-0.4349907162741344,0.19318162821483237,-0.3766177821917016,-0.49337995990877825,0.5874689826302729,0.7847597600646542,0.06212755190267069,False,False,False,False,False
YARS2,True,False,False,0.125855128088054,-0.14064139085051466,0.0033615144252750525,0.0009293922629326811,0.0016561373225095419,0.0016015403758606716,-0.061981614268969004,-0.28676429146578897,-0.2033021631921728,-0.13326798913761287,-0.41878007978931786,-0.4258572592406331,0.37676301457452677,-0.3916645564317452,-0.481183562322518,0.5874689826302729,0.7847597600646542,0.08529951216052993,False,False,False,False,False
THG1L,True,False,False,0.1593374658179291,-0.19071646909590106,0.0060149998916395305,0.0008294522703464476,0.001212201416277127,0.0033476151478062863,0.06169359103463542,-0.297576376051956,-0.22832112663079415,-0.04255683510423761,-0.4216470765438771,-0.4230701051641608,0.07987937710398971,-0.41499482589795594,-0.45318380665434255,0.5880893300248139,0.7847597600646542,0.10593467245096616,False,False,False,False,False
LPIN1,True,False,False,0.23464271010684415,-0.2531714321182917,0.0015056575097013416,0.0016314827410076375,0.0023938802270458536,0.00230091585684344,-0.14848048074369716,-0.2108080957562592,-0.16172507403004238,-0.09693440365667573,-0.424079246873323,-0.45093292622681286,-0.1838664129591313,-0.5048758520498522,-0.35351936454051686,0.5880893300248139,0.7847597600646542,0.06395494776503258,False,False,False,False,False
PMPCA,True,False,False,0.11485725003643096,-0.12857717324522083,0.0032141219842393804,0.0011321213453535973,0.0017924591076305704,0.0021415149399348033,-0.06885136751855483,-0.26483189052709893,-0.1956194555986919,-0.10521551587425204,-0.4240871977700936,-0.43409330036028043,0.1270160065655077,-0.4798370069487439,-0.3831324832881743,0.5880893300248139,0.7847597600646542,0.059736763595990096,False,False,True,False,False
CLPX,True,False,False,0.08990020661218423,-0.10179309689411305,0.002683914981002958,0.0009091502740218643,0.00239820116191757,0.0019008169046127584,-0.09356356617571016,-0.28895418652814014,-0.16148155844579148,-0.11772013303523401,-0.42627917811440774,-0.4362133716808447,0.0016409784992539589,-0.4009374318691602,-0.508352149053818,0.5880893300248139,0.7847597600646542,0.05057679799170588,False,False,False,False,False
ERAL1,True,False,False,0.096804824895415,-0.11481314302423394,0.0035518999769428633,0.0015565188222036858,0.001863143011632032,0.0034513504794617443,-0.05310801292921241,-0.21891812468506397,-0.1916359120621487,-0.03716763196145569,-0.42649441771496943,-0.4407078678301189,0.6545049673214114,-0.48124206260174063,-0.4186439255473178,0.5880893300248139,0.7847597600646542,0.06890802266721721,False,False,False,False,False
COQ4,True,False,False,0.2780783759805629,-0.3025670215898947,0.002962932617619647,0.0009212395461629402,0.0016125639010382894,0.001330499009118779,-0.08055894869077851,-0.287646299369136,-0.20575783713829912,-0.14734898702096477,-0.4266140981772488,-0.44967177507928024,-0.3079362010184741,-0.4854260969138311,-0.3805413684351674,0.5880893300248139,0.7847597600646542,0.05176193896493047,False,False,False,False,False
MCCC1,True,False,False,0.0587685638785456,-0.07027585710001995,0.0020968675844673925,0.0007783457418909892,0.001511446563780046,0.00015109926709352552,-0.12092501518675587,-0.30310537494685774,-0.21145652230514,-0.20862053929622332,-0.42686637314253034,-0.45789146644915324,0.302631130709086,-0.4907549254240181,-0.44187819982530574,0.5880893300248139,0.7847597600646542,0.08156131440170182,False,False,False,False,False
NDUFA7,True,False,False,0.12865329464363126,-0.1472187858553236,0.0034109155236179637,0.0013758500972154198,0.0016947329930941742,0.002838754406515068,-0.05967909893311004,-0.23846390897119532,-0.20112702111042272,-0.06899289948501486,-0.4302771295297132,-0.4416252800119668,0.22932491856852133,-0.36445722318983587,-0.5287671191327526,0.5880893300248139,0.7847597600646542,0.0637441845843242,False,False,False,False,False
METTL17,True,False,False,0.09432679233710967,-0.11014959015585721,0.002186825025520902,0.0011647857958704305,0.002401541407298188,0.0021205836353232503,-0.11673222606772495,-0.26129806194847527,-0.1612933117284603,-0.10630292795261476,-0.43302067179204573,-0.4425039207942271,-0.03302127034011871,-0.4465492377990153,-0.462334898277455,0.5887096774193549,0.7847597600646542,0.03534202362542305,False,False,False,False,False
NDUFA2,True,False,False,0.8533068979114219,-0.8453294926711171,-0.0003118487934959768,0.002350733644034839,-0.0014051936761866426,-0.0017066572502695593,-0.23319187940701586,-0.13299538633968513,-0.37583006024810484,-0.30513372436174724,-0.4368836016330586,-0.4497317500641717,-0.3788093399797834,-0.33027516989144634,-0.5389302406709302,0.5911910669975186,0.7847597600646542,0.0032477968853898134,False,False,False,False,False
ATG4D,True,False,False,0.09951322097959406,-0.1277301053481536,0.0031542102379707696,0.001047722987830803,0.002637750612206199,0.003080842060527225,-0.07164376929116366,-0.2739625914292693,-0.14798123361427096,-0.05641608958803341,-0.43717150474667055,-0.44995797108379587,0.0889033042761351,-0.44313061555693084,-0.4766297925323312,0.5911910669975186,0.7847597600646542,0.07101675784441773,False,False,False,False,False
MRPS27,True,False,False,0.20355565265034886,-0.22399952848979834,0.005702526236329275,0.0013457749272496335,0.0021680756053538636,0.005488586344923307,0.047129635828424644,-0.2417176142517201,-0.17445077946425427,0.06866976937060844,-0.4377085272581581,-0.443134006627546,-0.4469395402375974,-0.3265802688653072,-0.5637026879577567,0.5911910669975186,0.7847597600646542,0.10402377631217091,False,False,False,False,False
TRNT1,True,False,False,0.06316370443924103,-0.06771282504995378,0.0018287568490634731,0.001083035971477341,0.0020667417397009615,0.0015135096310829434,-0.1334212774295676,-0.2701422292669761,-0.18016166755479054,-0.1378413158802628,-0.4458838583710715,-0.45650832712739575,0.18956958178689773,-0.4633764425494009,-0.4932190676377226,0.5936724565756824,0.7847597600646542,0.04833391928983254,False,False,False,False,False
MRPL30,True,False,False,0.1095348665065943,-0.12969679699648318,0.0017954842882189285,0.0009545410986944727,0.0024386879612487544,0.0016771950154372429,-0.13497206443993084,-0.28404354542145144,-0.15919983773342497,-0.12933761927359905,-0.4488778283212082,-0.4733753948379472,0.08254288286968735,-0.4895534776015854,-0.4437251918883941,0.5942928039702233,0.7847597600646542,0.0546662447991152,False,False,False,False,False
NDUFAF5,True,False,False,0.06837225778769634,-0.08431465575660209,0.002081366108491726,0.0008079408522802726,0.0024576863593152995,0.0017559161954348091,-0.12164751706140384,-0.2999036052790265,-0.15812914212185977,-0.12524793812180546,-0.4544323263404847,-0.465799873342576,0.10496893026751472,-0.48997746162103595,-0.47879048898115917,0.5955334987593052,0.7847597600646542,0.04767396540560971,False,False,False,False,False
EXOG,True,False,False,0.1274281491132324,-0.14274410453500366,0.0014511027385379163,0.0014917581783182915,0.002975738164597656,0.0031785748014304727,-0.1510232014819313,-0.2259243045078147,-0.12893321767936722,-0.05133872986860978,-0.4545419938005034,-0.47015805210549133,0.26514041346425493,-0.551931142270739,-0.38859991846833597,0.5955334987593052,0.7847597600646542,0.031040772733787633,False,False,False,False,False
COX19,True,False,False,0.17009128536829887,-0.18495401161583744,0.0032376284468012937,0.0017381801905344881,0.002358712963193277,0.004629506132762329,-0.06775576453894282,-0.19926495051920912,-0.16370700087175935,0.024039288073678958,-0.45476700400359027,-0.4585179079893208,-0.004165919930110146,-0.5296862423562686,-0.3962665378849697,0.5955334987593052,0.7847597600646542,0.061757093585558295,False,False,False,False,False
FANCG,True,False,False,0.07109426872088354,-0.08804178009918816,0.0021394613414810956,0.0013597357599378775,0.0026698508427547957,0.0031974169243327646,-0.11893978040401597,-0.24020725088253753,-0.14617215603529676,-0.05035985385461121,-0.4549593334672391,-0.4762664251804976,0.3137942047613985,-0.5234580080110154,-0.44459733997702,0.5955334987593052,0.7847597600646542,0.051647747405499926,False,False,False,False,False
YME1L1,True,False,False,0.32719562166271954,-0.3359537641961953,0.0014436301185010746,0.0011738518865531979,0.0014595132151746086,0.0008943525903140986,-0.15137148973484507,-0.2603172399893045,-0.21438333793722447,-0.17000743533770654,-0.45606463232366745,-0.466463976504368,-0.6463406726174115,-0.7457866606336754,-0.17033104612344535,0.5955334987593052,0.7847597600646542,0.01012815922490515,False,False,False,False,False
RMDN3,True,False,False,0.09216076294798393,-0.1080507247858443,0.0011841789577716187,0.0011153090422191634,0.0014024573863749463,0.000530121944649783,-0.16346414144755148,-0.2666507424088512,-0.21759884196530294,-0.18892975340414073,-0.45878397241756486,-0.4780430584292994,0.13811576170280535,-0.46566070654861547,-0.4924211482442623,0.5961538461538461,0.7847597600646542,0.0146472525433719,False,False,False,False,False
PTCD3,True,False,False,0.12108578576462138,-0.13823733150495543,0.003347532141866135,0.0008439162826691744,0.0025809136728752605,0.0031863132438905276,-0.06263330872636519,-0.29601157580891274,-0.15118440165524358,-0.05093670639444306,-0.45889257979607845,-0.47723016227060533,0.3821656848060475,-0.5911197164753466,-0.3707808797058332,0.5961538461538461,0.7847597600646542,0.081910983371124,False,False,False,False,False
MPV17L2,True,False,False,0.06995144633333909,-0.08909190881407393,0.001098664384725337,0.0011092900081218385,0.0023823644974479865,0.0015352018914530107,-0.16744985477140817,-0.267301916219287,-0.16237406775578814,-0.13671437103037606,-0.4604114677161072,-0.4693519519582414,-0.15457509991286694,-0.49585575429823103,-0.48277869361544223,0.5961538461538461,0.7847597600646542,0.04366212957015818,False,False,False,False,False
GRPEL2,True,False,False,0.06479347928389156,-0.0892087362713623,0.003527045794363091,0.0008499854179489558,0.00216981980460484,0.0029646531912361327,-0.05426643123305113,-0.2953549817637084,-0.174352481361584,-0.06245227233837686,-0.46152162201996666,-0.4741032509761025,-0.3450450814221071,-0.5077806519574255,-0.478229598021242,0.5961538461538461,0.7847597600646542,0.08079121049374506,False,False,False,False,False
TP53,True,False,False,0.36892808633944824,-0.4583984079088888,0.00523214388849592,0.001505266157694728,0.00319870423379571,0.007020141603216209,0.02520577976179002,-0.22446293342075746,-0.11636748498010958,0.14823631896964276,-0.4638609576087198,-0.4682214539247018,-0.23227251101887803,-0.5668930805721035,-0.3477025389906966,0.5961538461538461,0.7847597600646542,0.0064741850687147955,False,False,False,False,False
NUDT9,True,False,False,0.08608901629316686,-0.08959125728659764,0.0012695015586296468,0.0010541564424065045,0.0016509430425503588,0.0008738104660336091,-0.15948737567592214,-0.27326658322220715,-0.20359489801844913,-0.17107462892512884,-0.4652742279914496,-0.4815273912324803,0.282061065714459,-0.516889876224419,-0.42485394922353364,0.5967741935483871,0.7847597600646542,0.036353211781712955,False,False,False,False,False
SOD2,True,False,False,0.319769205106753,-0.3678790590092817,0.0077411314155125055,-0.001119324880612469,-0.0019560883700276022,-0.001692982327607736,0.14214614044637228,-0.5084063236085048,-0.4068769163600808,-0.30442329200461,-0.46871380751760333,-0.47035313767488135,-0.23629145011460145,-0.3874109516522139,-0.5404809742693448,0.597394540942928,0.7847597600646542,0.07060350107785043,False,False,False,False,False
SLC30A9,True,False,False,0.20059019901578512,-0.21814359403193684,0.003709296624957815,0.001259901103514497,0.0017707199715593608,0.003709761283428876,-0.04577197773923316,-0.25100793959530826,-0.19684461139915121,-0.023742810402163993,-0.46988171833152864,-0.4850074942945771,-0.45440171737414614,-0.320458308998854,-0.6259512246603622,0.598014888337469,0.7847597600646542,0.06746801194205497,False,False,False,False,False
SLC25A17,True,False,False,0.07296636782835028,-0.09453315143800721,0.002048488426854216,0.0007348069038474206,0.001577080606986817,0.0009989393752210156,-0.1231798993103244,-0.3078156574626815,-0.2077575745420379,-0.16457399794546046,-0.4741791333695834,-0.48830125797244806,-0.1286859832397415,-0.5016984791049225,-0.4981296793446127,0.5998759305210918,0.7847597600646542,0.07709051427664189,False,False,True,False,False
SAMM50,True,False,False,0.23795911853319102,-0.28155128383685374,0.000606058981482825,-0.00038111469077143625,0.0011266982715621083,-0.0030898007602976636,-0.19040949602512597,-0.42854248923764715,-0.23313984037185445,-0.3769900652265877,-0.4751017604080399,-0.4629410498442087,-0.49192953518696436,-0.5212474440546402,-0.44270443536096715,0.5998759305210918,0.7847597600646542,0.03456767037547789,False,False,False,False,False
LIAS,True,False,False,0.07293068133314333,-0.08872753175371645,0.0032787659097664196,0.0007892837684748253,0.0021371965914033625,0.0028638294596124336,-0.06583840556246726,-0.3019220361695596,-0.17619103275352932,-0.06769021357461959,-0.47626126091093657,-0.4866351173621808,-0.07769921596015442,-0.5552360251295051,-0.4453958102461619,0.5998759305210918,0.7847597600646542,0.09302175693921295,False,False,False,False,False
MECR,True,False,False,0.14353103427099237,-0.16057813237931984,0.002655064408236757,0.0011709433182594427,0.0014210685806715518,0.0023667395494895447,-0.09490825057485824,-0.2606319056762125,-0.21654996805553614,-0.09351476595352454,-0.47857535835308235,-0.4901199738288393,0.03234844906429318,-0.3879492901727989,-0.5770187809991074,0.6004962779156328,0.7847597600646542,0.052918896738922666,False,False,False,False,False
ACO2,True,False,False,0.22489652503630717,-0.2537481894026423,0.0026584895375825193,0.0009391890114925686,0.0004315530562132594,0.0008440834335057619,-0.09474861013951456,-0.28570442272497915,-0.27231624508069147,-0.1726189920130761,-0.4801502859321092,-0.5048197930447273,-0.48781515705853545,-0.5856706991994185,-0.39020936306911447,0.6004962779156328,0.7847597600646542,0.04904539195071912,False,False,False,False,False
FAHD1,True,False,False,0.08192707092786931,-0.09782776149374488,0.0012826699042313284,0.0006730318592094509,0.001342456230696914,0.00012707071363474655,-0.1588736177087349,-0.3144988379458466,-0.22098033622857116,-0.2098688580103009,-0.4844839338728518,-0.4992617572771581,-0.05506185503095806,-0.49643950527385317,-0.5165406381370604,0.6011166253101737,0.7847597600646542,0.04445483715358431,False,False,True,False,False
ACAD9,True,False,False,0.08206924104938579,-0.10421275842990459,0.0019042054037785089,0.000874324834523213,0.0017306705041848208,0.001592630889721202,-0.1299047269858123,-0.2927218033536564,-0.19910168532787123,-0.13373085005430496,-0.487997365613035,-0.49741425808199297,-0.00627015955299115,-0.48207853706828485,-0.5337124844028766,0.6023573200992556,0.7847597600646542,0.06861232750511351,False,False,True,False,False
COQ5,True,False,False,0.06630491853947562,-0.07706350380842722,0.0018532530532025858,0.0007900930473700484,0.0010991213475707142,0.0007497319548589234,-0.1322795439946321,-0.30183448371290517,-0.234693997274696,-0.1775206901822062,-0.49128733480002706,-0.5106939131052287,0.003301001070059484,-0.5757980194294825,-0.4619556144104411,0.6023573200992556,0.7847597600646542,0.034690684886856685,False,False,False,False,False
VRK2,True,False,False,0.07619841310766114,-0.08641069912419894,0.0013963258193249437,0.0008895671218862284,0.002188547012836403,0.0017368499284492857,-0.1535762762266161,-0.29107280482973324,-0.17329706923682647,-0.1262384587507921,-0.4917076915423837,-0.5024326827243335,0.06302824906576235,-0.46076054593655247,-0.5665709435613384,0.6023573200992556,0.7847597600646542,0.02174860375173724,False,False,False,False,False
MTG2,True,False,False,0.0812372078216689,-0.08916788799772507,0.0017216953489696983,0.0007810733247020675,0.0015547063952290404,0.0011154222941271634,-0.13841126255368086,-0.3028102893129089,-0.20901852139962937,-0.15852253888487344,-0.4917175343813457,-0.5025331577603982,-0.3353667154706798,-0.5031133092363027,-0.512119323210304,0.6023573200992556,0.7847597600646542,0.05025355226588436,False,False,True,False,False
CYB5B,True,False,False,0.2805326906857087,-0.304075045476231,0.0013641947022523027,0.002338726298187668,0.004025798431696155,0.006746298750870264,-0.15507386215688218,-0.13429441023988162,-0.06975481137777748,0.13400977978632214,-0.4931328635608634,-0.49846722037437874,-0.5388106692498602,-0.5177486610303434,-0.472809799753261,0.6029776674937966,0.7847597600646542,0.022542629882021832,False,False,False,False,False
RHOD,True,False,False,1.2137634648371016,-1.1130682619975993,-0.01576120294078014,-0.0037101306667947746,-0.0006221930059135388,-0.02623045353091521,-0.9532644293393511,-0.7886946304378648,-0.33170237229370253,-1.5791810318650552,-0.49448040020586337,-0.5165679419067732,-0.650701767740842,-0.3042180474086249,-0.6938619663005643,0.6048387096774194,0.7847597600646542,0.04788995780274229,False,False,False,False,False
HIBADH,True,False,False,0.13776117413224923,-0.15731998956532559,0.0012866728689725476,0.000774086433092697,0.0011682423701269062,0.0004054433156925651,-0.15868704518272378,-0.3035661715290269,-0.23079853328564862,-0.19540699166319078,-0.4976447583342085,-0.5086984901922574,-0.18396408468393666,-0.4319959184416336,-0.5658664305433108,0.6048387096774194,0.7847597600646542,0.037508539009149154,False,False,False,False,False
CASP8,True,False,False,0.07360438448033679,-0.08100216241782202,0.0017212444706624828,0.0008822883115295546,0.002149141121832605,0.0020885876674536326,-0.13843227735399488,-0.2918602684989458,-0.17551787303406238,-0.10796516557067148,-0.49784525331633156,-0.515453033686174,-0.003162054661318539,-0.5087293800975288,-0.509320203426107,0.6048387096774194,0.7847597600646542,0.05045095980643386,False,False,False,False,False
NLN,True,False,False,0.1039013869757684,-0.11881137841327083,0.002355602940913735,0.0009647436603650266,0.0027429559251706094,0.0034930741964740975,-0.1088657260994693,-0.2829397734786786,-0.14205216177833052,-0.03500002345948118,-0.49885763789699733,-0.5136679643972194,-0.01339126721240727,-0.43381365928431415,-0.5800210067259182,0.6048387096774194,0.7847597600646542,0.06560657937955561,False,False,False,False,False
SPIRE1,True,False,False,0.08359096077448856,-0.09400387153975039,0.0020550853520781838,0.0005448389105149165,0.001924092069292073,0.0015689126786867461,-0.12287242595432196,-0.32836749021175043,-0.18820099674260105,-0.13496304602272,-0.5044778668859534,-0.5149829878606282,-0.3190288513526946,-0.5377124950152531,-0.4889421869113196,0.6073200992555832,0.7847597600646542,0.04078149227775144,False,False,True,False,False
FUNDC1,True,False,False,0.10093749802923321,-0.11283129355916098,0.001244504617984632,0.0008306528796018779,0.0012023455406640225,0.0006807133797384019,-0.16065244773130818,-0.2974464872207812,-0.22887657571287573,-0.18110630673168848,-0.5058692039332766,-0.5149514754965955,-0.350733832030607,-0.475785933935197,-0.5634852424595757,0.609181141439206,0.7847597600646542,0.03446857738251668,False,False,False,False,False
ATG9A,True,False,False,0.16418520542829423,-0.18038068510158675,0.0011090684626865117,0.0008581027898214182,0.002185311384870065,0.0017138154675866006,-0.16696493541000462,-0.29447679767512436,-0.17347942001461736,-0.12743513289153494,-0.5074860202082113,-0.5269121480266838,-0.14302072872031502,-0.5421569612437698,-0.47953324651714313,0.609181141439206,0.7847597600646542,0.03559447276366675,False,False,True,False,False
DLST,True,False,False,0.14455036918960137,-0.1675737015929994,0.0027435870853051315,0.0010315601576437992,0.0014183567581218383,0.002827094060923375,-0.0907823337762802,-0.27571117958313524,-0.2167027986517344,-0.06959867159858354,-0.5135976404125663,-0.5228469248999523,-0.322162474353603,-0.6398063354809875,-0.3999144856472502,0.6116625310173698,0.7847597600646542,0.04314213638791801,False,False,False,False,False
ACAA2,True,False,False,0.26228701671174504,-0.2917446950699306,0.000334287147728889,0.0012766815839650794,-0.0019506779616348877,-0.0024688810656105474,-0.2030763968848868,-0.24919253047496362,-0.40657200115077924,-0.34473237330406004,-0.5141085552065696,-0.5115498686332574,-0.5891610809275024,-0.3542441637062846,-0.6803657978546689,0.6116625310173698,0.7847597600646542,0.027026644050857227,False,False,False,False,False
SUCLG2,True,False,False,0.1916735750867751,-0.22583139954387763,0.0018382439430744539,0.0008494185519878016,-0.00014805878080080393,2.0055136010831582e-05,-0.13297909739337913,-0.2954163085915619,-0.30498151760148434,-0.21542847475855545,-0.51794844882787,-0.5121812198402944,-0.42945769349904295,-0.6190459030977993,-0.4250621945771095,0.6135235732009926,0.7847597600646542,0.05730497247318493,False,False,False,False,False
FOXO3,True,False,False,0.21408459860829307,-0.22418933204770494,0.0005406312129443778,-9.19367502704761e-05,0.0015710898036664026,-0.0012026035172276793,-0.19345899179554588,-0.3972575524246675,-0.2080951991566212,-0.27894739113381145,-0.5198643522430231,-0.5284418237262175,-0.6503728182547227,-0.6067303262723471,-0.4461949529488009,0.6135235732009926,0.7847597600646542,0.036802489011613905,False,False,False,False,False
ALDH9A1,True,False,False,0.1797661778704661,-0.20962666471319372,0.0011000502319486296,0.0007383419743104695,0.0003461128334219213,-0.0002903055671210472,-0.16738526239205173,-0.3074332131591004,-0.2771314127213216,-0.23155217003211584,-0.5203977182403579,-0.5199856371315441,-0.35440769309765324,-0.42663478015501866,-0.6127620556095379,0.6135235732009926,0.7847597600646542,0.05419528890242132,True,True,False,False,False
DHTKD1,True,False,False,0.07879447016174358,-0.09117651165117693,0.0021206612214044896,0.0010210323781572413,0.0009942970660772985,0.001954509704747428,-0.11981602741560872,-0.27685013546423526,-0.2406015952620291,-0.11493071305061782,-0.5223370450912552,-0.5368611037528347,0.10293301091379266,-0.5409280484654533,-0.5387991318870171,0.6147642679900744,0.7847597600646542,0.07443780399080495,False,False,False,False,False
GFM1,True,False,False,0.15107658856217768,-0.17422047979092614,0.002964216816966596,0.0014716387942841941,0.0006666833855008468,0.0033085032238697326,-0.0804990939751986,-0.22810093546774335,-0.259064969324057,-0.044588757112249355,-0.5230762416547496,-0.5408705456266774,-0.08070791880023714,-0.454718871150868,-0.5985312806632529,0.6147642679900744,0.7847597600646542,0.05339747937147501,False,False,False,False,False
CCAR2,True,False,False,0.07679795797221349,-0.0858180185755636,0.001609874029546414,0.0010811013466493085,0.0016806010361469048,0.0024704637731763424,-0.14362309612590027,-0.2703515281346455,-0.20192345795911232,-0.08812613988606169,-0.5277719423335964,-0.5369530941310687,-0.2736113717959383,-0.5135507648723037,-0.5735251918668192,0.6160049627791563,0.7847597600646542,0.01598607286925468,False,False,False,False,False
GPD2,True,False,False,0.13256000214296088,-0.15214950344823303,0.0019235201621993119,0.00080591437194023,0.0017403226591696562,0.002246036698629472,-0.12900449340874465,-0.3001228416055635,-0.1985577173602451,-0.09978545668942884,-0.5278995956851245,-0.5441894250719757,-0.10432645270764813,-0.5453477291956064,-0.5259202814431664,0.6160049627791563,0.7847597600646542,0.06217315542172504,False,False,False,False,False
ATP6V1E1,True,False,False,0.2144631995297622,-0.24075927001116107,0.0001279616817120668,0.0007028007096511069,-0.00016359148899938855,-0.0016056976009233331,-0.21269293509187892,-0.3112782720774789,-0.30585689680165135,-0.2998887219997943,-0.5299393819712148,-0.5388426528642946,-0.6870285962681778,-0.5557292768661858,-0.49305961250355407,0.6166253101736973,0.7847597600646542,0.021130419016694237,False,False,False,False,False
TIMM10B,True,False,False,0.11520090663514165,-0.12422938961291853,0.0014502822906146723,0.0012285985623868984,0.0020288132578346815,0.003104484289558079,-0.15106144139944142,-0.2543944289643318,-0.18229920878038824,-0.055187840996525246,-0.5325672381476362,-0.5456109064004704,-0.09879446482889838,-0.5121475600160694,-0.5758133688968629,0.6172456575682382,0.7847597600646542,0.007976135202602354,False,False,False,False,False
COX6C,True,False,False,1.1880079481093007,-1.047372797310048,0.002801054801178176,0.001623641883729278,-0.0019984852579381937,0.0007791624167644952,-0.08810384480431468,-0.2116563649018521,-0.4092662842252498,-0.1759917343745377,-0.533034759556879,-0.4663568437531803,-0.5862865413079853,-0.890629971651243,-0.14899814106430043,0.6172456575682382,0.7847597600646542,0.015734399091246375,False,False,False,False,False
PDE12,True,False,False,0.10738153919575727,-0.11686180649601281,0.001413326611126111,0.0007910799111705341,0.00237105162810748,0.002541352895851642,-0.15278389336151832,-0.3017277190973618,-0.16301162885513262,-0.08444334563829609,-0.5330798956757166,-0.5436808739697201,-0.34242199419189284,-0.4515019856633512,-0.6201094629132895,0.6172456575682382,0.7847597600646542,0.03791598248320709,False,False,False,False,False
POLRMT,True,False,False,0.06729023030052005,-0.08059969207271016,0.0020233095347221832,0.0006133326485947782,0.0010307183389117432,0.0012645600643446486,-0.12435345186722342,-0.32095744273647925,-0.23854899604524946,-0.15077461224177902,-0.5330852784071731,-0.5479669798033853,0.07565153213663856,-0.638626710739216,-0.45737238373607725,0.6172456575682382,0.7847597600646542,0.07446899558587215,False,False,False,False,False
SUCLA2,True,False,False,0.09669405967817563,-0.1103230897111643,0.001817741861047489,0.0007959311258386509,0.0006715705917734638,0.0011092169071381702,-0.13393467044474022,-0.3012028867256556,-0.2587895402962739,-0.15884491787118,-0.5350821795954896,-0.546301976447446,-0.18709758785945596,-0.4744959016742549,-0.6214242370771952,0.6178660049627791,0.7847597600646542,0.054481502126291305,False,False,False,False,False
SLC25A36,True,False,False,0.24344718570231627,-0.2563795620572431,0.005214206323660713,0.00148914757160705,0.001233698511533157,0.0062252157793606985,0.024369735230262805,-0.22620673499287602,-0.2271096115613967,0.10693875255871763,-0.5358853638827276,-0.5468647928644871,-0.5122908241161734,-0.5490492842014238,-0.5201446920597586,0.6178660049627791,0.7847597600646542,0.09497491791680295,False,False,False,False,False
MAPK9,True,False,False,0.1985775512208172,-0.2232579973829676,0.0012228138061520686,0.0012021684990167307,0.0024856955297372333,0.003468487540497601,-0.16166342579792997,-0.2572537855980581,-0.15655062504114048,-0.036277336420692134,-0.5391905000164365,-0.5529429674380049,-0.7735470999497998,-0.52639619908645,-0.5554850326061695,0.6191066997518611,0.7847597600646542,0.04308547753055428,False,False,False,False,False
SLC9B2,True,False,False,0.0715491626736274,-0.07948334471454138,0.0019435668383791758,0.0006334170609836834,0.0015730385922720215,0.002005804944972801,-0.12807014617992926,-0.3187845952107509,-0.207985370980551,-0.11226584983168592,-0.5425742625395453,-0.5644545837033221,-0.26085259874872807,-0.5061160854979876,-0.5912193330405386,0.619727047146402,0.7847597600646542,0.07634574661729188,False,False,False,False,False
PANK2,True,False,False,0.13151340503177117,-0.15017358216038193,0.0006600117528387926,0.0007878241453986206,0.0009694170765802992,0.0005243691726942671,-0.18789483364663184,-0.302079946609169,-0.24200376061707216,-0.18922861837336208,-0.5427499224995109,-0.5472311397906419,-0.21375435220485975,-0.5670167912725282,-0.5269343835317066,0.619727047146402,0.7847597600646542,0.03835290871400894,False,False,False,False,False
OPA1,True,False,False,0.19752652647817814,-0.21672400796031335,0.0028341008560074845,0.0009209941879723029,0.0005615613358217519,0.002318245235494343,-0.0865636149190203,-0.2876728436327729,-0.2649893486783535,-0.09603411693278412,-0.5431916902973626,-0.5561571662628736,-0.509922829381908,-0.44034056694033896,-0.6486821582612106,0.619727047146402,0.7847597600646542,0.0581762222911351,False,False,False,False,False
TSPO,True,False,False,1.7545737063026652,-0.6982568847639219,-0.005681712093253245,-0.0028802970656639604,-0.010746662351108414,-0.025496884627154832,-0.4834736143055588,-0.6989184471934216,-0.9022886322171345,-1.5410710477496818,-0.543609645966433,-0.4405620615805754,-0.7762121009213925,-0.3214170030833148,-0.7620587289079677,0.619727047146402,0.7847597600646542,0.014472118807784666,False,False,False,False,False
CPT1A,True,False,False,0.0804846004058003,-0.09498437302894146,0.002476744646937634,0.0008040258399212485,0.0012151074728373602,0.002489621750299126,-0.10321948248771828,-0.30032715388740905,-0.22815734955890082,-0.08713085478047813,-0.54457313115355,-0.5529935526884919,-0.508275443977646,-0.5788515654188611,-0.5280447214321069,0.619727047146402,0.7847597600646542,0.06712574587806198,False,False,False,False,False
MGME1,True,False,False,0.08601094313696056,-0.10842228248957368,0.0017618329884937344,0.001167826117744287,0.00196236388872417,0.003473761054295506,-0.13654050393394798,-0.26096914239966756,-0.18604410598954746,-0.036003369618064385,-0.5475503827050986,-0.5558775832152195,-0.37380448224141444,-0.5969533636210277,-0.5181719922198148,0.6203473945409429,0.7847597600646542,0.044000153191293453,False,False,False,False,False
FARS2,True,False,False,0.07760360741795091,-0.09012278572617535,0.001301241250980968,0.00030911703016823285,0.0009877362639952843,0.00022457760935861335,-0.15800803349840456,-0.3538692422447976,-0.24097134338357892,-0.20480323128031375,-0.5480453878464674,-0.5573762112889655,-0.3332929804052444,-0.5984671445218788,-0.5183682219971633,0.6209677419354839,0.7847597600646542,0.05864337301715954,False,False,False,False,False
PITRM1,True,False,False,0.14519360737001893,-0.16674042709320513,0.0002426334080659451,0.00039385901949367315,-0.0002991322848797821,-0.0019047727216989752,-0.20734824808337407,-0.3447013652730623,-0.31349559006562416,-0.31542611466139253,-0.550119088760668,-0.563648431611397,-0.3902425044622265,-0.4203237915547823,-0.6792178650819907,0.6215880893300249,0.7847597600646542,0.03707420689842305,False,False,False,False,False
TRIT1,True,False,False,0.0624272326974676,-0.07425223746695525,0.0017911330180727463,0.000663037840519332,0.0007062365756931645,0.0011672283182422598,-0.13517487098832995,-0.3155800485066745,-0.25683586416403337,-0.15583113969116946,-0.5517596439678684,-0.5621066457543172,-0.09017938061988717,-0.5375198113557396,-0.592755377704915,0.6228287841191067,0.7847597600646542,0.06057862682903284,False,False,False,False,False
COX6B1,True,False,False,1.9784872020297586,-0.6253961905987171,-0.0009235380671526851,-0.0010356039636566462,-0.007893969530057074,-0.014130766916464206,-0.26170185146469394,-0.4993489121325456,-0.7415189886953605,-0.9505845056028797,-0.5519852466897204,-0.510403265772406,-0.4603273672650595,-0.6163603455353467,-0.49012588525349954,0.6228287841191067,0.7847597600646542,0.035728696668530624,False,False,False,False,False
TRMT10B,True,False,False,0.05482184149183632,-0.06520534481095143,0.0014353936726238638,0.0006228122986720535,0.0012542872936004072,0.0013643607037400062,-0.15175537883005527,-0.31993187953769947,-0.2259492864366329,-0.14558982215244395,-0.5520467226519437,-0.571164172470277,-0.10677416669717762,-0.6464954276324351,-0.49406178925662925,0.6228287841191067,0.7847597600646542,0.046844599257197896,False,False,False,False,False
COX6A1,True,False,False,1.3594762210041849,-0.8538906727821363,-0.007841869273024243,-0.0001880071718911953,-0.00998925962009628,-0.02084118194673462,-0.5841554857846833,-0.40765100451438707,-0.8596035712219018,-1.2992004418840413,-0.552209619636931,-0.5151739325369062,-0.505802289063749,0.250409825552357,-1.307936078011979,0.6228287841191067,0.7847597600646542,-0.048134161838069414,False,False,False,False,False
COX15,True,False,False,0.06947374366614842,-0.0801732302906115,0.0011966203147788655,0.00028575362044291766,0.0014497453992830533,0.0006877868994107626,-0.16288426739071904,-0.3563968306069182,-0.21493382422417523,-0.18073882697488367,-0.5534760952469288,-0.5643133010241351,-0.3721030314099581,-0.510066175484257,-0.6111938446493393,0.6240694789081885,0.7847597600646542,0.038026395012503954,False,False,False,False,False
SDHC,True,False,False,0.4248684836638627,-0.4571826338520396,0.00031743991654434924,0.0003187531341928494,-0.0013498968951000197,-0.003062362893884558,-0.20386162250679304,-0.352826752955984,-0.3727136911397332,-0.37556462768717863,-0.5538374389153315,-0.5419262686811712,-0.5984671876535654,-0.7701592105476956,-0.36224834675306045,0.6240694789081885,0.7847597600646542,0.016802824828935286,False,False,False,False,False
NOA1,True,False,False,0.16795195786841605,-0.19378614513911618,0.005183514606002105,0.0004142302433359987,0.0008294986938162273,0.0038702048481790556,0.022939237671235572,-0.34249748883073694,-0.2498891622113569,-0.015407531094794981,-0.5540398822760633,-0.5538966583994095,-0.23614551696833905,-0.6983097132692486,-0.41947024957471823,0.6240694789081885,0.7847597600646542,0.0848408104152189,False,False,False,False,False
PPTC7,True,False,False,0.10793626159039674,-0.11876376910467784,0.001811290787780398,0.0006548463658452144,0.0010957607727051708,0.0016412638488241258,-0.1342353458472813,-0.31646624946356955,-0.23488338970390346,-0.13120429625766056,-0.5543806887570937,-0.5728387625485194,-0.1932907824045207,-0.609539663258372,-0.5128473104215521,0.6246898263027295,0.7847597600646542,0.033929183120707126,False,False,False,False,False
HSD17B4,True,False,False,0.10661185020641294,-0.11954476342887511,0.0012301649064884457,-0.00018276877118529616,0.001210183159847783,-0.0004644684974262443,-0.16132080140641428,-0.4070842841248538,-0.22843486981557962,-0.2406001905703284,-0.5562397647765194,-0.5672242012254967,-0.28521848691639906,-0.5975540595094437,-0.524714230414041,0.6253101736972705,0.7847597600646542,0.05039501284015553,False,False,False,False,False
MFN2,True,False,False,0.13252521500705425,-0.15051217365886052,0.002964023271077477,0.0008528403411838937,0.0009423837655409077,0.0029680130161627853,-0.08050811487539793,-0.29504611970854533,-0.24352728104203486,-0.062277724488912674,-0.5568037911370655,-0.5813741078741023,0.04558618576673396,-0.49558114560284666,-0.6163515023921312,0.6253101736972705,0.7847597600646542,0.05894171928534749,False,False,False,False,False
PRELID2,True,False,False,0.06694980617396026,-0.08314343235134154,0.0020272810920688097,0.0009199865448764389,0.0012081615611934065,0.002605640162348633,-0.1241683431954612,-0.28778185627229,-0.22854880135865008,-0.08110352753469037,-0.5593954732917109,-0.5718237170551741,-0.18715452772261482,-0.5377548254256476,-0.6083956145047862,0.6271712158808933,0.7847597600646542,0.05992678117134904,False,False,False,False,False
CPOX,True,False,False,0.07436778349739596,-0.08854192620870989,0.0010270792345405352,0.0003303032272363532,0.0014517499656962823,0.000752325811373746,-0.17078633739323482,-0.3515771973003068,-0.21482085256971167,-0.1773859355189827,-0.5597984517442706,-0.5702614559108936,-0.25390743914052083,-0.6513033984824063,-0.5043574395589026,0.6271712158808933,0.7847597600646542,0.05580600115417087,False,False,True,False,False
NADK2,True,False,False,0.10296319377108015,-0.10438290857641516,0.0013187724471670765,0.0005978736875430237,0.0011282995319316263,0.0012408989300527625,-0.1571909292349675,-0.32262988226924805,-0.23304959789748314,-0.15200384298941993,-0.5608665664122787,-0.571611230900003,-0.22904084117729923,-0.6776522332198864,-0.43818481993866987,0.6271712158808933,0.7847597600646542,0.030092052281782414,False,False,False,False,False
OXA1L,True,False,False,0.4216100137492169,-0.45205068292826717,0.005487050925442444,-0.0005810904735043159,0.001342831805653968,0.002772956044374157,0.03708663629080203,-0.45017702234237233,-0.22095916989355058,-0.07241122123114331,-0.5616383347139776,-0.5545504787110549,-0.44906998624785327,-0.688215518827054,-0.42534577254651673,0.6271712158808933,0.7847597600646542,0.051284316766749855,False,False,False,False,False
IMMP2L,True,False,False,0.05366883996446752,-0.07099411937291246,0.001073609595523499,0.0002368238117717777,0.000748026072475357,-0.00011808295766405007,-0.1686176230662243,-0.3616903394060194,-0.254480727133138,-0.2226049520174625,-0.5621837375879193,-0.572830686562052,-0.3020968386193152,-0.5588852615720007,-0.5967070527688543,0.6271712158808933,0.7847597600646542,0.0483549187649397,True,True,False,False,False
BCL2L13,True,False,False,0.16066665815924042,-0.18111332005775274,0.0030519473364117923,0.0008467786027962045,0.001314372659719445,0.0036182011681190496,-0.07641009852324983,-0.2957019135153176,-0.22256304631272325,-0.028499493137994714,-0.5661755652132959,-0.5786970270843251,-0.5009890997927035,-0.5336469181731437,-0.5991686485327844,0.6296526054590571,0.7847597600646542,0.10371320396207778,False,False,False,False,False
SLC25A28,True,False,False,0.057500437500416446,-0.07177863259144633,0.0011960759488370486,0.00023225811769802353,0.0011727154486059909,0.0005490467241728088,-0.16290963951748133,-0.3621842825137037,-0.2305464433209596,-0.1879465832570525,-0.5676937820950921,-0.5813127819551722,-0.20702054962960897,-0.5831470298702331,-0.5793802591391665,0.6308933002481389,0.7847597600646542,0.04233783122247248,False,False,True,False,False
GATC,True,False,False,0.0935373072368601,-0.10026006222134838,0.0007530280924469522,0.0006111571665896958,0.0010260428131788385,0.0008111520575363441,-0.1835594735915454,-0.32119279892218583,-0.23881249536063628,-0.1743298254585214,-0.5692349424158462,-0.5864894649718911,0.027534288911092757,-0.5758990810254884,-0.5773224746439696,0.6321339950372209,0.7847597600646542,0.0077975865709072455,False,False,False,False,False
POLG,True,False,False,0.07471753333968094,-0.0885217951815421,0.0008952806740807569,0.00014403601663985646,0.0012721379923415297,0.00025378633593505135,-0.1769292819204251,-0.37172865803671806,-0.22494327189064078,-0.20328579494931306,-0.5703154168984709,-0.5867316275039389,-0.2066557563503328,-0.48297717444708255,-0.6652521905279871,0.6327543424317618,0.7847597600646542,0.04270021207759283,False,False,True,False,False
CALCOCO2,True,False,False,0.15244174650226508,-0.16333336696355705,0.0005379333986691983,0.0004987272622607596,8.865832222973354e-05,-0.0005794417397807766,-0.19358473310394314,-0.3333561141692852,-0.29164081579549705,-0.24657321971232632,-0.572008443356399,-0.5802903911455302,-0.36398871590743037,-0.6583098937187389,-0.4844431175334442,0.6333746898263027,0.7847597600646542,0.026207325167049617,True,True,False,False,False
UQCC1,True,False,False,0.06300452498108298,-0.07479179917842425,0.0016486780825736647,0.00041580946491071274,0.001362176579785527,0.0016401371873066427,-0.14181449408696298,-0.34232663953603265,-0.2198689535133678,-0.13126282798155806,-0.5727472591548053,-0.5860257785058911,-0.28446688524422126,-0.5767875120273772,-0.5887021266144612,0.6333746898263027,0.7847597600646542,0.05157109412974657,False,False,False,False,False
FLVCR1,True,False,False,0.0720876731429885,-0.08181255516292307,0.0008510288676037321,0.0005615256494338038,0.0014416023968259221,0.0013570805746449858,-0.17899179604400903,-0.32656222259075657,-0.21539274065309078,-0.14596803557281507,-0.5749787237150412,-0.5887765540646699,-0.04360778764056911,-0.588228854863561,-0.581894341155379,0.6346153846153846,0.7847597600646542,0.038009381493389734,False,False,False,False,False
PEX2,True,False,False,0.1383140602394953,-0.15623901454204006,0.000260385809905147,0.0008785902369112319,0.001461313248851021,0.0015389113072889753,-0.20652083373725239,-0.29226034753181906,-0.21428189316534138,-0.1365216614186937,-0.5765414130157192,-0.5848602005628079,-0.4758558712340673,-0.6499961681396127,-0.5119083962256312,0.6352357320099256,0.7847597600646542,-0.0015665569783047948,False,False,False,False,False
COX10,True,False,False,0.0609797421494773,-0.0658002947792259,0.0011873525931665083,0.00046635233025467187,0.0008008428893665333,0.0008081984463288016,-0.16331622278962135,-0.3368586209662433,-0.2515041217444023,-0.17448326990746876,-0.5771956955927982,-0.5955021401498009,-0.42783136100179364,-0.6170873744878246,-0.5617349903034514,0.6358560794044665,0.7847597600646542,0.06524398580857763,False,False,False,False,False
NDUFA13,True,False,False,0.29830177082704296,-0.32551813428770565,0.00029179132038157274,0.00045322155950789907,-0.0010223598874706306,-0.0019809720712704783,-0.20505706730435838,-0.33827918344900687,-0.3542546381466532,-0.31938478301127177,-0.5782061058887467,-0.5707148568020131,-0.5943715368284191,-0.5383951504064276,-0.6046605357477979,0.6370967741935484,0.7847597600646542,0.014839741246222286,False,False,False,False,False
ARHGAP11B,True,False,False,0.05725351160733986,-0.09299793847525899,0.0022374448416968605,0.0014501449238766818,0.0029461738718970245,0.00615250632250967,-0.11437290801705187,-0.23042626628793145,-0.13059937702305086,0.10316138927160744,-0.5785599405996416,-0.5891126388826541,-0.03314715760224396,-0.605330964885671,-0.5711789677205401,0.6370967741935484,0.7847597600646542,0.032325880846937924,False,False,False,False,False
LETMD1,True,False,False,0.09721463563271816,-0.1298959919100983,0.002910936145621148,-0.0004392603448170507,-2.590185136787859e-06,-0.0003711681604702179,-0.08298243072261645,-0.4348330213218549,-0.2967833218140046,-0.23575310075896058,-0.5788456730995153,-0.5866421416483054,-0.3646130840957816,-0.5897603784792302,-0.5820944358497655,0.6370967741935484,0.7847597600646542,0.07216067979043339,False,False,False,False,False
TXNRD2,True,False,False,0.06328192260117947,-0.07953834668444287,0.0009461916301578744,0.0003754159950746018,0.0009323402027867727,0.0006934788487992546,-0.1745563942506588,-0.3466966379850518,-0.24409330763689116,-0.18044312182752942,-0.5849032180450724,-0.5954628601344444,-0.4456572805046072,-0.5739614913230793,-0.6191015126431504,0.6383374689826302,0.7847597600646542,0.03109898736472813,False,False,False,False,False
ACAA1,True,False,False,0.20691344735159017,-0.23214069625369335,-0.001247174603510671,-7.001611714642532e-05,-0.0009214775657641432,-0.004206811292277634,-0.27678609277115207,-0.39488605195337145,-0.34856919778703416,-0.4350204062242031,-0.5852209362873546,-0.5886369428897131,-0.713289559913513,-0.5423137541973295,-0.6167959680412072,0.6383374689826302,0.7847597600646542,0.016754773583674103,False,False,False,False,False
NDUFS1,True,False,False,0.14928326917064028,-0.16213906191236918,0.0011052615803719202,0.0008891446236981987,0.0009320478487846219,0.0019146480813283856,-0.16714236881139002,-0.29111851311956066,-0.24410978387588933,-0.11700158305004862,-0.5853690827567914,-0.5990028015869393,-0.25157835054628835,-0.6500929602187062,-0.5207285678538658,0.6389578163771712,0.7847597600646542,0.03174064706237488,False,False,False,False,False
FBXL4,True,False,False,0.0646962601786202,-0.07504585324039571,0.0009681625426830242,0.00016546288910405154,0.0012125864809363562,0.0006388389871644877,-0.17353236108684492,-0.3694105754403041,-0.22829942548318363,-0.1832817430508295,-0.587960618959503,-0.5980889415714344,-0.35541990002936624,-0.6448470831202644,-0.5416186914051385,0.6401985111662531,0.7847597600646542,0.0333639950991197,False,False,True,False,False
TFB1M,True,False,False,0.08743680412969171,-0.11224368621177486,0.002778162825185339,0.00025931161939048305,0.000607313022739336,0.001822552685456174,-0.08917080743388517,-0.359257478727937,-0.2624109138949165,-0.12178607439884696,-0.5890531256578918,-0.6014559152177988,-0.04439348857020614,-0.6407272047047426,-0.5453141465473113,0.640818858560794,0.7847597600646542,0.08312803415794082,False,False,True,False,False
MRPL49,True,False,False,0.0813554943036189,-0.09133463373989262,0.000965638604741913,0.00079607468054443,0.0007996379412824226,0.0015670537499467578,-0.17364999826518912,-0.30118735614994246,-0.25157202918698257,-0.135059620106476,-0.5913497634956382,-0.6051598528177347,0.048174672030586674,-0.599153247683636,-0.6006664564135146,0.641439205955335,0.7847597600646542,0.035744125283159116,False,False,False,False,False
IVD,True,False,False,0.08397348705876621,-0.10004495207694072,0.0019556317720915,0.0005923576395627661,0.0005503253116951911,0.0017762728725600266,-0.12750781668057443,-0.3232266401416527,-0.2656225790002791,-0.12419037878701494,-0.5921666570354913,-0.6050208059748818,-0.3657153530369826,-0.6515031776041172,-0.5483648122654368,0.642059553349876,0.7847597600646542,0.06038094247437341,False,False,False,False,False
ATAD1,True,False,False,0.14400300303305522,-0.16148860853161578,0.000914421861333807,0.0007662545340819255,0.0007724617189790643,0.0015033272644585868,-0.17603713825004008,-0.30441347151758463,-0.253103603683801,-0.1383703048113938,-0.5951839086400319,-0.6070635054413975,-0.3224060429793157,-0.5375069734402685,-0.6503508620268557,0.6426799007444168,0.7847597600646542,0.027495628890324083,False,False,False,False,False
RHOT2,True,False,False,0.1448019369510485,-0.16524702669298164,0.0015757645217580507,0.0006798628497586465,0.0004847964259801456,0.0016409664500865572,-0.14521289204979143,-0.31375982200524116,-0.2693156003866141,-0.1312197465597475,-0.5970685678818992,-0.6115052289201017,-0.2536858158007724,-0.5852605843261602,-0.6074341485931197,0.6439205955334988,0.7847597600646542,0.02993694828875412,False,False,False,False,False
SDHAF2,True,False,False,0.1173672304154365,-0.12719383329506537,0.0004209514668512467,0.0009377670883592,0.0012891285620225412,0.0020385455885346183,-0.19903709552227572,-0.2858582545674194,-0.22398573176900885,-0.11056492521550897,-0.598316156643195,-0.6082242821889677,-0.3316987426030251,-0.6154870572073117,-0.5885382357469325,0.6439205955334988,0.7847597600646542,0.0006937609396583258,False,False,False,False,False
OGG1,True,False,False,0.05682481802376309,-0.06424373354812478,0.0007558369933318936,0.0002564083271572576,0.0010741158150956338,0.000695181479660641,-0.18342855469335428,-0.3595715736201986,-0.2361032378744635,-0.18035466764858432,-0.598748698539432,-0.6103851712481467,-0.4607357817261575,-0.59589872381083,-0.617232378375268,0.6439205955334988,0.7847597600646542,0.0244160081749868,False,False,False,False,False
ABCB8,True,False,False,0.10139345627502769,-0.11445599808847863,-0.00038132725637099246,0.0003802851949950144,0.0007879369358079354,-0.00036686755131064264,-0.23643017231239186,-0.3461698598650611,-0.25223146453350764,-0.23552967778408027,-0.5993018189268803,-0.6136704138046793,-0.6220848446665862,-0.5554816385168034,-0.6436845311650998,0.6439205955334988,0.7847597600646542,0.0376015273751003,False,False,False,False,False
DNAJC30,True,False,False,0.058430390595440744,-0.0689102136425578,0.001043325874282772,0.0005398705574949747,0.0008824747063081392,0.0013729405591900216,-0.17002910448916025,-0.32890499528569966,-0.24690358501191947,-0.14514408603517379,-0.6006935987516056,-0.6113775703032338,-0.49761993478181754,-0.6111593903279312,-0.6087872221568646,0.6439205955334988,0.7847597600646542,0.029940557832160215,False,False,False,False,False
MTIF3,True,False,False,0.26043402373694186,-0.28780333228367155,0.0017139717424652535,-5.332149320135367e-05,0.0017520922656738159,0.0017031792934242217,-0.13877124893093065,-0.3930799312847851,-0.19789441585504908,-0.12798769779211724,-0.6017578982786476,-0.6125517336828141,-0.8989552624629187,-0.619173785937564,-0.5811169218211684,0.6445409429280397,0.7847597600646542,0.021558861967259875,False,False,False,False,False
MCU,True,False,False,0.17130984964667362,-0.18560397745988338,0.0018392233311668813,0.0006744345700908641,0.0011978600706798862,0.002747874444556028,-0.13293344949934005,-0.314347084595588,-0.229129364027501,-0.07371424725331682,-0.6026956508691124,-0.6114557588821374,-0.6308192658001119,-0.6563153849360077,-0.5450306148022286,0.6445409429280397,0.7847597600646542,0.06412700838346312,False,False,False,False,False
MAOA,True,False,False,0.1341070647331453,-0.16536601199836531,0.004097761088202847,-0.0009170316545385258,-0.0005277291719707191,-0.0002936445958344829,-0.027666198433493154,-0.486521076122291,-0.3263786596259327,-0.23172563748769837,-0.6088402966940185,-0.617096032848864,-0.09516932589895388,-0.7393887807804771,-0.47653391174272064,0.6464019851116626,0.7847597600646542,0.09557476384219803,False,False,False,False,False
DECR2,True,False,False,0.06918506196756825,-0.08126561145625277,0.00027970634459323275,0.0003058784572068477,0.0005256493365013316,-2.5322859386207145e-05,-0.2056203309365349,-0.3542196097392393,-0.2670132466901872,-0.21778592840047475,-0.6090672589654867,-0.6281978335695019,-0.11631387343892632,-0.617441731617162,-0.608487625605387,0.6470223325062034,0.7847597600646542,0.02930071540511539,True,False,False,False,False
ATP6V1C1,True,False,False,0.11780829988253624,-0.13410715981817126,0.0004717065852227843,0.0004502146979628119,0.0008200084172228863,0.0007770434102677772,-0.19667147122759707,-0.33860448306653806,-0.2504240071738342,-0.17610181988050222,-0.6095981415874671,-0.6216487274094731,-0.6188100785915508,-0.5691058837038417,-0.6430763443433106,0.6470223325062034,0.7847597600646542,0.026986861852406552,False,False,False,False,False
COX16,True,False,False,0.08538128418802525,-0.09533744973854057,-0.00013758142764622188,0.0002808379156754574,0.00046549076259591804,-0.000490207135072684,-0.22506952391557397,-0.35692863988937884,-0.2704036125964565,-0.24193735067461983,-0.6104644257267895,-0.6215812120541105,-0.7829422301384245,-0.5484953333165132,-0.6904809434196817,0.6470223325062034,0.7847597600646542,0.014199782990803475,False,False,False,False,False
ACSF3,True,False,False,0.06809392414044542,-0.08043006522746693,0.0013657457768608016,0.0002738735825797788,0.00047955163086690813,0.0008620377956595326,-0.15500156876274873,-0.3576820815954281,-0.2696111821031163,-0.1716862364764464,-0.6106085959848467,-0.6276147218474611,-0.022988351650188962,-0.6260078264437268,-0.602463528311449,0.6470223325062034,0.7847597600646542,0.0708734340957623,False,False,False,False,False
RARS2,True,False,False,0.10522037376895127,-0.11561284841666894,0.00013052022147820735,0.0004132450050945987,0.0004309085491457183,1.252287592016073e-05,-0.2125736851714004,-0.3426040775839265,-0.2723525676635967,-0.21581978675520203,-0.6117105436637216,-0.6194130540409017,-0.41442373135562854,-0.5765452662255677,-0.6439602236547163,0.6476426799007444,0.7847597600646542,0.00758947323847767,False,True,False,False,False
ATG5,True,False,False,0.24470440551785613,-0.25866404737674836,-0.0006236604804098871,0.0004709342078438577,0.0011184782405085597,0.00020973115054462397,-0.24772498120235997,-0.3363629270325561,-0.23360309791310277,-0.2055745266646605,-0.6121164794833583,-0.6240517816111519,-0.8240864336833243,-0.5110414510370855,-0.70616423120976,0.6476426799007444,0.7847597600646542,0.011058274769547941,False,False,False,False,False
THEM4,True,False,False,0.1282556755101944,-0.14396072420687395,0.0011083071909450807,0.0004713245820519768,0.0007186524028134235,0.0013935183171871692,-0.16700041720936126,-0.33632069410008114,-0.2561361435052152,-0.14407504122373033,-0.6153822135909273,-0.640117044381814,0.04316716262092759,-0.5277428031427772,-0.6868559500824105,0.6476426799007444,0.7847597600646542,0.033011333576194575,False,False,False,False,False
MFN1,True,False,False,0.10237617089395755,-0.1084319064873988,0.0017741608600069674,0.0006399329688036437,0.0006304908173960364,0.00226468139362725,-0.13596591927551213,-0.31807966673635374,-0.26110467939357773,-0.09881683734561679,-0.6163334280598268,-0.629953224098407,-0.5526114720045079,-0.6614691199493099,-0.5667325906960643,0.6476426799007444,0.7847597600646542,0.049090252459066244,False,False,False,False,False
MUL1,True,False,False,0.07079541091553582,-0.08444860481346159,0.0005313880344042051,0.0004565840075883195,0.00128244931636255,0.0015183965196550698,-0.1938898032765599,-0.3379154144300055,-0.2243621550333109,-0.13758743482709568,-0.6185799379127807,-0.6322984291818765,-0.3593777701748901,-0.6001237659439943,-0.6403014081611291,0.6482630272952854,0.7847597600646542,0.02991093965400242,False,False,False,False,False
TMEM242,True,False,False,0.11671535548794258,-0.13945706010583667,0.00024847269045722396,0.0008222570148988721,0.0004745516791393871,0.0011523635131114273,-0.20707608738842348,-0.29835480026937966,-0.26989296514366234,-0.15660338819367578,-0.6187204646077896,-0.6253469367490276,-0.24336195865666121,-0.5472232931889802,-0.6974411397264907,0.6482630272952854,0.7847597600646542,0.035807027527131996,False,False,False,False,False
ATP6V1H,True,False,False,0.22130091033683816,-0.25179177929001334,0.0010143417366696085,0.0004327656688708102,-0.0007696105994642171,-0.00030762404849218774,-0.17138001415695173,-0.3404922196333227,-0.34001040805173616,-0.2324518906262867,-0.619430751215724,-0.6112745087527378,-0.7654642950705384,-0.6498653097760365,-0.5858270822931364,0.6482630272952854,0.7847597600646542,0.028317799343674843,False,False,False,False,False
MTHFS,True,False,False,0.14310875676255194,-0.1552486714344243,-0.0006754078230545399,0.0006722792346290755,0.00012161180858353616,-0.0003451427821234746,-0.25013685166730804,-0.3145802612120893,-0.2897836511492356,-0.23440104405330317,-0.6200997199753296,-0.626772365507325,-0.5101424578178039,-0.5859929332388232,-0.6524683213582342,0.6488833746898263,0.7847597600646542,-0.002248039172041814,False,False,False,False,False
FECH,True,False,False,0.07865904222233133,-0.09267135628560902,0.0006546986202783697,-4.8540515880377065e-05,0.0007179660147100531,7.337619271984186e-05,-0.1881424712419927,-0.39256269759423484,-0.25617482638403133,-0.2126583673919827,-0.6242216278282762,-0.6343254685399947,-0.7165522165855768,-0.6248018636035344,-0.6290361769832712,0.6513647642679901,0.7847597600646542,0.0674566896411573,False,False,False,False,False
ALDH1L2,True,False,False,0.05751969726201957,-0.07177491299181307,0.0012239365705995853,0.0002818535651975454,2.1985490730969532e-05,0.0005180576863241242,-0.16161109533472812,-0.356818761068513,-0.29539830670848405,-0.18955650937866173,-0.6242716537330635,-0.6381107720974288,-0.3708721832320584,-0.6144022806624945,-0.6381135153313304,0.6513647642679901,0.7847597600646542,0.08618045442994149,False,False,False,False,False
GALK2,True,False,False,0.08388117187835564,-0.09740204664862902,0.0005434970099245021,0.000610593190316035,-1.4530744133919968e-05,0.0005781670854026902,-0.19332542105081485,-0.32125381312698625,-0.29745625771486756,-0.18643373763584928,-0.6256017542568194,-0.635448299704217,-0.5983277872364643,-0.6727081514903303,-0.5809797675240962,0.6513647642679901,0.7847597600646542,0.03704879078997791,False,False,False,False,False
APOOL,True,False,False,0.08391801342627507,-0.0966415278062503,0.0012507760266086063,0.00031308479643037183,0.0009711875490038687,0.0017056094004934848,-0.16036014624371966,-0.3534399864150318,-0.24190398183321501,-0.12786145015357428,-0.6278426643383922,-0.6483615178407154,-0.2216243453463577,-0.663516728183204,-0.5952246592408594,0.651985111662531,0.7847597600646542,0.057925167612812876,False,False,False,False,False
BOK,True,False,False,0.14664015178450565,-0.1650267244931835,0.0008357481933283072,0.00030750082704911007,0.00029797776031933695,0.0006421609144794421,-0.17970400666364356,-0.3540440924161872,-0.2798441683627597,-0.18310916403806551,-0.6304831034045248,-0.642137114643058,-0.43386172621667257,-0.5894518542645327,-0.6626596875715036,0.652605459057072,0.7847597600646542,0.04554938199657046,False,False,False,False,False
ACOT8,True,False,False,0.079270772326287,-0.09348966754051906,-0.00034725050321314076,-2.4536766164936125e-05,0.0002257799529797837,-0.0011881187843119571,-0.23484190303551064,-0.38996583356020365,-0.28391303118015765,-0.2781948879422177,-0.6305258798336543,-0.6380376204930716,-0.4870201654660302,-0.6505969522046798,-0.6078579770124781,0.652605459057072,0.7847597600646542,0.008061371889737674,False,False,False,False,False
WASF1,True,False,False,0.11822487455513754,-0.12084625508488361,0.0007137564072764519,0.00015818755182009223,0.0007106892850980365,0.0006722894186919608,-0.18538987130340273,-0.3701976633724869,-0.2565849221423602,-0.1815439439052692,-0.6306285129129806,-0.6436625478987568,-0.11882420807735683,-0.7033158078674343,-0.5598100100810918,0.652605459057072,0.7847597600646542,0.05231648328224197,False,False,False,False,False
MICU2,True,False,False,0.07290477183331938,-0.08982981702699844,0.0002885883219002747,-7.480019720564892e-06,-2.1715797839644968e-05,-0.0008222375578296116,-0.20520635453422378,-0.38812053639188315,-0.29786118688019164,-0.25918681977319086,-0.6320012580331078,-0.6392217428208395,-0.5549985164543141,-0.6126792293240351,-0.6614060761321978,0.652605459057072,0.7847597600646542,0.021110653206168898,False,False,False,False,False
BAK1,True,False,False,0.20860522645029575,-0.2285437762882444,0.0013511809202281606,0.0005019755463380698,-5.569921880790277e-05,0.0011639959390932655,-0.1556804161342881,-0.33300469607033467,-0.29977639570828535,-0.15599906654492726,-0.6324624413679808,-0.6465307212387137,-0.764297578481417,-0.6935995411325153,-0.5629767964088852,0.652605459057072,0.7847597600646542,0.027256719981863416,False,False,False,False,False
WARS2,True,False,False,0.07215623760970397,-0.08444919344906782,0.0015627135253700763,0.0002400105215721505,-0.0001236103695329841,0.0007370302916144992,-0.14582118053607088,-0.36134558276734474,-0.3036036747663933,-0.17818056028030124,-0.6325898777895076,-0.6407249394640462,-0.4150366860261302,-0.6226414948474635,-0.6425064673815731,0.652605459057072,0.7847597600646542,0.07332480939282537,False,False,False,False,False
PDK1,True,False,False,0.08248391704606821,-0.09846083829338385,0.0021817195068528977,-9.692028441844064e-05,-0.00013018816029917925,0.0005850877837202383,-0.11697018707314623,-0.3977966998805706,-0.30397438032180335,-0.18607419717332827,-0.6326670701021919,-0.6413826119399609,-0.6101793560662707,-0.6534322661213259,-0.6122835200400858,0.652605459057072,0.7847597600646542,0.0650544626868677,False,False,False,False,False
ATP6V1B2,True,False,False,0.13042347653213165,-0.14103215728456334,0.0010836195679679824,0.0003250125450011739,-0.000188476774152279,0.000423496536906001,-0.16815107240565064,-0.35214957380709844,-0.3072593606047795,-0.1944691002529244,-0.6330909065646042,-0.6497846638182788,-0.023829843519705796,-0.7240584661961402,-0.5389089889189516,0.652605459057072,0.7847597600646542,0.0712081221438543,False,False,False,False,False
MRPS28,True,False,False,0.06742536358612179,-0.0782949934905625,0.0009884931123725611,0.0004234381031930433,0.0005842026976086093,0.0013912586256042184,-0.1725847819829964,-0.34150132946494516,-0.2637133460059104,-0.14419243552696545,-0.6336070219268866,-0.6435118285042889,-0.41147814910451197,-0.7223827306982177,-0.5408660498563473,0.652605459057072,0.7847597600646542,0.019335611162346788,False,False,False,False,False
NUBPL,True,False,False,0.06093135917377598,-0.07297354753333249,0.000236724979041234,0.0002566725375096078,0.00012541363796613147,-0.00012809479105207048,-0.207623631605129,-0.3595429898210184,-0.28956939087204764,-0.22312508149599866,-0.6336109308021964,-0.6434574468778311,-0.8235350619955217,-0.6414143565077005,-0.6318030200379231,0.652605459057072,0.7847597600646542,0.043854867849463415,True,True,False,False,False
NDUFA11,True,False,False,1.0321783712182162,-0.9727974257796497,-0.006361103757649734,0.00045172547676595705,-0.0016062229817328608,-0.007486293802753191,-0.5151390990579263,-0.33844103830545813,-0.38715949941926103,-0.6053943489311505,-0.635345287851495,-0.5917165763516536,-0.7044638318046919,-0.3022364060269165,-0.9209827978282019,0.652605459057072,0.7847597600646542,-0.039975306580286044,False,False,False,False,False
D2HGDH,True,False,False,0.08752742669026996,-0.10886020772291896,0.00021069772590041338,-0.0001246278210416061,0.0002969001286332565,-0.0007179551886804341,-0.20883672506898357,-0.40079426093587583,-0.2799049006157175,-0.25376919722755625,-0.6357666893930207,-0.6615052103915652,-0.2999312401443186,-0.717171225868194,-0.5491550395051282,0.652605459057072,0.7847597600646542,0.05386445136333452,False,False,False,False,False
CSNK2A2,True,False,False,0.15269736086814933,-0.16173271779761975,0.0016317275938488012,0.00042001307069347354,0.001548717831231519,0.0030793096166366113,-0.14260453239680765,-0.3418718692272307,-0.20935601981235155,-0.05649570230338928,-0.6373367191330006,-0.6530032143700935,-0.3677246460302016,-0.740238486156026,-0.5389236456083694,0.652605459057072,0.7847597600646542,0.03801170833414871,False,False,False,False,False
VPS35,True,False,False,0.45034504359775607,-0.47100212848694506,-0.000647720296539746,0.0013116264083927673,0.002051440750090458,0.0034398121048136443,-0.2488463752092788,-0.24541199789952933,-0.1810239877552194,-0.037767067505004796,-0.6375152933590228,-0.6411734706732539,-0.7548820765226603,-0.6501095071532711,-0.6230002094677678,0.652605459057072,0.7847597600646542,-0.0009811428135207995,False,False,False,False,False
IDH3G,True,False,False,0.24681858669052859,-0.28909000358363796,6.0002779869218655e-05,0.00039231994017402535,-0.002250282238164726,-0.002443490945764847,-0.21586040340635104,-0.34486787174717964,-0.42345684496566616,-0.34341331921241725,-0.6407718009067797,-0.6240279597150167,-0.8394446485300439,-0.6530361339268116,-0.6200813772947029,0.6544665012406948,0.7847597600646542,-0.007433414922099478,False,False,False,False,False
SLC44A2,True,False,False,0.1372553920993836,-0.15130835532157424,-0.0007084411637799833,-0.00033509038841686764,-0.0008252774463166526,-0.0030852432546210596,-0.25167648896620026,-0.4235633148631088,-0.34314763301279905,-0.376753296099583,-0.641634140742525,-0.6544758263006241,-0.4838203669906358,-0.6720643275306653,-0.6076554737486703,0.6544665012406948,0.7847597600646542,0.06839857095764203,False,False,False,False,False
MTFR1L,True,False,False,0.07847824206239759,-0.09724935148974685,-0.000194675087701922,-0.00014768493750607714,-0.0004532287694612273,-0.0018056059555106893,-0.22773057867484398,-0.40328871272715305,-0.32218002910206667,-0.31027425521801155,-0.6429250652860521,-0.652860602688401,-0.6344356400161998,-0.6210932804298003,-0.6655334406234643,0.6544665012406948,0.7847597600646542,0.012181246471383658,False,False,False,False,False
SQSTM1,True,False,False,0.36250582543851845,-0.3845998541626641,-0.00017163527898410432,0.00023025141995694064,0.00015011742021212363,-0.00033663759388152326,-0.22665672577101179,-0.36240137864463184,-0.28817715605587,-0.2339591870073768,-0.6432760734641368,-0.6539569409809408,-0.8277791882532378,-0.432105456274461,-0.8409768966134239,0.6550868486352357,0.7847597600646542,-0.019523774321328787,False,False,False,False,False
ABCB7,True,False,False,0.0650177460225911,-0.08293998451931495,0.0009738993531571524,-4.539386496597278e-05,0.0002409897485171795,0.0002521262782791577,-0.17326497646304753,-0.39222227475679744,-0.2830558504179874,-0.20337203738757947,-0.645171064250253,-0.653674763740205,-0.42608081168987977,-0.6067948478992746,-0.685043587737589,0.6563275434243176,0.7847597600646542,0.0368634539429813,False,False,False,False,False
ATP6AP1,True,False,False,0.12078254571305609,-0.14113625673934357,-0.0008204882854529665,-0.00028462394363000304,-0.0003039057538760884,-0.0024244167718256355,-0.256898846861972,-0.4181035639097765,-0.3137646091844144,-0.3424223878055502,-0.6463446321506128,-0.6526144967829741,-0.5587445813973161,-0.6253672184277421,-0.6588469896599922,0.6569478908188585,0.7847597600646542,0.03110987777708188,False,False,False,False,False
HIBCH,True,False,False,0.06286042029489652,-0.06608610033638425,0.00024605434736142695,0.0001449679862285555,-0.0002399167057872454,-0.0004499855265405533,-0.20718880294034886,-0.37162783219348966,-0.31015836866155655,-0.2398477789187879,-0.6491272248766071,-0.6604494380346084,-0.47757734381764,-0.6012556619706719,-0.6910552616305397,0.6569478908188585,0.7847597600646542,0.01833370016710245,False,False,False,False,False
CBR4,True,False,False,0.1495004467513653,-0.1535553654245378,0.0010889402039853684,0.0002366557920635324,-0.0007529622274175833,-3.7867523841875905e-05,-0.1679030850847713,-0.36170851674674837,-0.3390721532142704,-0.21843764218044487,-0.6502461128653452,-0.6599244028740964,-0.10394648181504806,-0.6910680882344864,-0.6065945543765041,0.6569478908188585,0.7847597600646542,0.04930059124399015,False,False,True,False,False
SLC25A38,True,False,False,0.09311783829832342,-0.11425566896272871,0.0011750706485041367,0.00037924163740530226,0.00078018776750717,0.0020642998833607044,-0.16388866686248352,-0.34628275794158203,-0.25266818559092774,-0.10922695169769285,-0.6536126586973005,-0.6558014493327167,-0.39228834168566085,-0.5171478283090606,-0.7694785388524455,0.6569478908188585,0.7847597600646542,0.04162145627531941,False,False,False,False,False
NFS1,True,False,False,0.06664942208067204,-0.08283632854683108,0.001826476158671317,0.0004961091806604705,-0.00043578178810309634,0.0016065536054373634,-0.13352757718363045,-0.33363935333093897,-0.3211967669180773,-0.13300754448332738,-0.6553561529493193,-0.6683394556698328,-0.5355613478670893,-0.6163684825697828,-0.6838400240173461,0.6581885856079405,0.7847597600646542,0.08566282578852795,False,False,False,False,False
TTC19,True,False,False,0.1831942666312937,-0.19599618502076555,0.0006803004999790234,0.000464468079672011,0.0007554635293036324,0.001836443259151185,-0.18694920383266536,-0.33706247005762363,-0.2540615732466183,-0.12106443865317038,-0.657008808483737,-0.6587290578067644,-0.5396853215440733,-0.7147225180653912,-0.5917321109770863,0.6594292803970223,0.7847597600646542,0.03048463478455829,False,False,False,False,False
PHYKPL,True,False,False,0.09693099511002974,-0.10374234255566994,0.0003254828110134009,-0.00030018536507139175,0.00011825467851365236,-0.0007476357092243701,-0.20348675456901685,-0.41978708819821503,-0.28997284943956975,-0.25531114394948945,-0.6579355482573122,-0.6718339142527049,-0.34905436502445963,-0.6108950749722195,-0.6954907431035571,0.6594292803970223,0.7847597600646542,0.042998159095505625,False,False,False,False,False
PDPR,True,False,False,0.08648386220086246,-0.10200824694144714,-0.00045491433604620535,0.0002020079521190142,0.0004157560012077153,-1.871756584956465e-05,-0.2398599620368458,-0.3654569198285765,-0.2732065221140943,-0.21744277368049078,-0.6610806302990256,-0.6834341827791576,-0.2774217335990832,-0.6149413122902874,-0.6955369239367166,0.6594292803970223,0.7847597600646542,-0.007682674108036511,False,False,False,False,False
CKMT1A,True,False,False,0.055381463344243376,-0.0721048228090348,0.0006202319875350876,-0.00025624822623824075,-0.00044588928990364746,-0.0009101887359108508,-0.18974891225502363,-0.4150337152066342,-0.32176639693550463,-0.2637560129088629,-0.6627930114882994,-0.6703893120455862,-0.6297403116209431,-0.6707775558120748,-0.6514636412390061,0.6600496277915633,0.7847597600646542,0.08080997005509767,False,False,False,False,False
DROSHA,True,False,False,0.058808525229955055,-0.07162408134067136,0.0007424568551118258,0.0005843052040283868,0.00039430560110987494,0.0019341670909997816,-0.18405218401498938,-0.3240977990428027,-0.2744154055773542,-0.11598754177224699,-0.6665778468628993,-0.6854725035818039,-0.6149326770415379,-0.6797240742573183,-0.6489563391569534,0.6619106699751861,0.7847597600646542,0.020468290747865596,False,False,False,False,False
TRAK2,True,False,False,0.06181928339317868,-0.07056322900005871,-0.000484312775927084,-6.72466912309493e-06,0.0009406323094723204,0.00021955694981422275,-0.24123018174747218,-0.38803881820939473,-0.24362598811827973,-0.20506406193235555,-0.667830926142791,-0.6859990900785508,-0.5945515533314247,-0.6387788951497748,-0.6858374487060759,0.6625310173697271,0.7847597600646542,-0.032636377225638585,False,False,False,False,False
NDUFA3,True,False,False,0.5032818806491266,-0.5259785773782356,-0.0031268107064005286,-0.00041870906643776053,-0.0014241096335854443,-0.005569741002318526,-0.364393273540628,-0.4326096655416449,-0.37689610973840976,-0.5058266104318392,-0.6680724383888434,-0.6513540727866709,-0.7449027489859198,-0.5077221594344543,-0.7990248188491617,0.663151364764268,0.7847597600646542,0.02451421491712436,False,False,False,False,False
LGALS3,True,False,False,0.7970354176577625,-0.8059125322400642,-0.005101616957760652,-0.0049529446329776745,-0.014733247894429844,-0.031153882461144478,-0.45643620035056026,-0.9231494105464864,-1.1269612404766653,-1.8349604104106572,-0.671586440963055,-0.6399250952428641,-0.7161351401244354,-0.5815693766228276,-0.7481239230027288,0.663151364764268,0.7847597600646542,0.04237147854587057,False,False,False,False,False
AIP,True,False,False,0.20897143148903727,-0.23217278388644025,-4.09503328660174e-06,-0.00035732800781028775,0.0003161621062057695,-0.0006783415897710499,-0.21884791183707153,-0.4259691087365593,-0.2788193504138153,-0.25171121246641026,-0.6719251585210357,-0.6716616513375919,-0.85331664708975,-0.6272548464525047,-0.7014602164307863,0.663151364764268,0.7847597600646542,-0.01915938256668217,False,False,False,False,False
TBK1,True,False,False,0.08771899829186426,-0.08949518548449456,0.000528609096859208,7.447896314764631e-05,0.0002355956869212879,0.0006173152188477465,-0.19401932562584728,-0.37925374110367355,-0.2833598443683723,-0.18439993449058267,-0.6722329766073105,-0.6836427190611951,-0.6946919971133418,-0.7292952875141676,-0.6033848795849364,0.663151364764268,0.7847597600646542,0.04264564632824958,False,False,False,False,False
PDK2,True,False,False,0.05754875724233987,-0.06053189873937175,-0.0006772645454082872,8.22662623200443e-05,-0.0006928995000260943,-0.0014456055562780648,-0.2502233908706322,-0.3784112661827643,-0.3356871889445751,-0.291571704679194,-0.6727501413187776,-0.6842824235025123,-0.3694736189810284,-0.6830228587914094,-0.6532555455309526,0.663151364764268,0.7847597600646542,-0.03835960218369099,False,False,False,False,False
TFEB,True,False,False,0.056723844024860644,-0.06599443464345697,-0.00035090842696918747,-5.71677477678958e-05,-4.934014525791382e-05,-0.0007424409171490137,-0.235012393689124,-0.39349604127876475,-0.2994180164323198,-0.25504126685619977,-0.6728851845440088,-0.6885358398495648,-0.5022524424714694,-0.6211582213919774,-0.7085958147909479,0.663151364764268,0.7847597600646542,0.00737718882729684,False,False,False,False,False
IDH1,True,False,False,0.32732571901713203,-0.3439382635331519,-0.0013223988946802771,0.00044708611268549523,-0.001067010570597971,-0.0016662943668141954,-0.2802921906081851,-0.33894295145920084,-0.35677102349190065,-0.30303681316574443,-0.6729693523935423,-0.6870414941202525,-0.953665299056665,-0.8176001945715312,-0.5302405792528353,0.663151364764268,0.7847597600646542,0.023954452771093402,False,False,False,False,False
SLC25A51,True,False,False,0.07103067250898576,-0.0798433388437165,-0.00021777842514375805,-0.00010048205857117291,0.00016710495931418373,-0.0004347332917290003,-0.22880739256266686,-0.39818203314325756,-0.2872197867290373,-0.23905540287420282,-0.6751538095607589,-0.6922231755141512,-0.5150311407214767,-0.6806030870648812,-0.6590483760769144,0.6637717121588089,0.7847597600646542,0.012991126337903471,False,False,True,False,False
ENOX2,True,False,False,0.06840589367419816,-0.0755764122867446,0.000765261314111121,0.00037020051495097135,0.0003651571655124147,0.0016459905374490774,-0.18298930042873043,-0.3472608786938502,-0.27605812839897714,-0.13095873782750925,-0.6753495696940486,-0.691133698898188,-0.6612672425957599,-0.7281474771748302,-0.615360069025223,0.6637717121588089,0.7847597600646542,0.03684613461811048,False,False,False,False,False
TST,True,False,False,0.08775335895026593,-0.11410881177301659,0.0005798353800085863,-0.00029345336853104167,-0.0010190747694867682,-0.0013971865983371584,-0.19163174100714575,-0.4190587820002208,-0.35406949825241185,-0.2890562685578537,-0.6757037527019246,-0.6820222836376326,-0.7589013020542817,-0.5598898567677568,-0.7745192923310458,0.6643920595533499,0.7847597600646542,0.05745360222889392,False,False,False,False,False
SLC41A3,True,False,False,0.15758511155277072,-0.1825238722148629,0.000518028751962857,3.785711545787685e-05,-0.0013621085149835652,-0.0011077534403092246,-0.19451246053984098,-0.3832157037242117,-0.3734019032602297,-0.2740197900507031,-0.6771102774735793,-0.695553714385292,-0.6215912037180266,-0.5990367888408503,-0.7316254109033922,0.6643920595533499,0.7847597600646542,0.030720281468196064,False,False,False,False,False
CYP27B1,True,False,False,0.05918655088542232,-0.07365132596888213,0.0017825127019531362,-1.4919152281769996e-05,-0.0002785341904341418,0.0010972274755705607,-0.13557665173270894,-0.38892534464149414,-0.31233474012173396,-0.15946778648550067,-0.6773689500104364,-0.6881619904833782,-0.5613546811261177,-0.6762854445094438,-0.6680174191126899,0.6650124069478908,0.7847597600646542,0.11926666325048539,False,False,False,False,False
ACADVL,True,False,False,0.3993766047470202,-0.43903177828858403,3.8665068087051415e-05,-0.0010379763990896003,-0.005437632606252013,-0.008180153045286784,-0.2168549239789413,-0.4996055758755831,-0.6030868348036662,-0.6414413577066179,-0.6781059769515726,-0.6694597988693235,-0.9850438959946718,-0.4715399907310881,-0.8611859075399344,0.6650124069478908,0.7847597600646542,0.0534352731926717,False,False,False,False,False
MTERF4,True,False,False,0.09366743229813594,-0.10870226305826768,0.0008893046455910554,0.0003968534461147627,0.0001821515518641784,0.0016851297658950501,-0.17720781615765105,-0.3443774109373007,-0.28637180362246906,-0.1289253973100502,-0.6790316334073705,-0.6944282851084015,-0.2900276065104897,-0.7233169260204667,-0.6214910769045614,0.6650124069478908,0.7847597600646542,0.0307615347357213,False,False,False,False,False
ATXN3,True,False,False,0.1022888816826045,-0.11531232897765546,-0.0004725546628751347,0.0002190117993693935,-0.0007512444301819665,-0.0008969337738721694,-0.24068215272522353,-0.36361734560004394,-0.3389753430539984,-0.26306739812413776,-0.6802074432551279,-0.6946649745134172,-0.7056549636167735,-0.6386786836132021,-0.7063328984231682,0.6650124069478908,0.7847597600646542,-0.032298327144216515,False,False,False,False,False
SLC25A46,True,False,False,0.14591039950911813,-0.16076345157024965,-0.0012386062260666486,9.15623645334645e-06,0.0002488648344456096,-0.0008355621904586863,-0.27638673281499593,-0.386320730285291,-0.2826120330016592,-0.25987905404761846,-0.6854404420543277,-0.6972323036944263,-0.5652711032746099,-0.6133303139361478,-0.7321816315639548,0.6662531017369727,0.7847597600646542,0.0054254769483330564,False,False,False,False,False
PMPCB,True,False,False,0.2375227623891127,-0.25726967553886626,-5.905459663417068e-05,-0.0004291963238575564,-0.0004982880843792793,-0.0014861622809416533,-0.22140949936659354,-0.43374423751193897,-0.3247194437713407,-0.29367868621123266,-0.6861944944386407,-0.6813938428024207,-0.7758372583604991,-0.536842658544276,-0.8215081443503158,0.6662531017369727,0.7847597600646542,0.03194862803138138,False,False,False,False,False
IKBKE,True,False,False,0.07073181874594046,-0.09105085275726059,0.00023676674008362667,0.00010328240928257125,-0.0003123518482094005,0.00010334123527801515,-0.20762168518199722,-0.37613761823909364,-0.3142406070083292,-0.21110163933268988,-0.6868982710967302,-0.6953930967657252,-0.7553343342033678,-0.7589792177044127,-0.5992901229037391,0.6662531017369727,0.7847597600646542,0.04856844716763843,False,False,False,False,False
BCL2L2,True,False,False,0.061908246324701204,-0.07465850917932178,0.0005378706790692203,-7.738074448791139e-06,-0.0002160746935337334,0.00025139082045782195,-0.19358765637580658,-0.3881484542401563,-0.30881470074801437,-0.20341024550374273,-0.6871405658602345,-0.7054979418163552,-0.35497207678355436,-0.6423389383237398,-0.713899081233065,0.6662531017369727,0.7847597600646542,0.01425078086860801,False,False,True,False,False
TMEM65,True,False,False,0.07815173363168985,-0.08180227384272096,0.0002217428083536364,1.963071966547641e-05,-0.0007486962394309231,-0.0004921299524945924,-0.2083219293946477,-0.3851875403024299,-0.3388317342799841,-0.2420372438694241,-0.6903039601076377,-0.7037220502245742,-0.3130892910880035,-0.6927012015143669,-0.6737605608016689,0.6674937965260546,0.7847597600646542,0.031371059664912285,False,False,True,False,False
USP15,True,False,False,0.1045214791854157,-0.11080020974695336,0.0009310984263527797,0.00013284268749775492,3.7724667225621074e-05,0.0012525291079591894,-0.17525986713677255,-0.3729396169166758,-0.2945112915431292,-0.15139963813149745,-0.69131113746508,-0.7063965301689759,-0.2210564063868215,-0.7387890108130267,-0.6302255418362473,0.6674937965260546,0.7847597600646542,0.049186119900885034,False,False,False,False,False
ABCD4,True,False,False,0.11157700156500439,-0.11606467119075245,-0.0007872183202250899,4.1607476840584525e-05,8.067527027577889e-05,-0.00035871913189239866,-0.2553481808296312,-0.38280996800771616,-0.2920907178695592,-0.23510635540358835,-0.6951425113033182,-0.70433726681393,-0.3653695076256208,-0.6752794601888146,-0.6988271430421531,0.6674937965260546,0.7847597600646542,0.005945113007228799,False,False,False,False,False
SP1,True,False,False,0.11326054464558137,-0.1317583828154107,0.0017587915103151304,-2.7243998906746337e-06,-0.0007533919350104554,0.0009398600605701761,-0.13668226293091007,-0.3876060460209132,-0.33909637031048734,-0.16764325528631704,-0.6957414239759936,-0.7126050891069713,-0.573545172934893,-0.6072153306608096,-0.751946027630337,0.6674937965260546,0.7847597600646542,0.06231867093693154,False,False,False,False,False
PPM1K,True,False,False,0.07470444903547854,-0.08742406904642695,0.0004606456156281263,0.00045723442124359935,0.00023437702008365893,0.0018718845996829286,-0.19718700737912925,-0.3378450489309205,-0.28342852496083276,-0.11922320885489433,-0.6992373724159882,-0.7086430262363882,-0.6612028703058686,-0.6936784478446156,-0.6893303995945574,0.6693548387096774,0.7847597600646542,0.041014904446757594,False,False,False,False,False
NRAS,True,False,False,0.11135330884236104,-0.12462213185661238,-0.000810768775733297,0.00036214611689303414,-0.00014661368827685833,0.0003446375490833264,-0.25644583425825973,-0.34813224991211333,-0.30490007630215615,-0.19856594072403885,-0.7109122197484904,-0.7242670691962885,-0.920573566188745,-0.7019623138901605,-0.7007990029149677,0.673697270471464,0.7847597600646542,-0.027574020057168993,False,False,False,False,False
LRBA,True,False,False,0.12239272500844953,-0.1381081748146681,-0.00023810458783735794,-0.0006884224652897732,-7.033505334906332e-05,-0.001244554192283943,-0.2297547662626667,-0.4617888160193114,-0.3006012296632286,-0.2811267904401725,-0.7110180215050342,-0.7266249307980515,-0.6738206467755363,-0.6909349642887943,-0.7171365268319194,0.673697270471464,0.7847597600646542,0.04543145649874299,False,False,False,False,False
DBT,True,False,False,0.08409629145243352,-0.09913072450868043,-0.0002158934155264477,-0.00037118841121919167,-0.00035714908078130056,-0.0008542340694133275,-0.22871953492998892,-0.42746860708729373,-0.31676525146292983,-0.26084908563799514,-0.7121043078422172,-0.7299185379235026,-0.7211701229746015,-0.7046846345555766,-0.7002874473544838,0.674317617866005,0.7847597600646542,0.022801040945514068,False,False,False,False,False
PID1,True,False,False,0.07665756279857538,-0.08353816408427664,-0.001134682547177902,0.00023995618805328526,0.00015688952855697565,0.00017702568270765834,-0.2715429971000681,-0.36135146088066694,-0.28779549931510273,-0.20727362385016462,-0.7134163334456731,-0.7250110076654811,-0.7227277524812782,-0.618813872365924,-0.8037698499459663,0.674317617866005,0.7847597600646542,-0.06920772116194342,False,False,False,False,False
STARD3,True,False,False,0.12998035807770428,-0.15616177106076504,-0.0003351195012289744,0.00017448067154835032,0.0005038332428846255,0.0011643653573832644,-0.23427649418743213,-0.3684349797448843,-0.2682427395987517,-0.15597987472110322,-0.714974338809965,-0.7111242826583285,-0.5216009706578351,-0.7668134995507487,-0.6425896657930175,0.674317617866005,0.7847597600646542,0.008053268341547768,False,False,False,False,False
ECHDC2,True,False,False,0.13581586841841187,-0.14400370515269292,-0.00012795415710623845,-0.00020090142474534382,-0.0007659723169057349,-0.000769958755854726,-0.22462081044959178,-0.4090459791279202,-0.3398053648078081,-0.25647085907390194,-0.7170012953114182,-0.7258303005202476,-0.7992205026829353,-0.6363710476731481,-0.7833036843328436,0.6761786600496278,0.7847597600646542,0.03538146123712122,False,False,False,False,False
ATP6V0E1,True,False,False,1.1402874468959157,-1.0487735364353157,-0.014806045872060025,0.0003841858617083249,-0.001046114804148221,-0.01302148644053655,-0.9087459090502623,-0.3457478632513394,-0.35559339760156644,-0.892955752393207,-0.717131417509961,-0.7619196589860542,-0.7811983165751891,-0.35177344841762825,-1.0601272569214626,0.6761786600496278,0.7847597600646542,-0.04773857956892495,False,False,False,False,False
ATP6V0A1,True,False,False,0.05613925836057684,-0.06962993633275186,0.0007943059077922354,-0.00010200263630750968,-0.000533810701786772,0.0005712213426493108,-0.1816355729891025,-0.39834653800942443,-0.3267213973274401,-0.18679457919366865,-0.7199089291322984,-0.7362242714027125,-0.7534464089958477,-0.6769480895790052,-0.7335676789011893,0.6767990074441688,0.7847597600646542,0.030730486969908294,False,False,False,False,False
ZNFX1,True,False,False,0.09396737583444138,-0.10389492780389557,-0.0011716991873719537,-0.0001686768625707147,5.0555262753524104e-06,-0.000675024715796369,-0.27326829035442357,-0.4055597402062626,-0.2963524312922038,-0.2515388959821103,-0.7236415658707797,-0.738523671282114,-0.6914529769755753,-0.6789117305124905,-0.7424760036974919,0.6767990074441688,0.7847597600646542,-0.03149790926444926,False,False,False,False,False
SLC39A9,True,False,False,0.1389181613622819,-0.1497302187674389,-0.0008139042215912718,-0.00027072812905989073,0.0009283442005186508,0.0004834752317083109,-0.25659197295587793,-0.41660023457546513,-0.2443185109449436,-0.19135311878961592,-0.7261575996866707,-0.7436211259739118,-0.3777477602108178,-0.670685259354443,-0.7573627679937522,0.6767990074441688,0.7847597600646542,-0.01506714392720337,False,False,False,False,False
CROT,True,False,False,0.07349752936348997,-0.08137022751038062,-0.0005499628465053042,-0.00034975063354458834,0.00024213989217143053,-0.0001761188749868164,-0.24429003870160948,-0.42514934470234544,-0.2829910315970025,-0.22562000333159815,-0.7268104116693593,-0.73551687043172,-0.7256105833436912,-0.6549613073329403,-0.7748621883151379,0.6780397022332506,0.7847597600646542,0.015954272444097653,False,False,False,False,False
MTRF1L,True,False,False,0.22225330917565878,-0.2521495416139707,-0.0009805543804047101,0.00040732865285736646,0.0003953702822084709,0.0013462878601097276,-0.26435930119882045,-0.3432441426787415,-0.27435540318262647,-0.14652873297614283,-0.7354301140840456,-0.7676172130326989,-0.51168879610777,-0.596207033956413,-0.8594328365286046,0.6780397022332506,0.7847597600646542,0.003586657847179416,False,False,False,False,False
OGDH,True,False,False,0.138657674664572,-0.15996438549210254,0.000972157160871772,-0.0002755934633121046,-0.0005345004438843681,0.0006674030635829781,-0.17334617758184168,-0.4171265944851832,-0.32676026922781937,-0.18179779724424094,-0.7354352440506032,-0.7582904973217865,-0.38919347762184536,-0.8486571193872384,-0.592336058993548,0.6780397022332506,0.7847597600646542,0.05244367447695472,False,False,False,False,False
METTL15,True,False,False,0.07357052360840594,-0.0838664403530177,0.0002566033197787059,-0.00026647175566117275,0.0001298121086020116,0.0007685687212084264,-0.20669713025324102,-0.4161397555617456,-0.2893215055929341,-0.17654209244900804,-0.7356162989589128,-0.7485918697588929,-0.7760974056198904,-0.6600831606866806,-0.7673261907159332,0.6780397022332506,0.7847597600646542,0.031524294975248224,False,False,False,False,False
ATG4B,True,False,False,0.10436362698295298,-0.12889214949685474,9.633143718102102e-05,-0.0002055114552662351,-0.00011961276252482242,0.0005560161445588509,-0.2141671760612632,-0.40954471880807053,-0.3033783810197623,-0.1875845116113708,-0.7395057642777252,-0.7548003366751397,-0.8330539705604654,-0.6582324593102963,-0.7980289451104662,0.6792803970223326,0.7847597600646542,0.018337591697085025,False,False,False,False,False
SPATA33,True,False,False,0.10671494451689435,-0.12092762109222566,-0.0005178665567398474,0.00034047449476250734,-0.00022103120016517958,0.0010652372151010298,-0.24279407602288205,-0.35047681093849653,-0.30909403534666813,-0.1611297275957235,-0.7412351947123231,-0.7586658870031027,-0.5012594591813547,-0.6256060304083064,-0.8240405055892124,0.6792803970223326,0.7847597600646542,-0.009940028583918929,False,False,False,False,False
RAB29,True,False,False,0.16714356490608798,-0.19227577669400894,0.0003727153818238907,-0.0003058695849966357,0.0009161844314710854,0.0017794513815286663,-0.20128531123493754,-0.420402039881197,-0.24500380089998464,-0.12402525056840523,-0.7426659014477139,-0.7682414623844727,-0.6752029257458275,-0.6873153628479043,-0.7750779963935591,0.6792803970223326,0.7847597600646542,0.043188960828087784,False,False,False,False,False
ACSL4,True,False,False,0.252900764524214,-0.26680524292929775,0.0006405477289316552,-7.665809419532414e-05,0.00016223062239902915,0.0018003135198092085,-0.18880202427694176,-0.3956046193237874,-0.28749449047648307,-0.12294143178272796,-0.7489597022944843,-0.761614633787033,-1.2438440046959112,-0.8176792838177058,-0.6609114525900617,0.6823821339950372,0.7847597600646542,0.035723307310964895,False,False,False,False,False
NNT,True,False,False,0.08911372233561503,-0.09377848417736499,-0.001176232382403176,-0.0003975092885452939,-0.0003828540240343242,-0.0010294906502387596,-0.2734795761644551,-0.43031615134527823,-0.31821390886236656,-0.26995392293021714,-0.7520557134418827,-0.7608102809383896,-0.8340855716559692,-0.8043795189017755,-0.6775480123186259,0.6830024813895782,0.7847597600646542,-0.009674724350040699,False,False,False,False,False
VPS13A,True,False,False,0.12477378116906866,-0.13725459237293022,-0.0009796483263979868,-0.0002310408590365992,-0.0007334410252825499,-0.0008852309690521464,-0.26431707130281457,-0.41230663689367997,-0.3379719938542419,-0.26245942019117174,-0.7521362818595648,-0.7692538814600184,-0.3593581681883772,-0.7380217892112285,-0.7419269789036106,0.6836228287841191,0.7847597600646542,0.010424040023866361,False,False,False,False,False
TAX1BP1,True,False,False,0.37827850056621004,-0.3940359784701988,-0.0008505772311866252,-0.0006271545156232397,-0.0015648118107336505,-0.00249442591160735,-0.2583012500739548,-0.45516049599373193,-0.3848256837521018,-0.34605946564695717,-0.7522279641728316,-0.7538786820164258,-0.9270485548467449,-0.9442495337076495,-0.5581852377006483,0.6836228287841191,0.7847597600646542,0.006033675494539164,False,False,False,False,False
CPS1,True,False,False,0.05859092580677253,-0.06507827772599926,-0.0005202038184003365,-0.00014589313816064362,-1.9276282315150488e-05,0.0005172562097615874,-0.24290301248376467,-0.40309486554362894,-0.29772370273246124,-0.1895981472655876,-0.7541234334942672,-0.7674960070052401,-0.8282716494746314,-0.7997880150811107,-0.6705983167034246,0.6854838709677419,0.7847597600646542,-0.007272712157614468,False,False,False,False,False
ATF2,True,False,False,0.10438038070951952,-0.11775854115439234,-0.001503186949171891,-4.542931224779678e-05,-0.0009126796484207142,-0.0011178401352501407,-0.2887184661763432,-0.3922261096481108,-0.34807337222018747,-0.274543808697083,-0.7544741393475585,-0.7699124318687399,-0.6544912659632507,-0.74502483780721,-0.7363711542908857,0.6854838709677419,0.7847597600646542,-0.03387237743014306,False,False,False,False,False
NDUFB1,True,False,False,0.8477426919118866,-0.8363890892179002,-0.0016727077703598593,2.5095207435620916e-05,-0.004349738384632905,-0.004795922258126895,-0.29661959193316983,-0.38459636051081747,-0.5417762145684867,-0.4656255878719265,-0.7573665791405477,-0.7876738711577345,-0.7970128045447352,-0.45459801993031446,-1.0411277403328763,0.6854838709677419,0.7847597600646542,0.038860019662069624,False,False,False,False,False
BECN1,True,False,False,0.27850727108626105,-0.2981798792126171,-0.0017737618508950953,-0.0004063657769947922,0.00022156668136102682,-0.0006900383347346129,-0.30132957972672864,-0.4312742973264255,-0.28415047917007413,-0.25231887558091515,-0.7644354806423133,-0.7733032957671938,-1.050600970259224,-0.705010118344704,-0.7994641800007518,0.6873449131513648,0.7847597600646542,-0.0024811347207996837,False,False,False,False,False
MAPK8,True,False,False,0.10268998351446935,-0.12396033302741516,-0.0012082320426284304,9.238921697245369e-05,-0.00048012839759338565,0.00036068997208805884,-0.27497103507695714,-0.377316106586176,-0.3236960155390787,-0.19773199372521208,-0.7782511634769996,-0.7900275754184034,-0.9667665932829992,-0.7499291257536063,-0.7735787981154659,0.6892059553349876,0.7847597600646542,0.012733482647937014,False,False,False,False,False
TFE3,True,False,False,0.07675362062751603,-0.0844142650495203,-0.00042342791282143144,-0.0003488399987846567,-0.000742613917502384,-1.9835573636431246e-06,-0.2383924243751697,-0.42505082698389574,-0.3384889519372727,-0.2165734173128532,-0.7853587859834849,-0.7989853433189584,-0.8454951505933004,-0.7244250573425693,-0.8082494080317106,0.6910669975186104,0.7847597600646542,-0.0029654765794596607,False,False,False,False,False
CHCHD5,True,False,False,0.5751191791186921,-0.5897869734929475,0.0005155266090175878,0.00019630579799412125,0.00045849118697905463,0.003432320393196976,-0.1946290818842492,-0.36607381173667325,-0.2707980887448951,-0.038156272948753345,-0.7933447094170641,-0.8085938580838602,-0.9619214353092962,-0.7275993543517227,-0.8346926523396293,0.6923076923076923,0.7847597600646542,0.023245790900586746,False,False,False,False,False
CDS2,True,False,False,0.11478213926371345,-0.12858156417664715,-0.0019667087779017575,-0.00021419057245115588,-0.0012706411510844577,-0.0014938963847335013,-0.310322563148998,-0.4104836757432099,-0.3682470631108033,-0.29408048428520095,-0.7949728177178101,-0.8121788255624814,-1.2681444203597654,-0.6852842000576197,-0.8749539776187567,0.6923076923076923,0.7847597600646542,0.0038766692900195333,False,False,False,False,False
HARS2,True,False,False,0.0661441241366426,-0.07408412875537028,-0.0010760168969917105,-0.0003240099897486797,-0.001039864474564875,-0.0005943250044205399,-0.2688086741037611,-0.4223645734529018,-0.3552411468258808,-0.24734642721348774,-0.7990679671690559,-0.8117928272550499,-1.1782147326735908,-0.7964484910044861,-0.7589096286814012,0.6941687344913151,0.7847597600646542,-0.009982824205640775,False,False,False,False,False
ATG13,True,False,False,0.08711488027885025,-0.09771005747977067,-0.0013983125781420165,-0.0005138258061634281,-0.0004105467025672171,-0.0004545575551585955,-0.2838304200450875,-0.442899942825656,-0.3197745893615223,-0.24008530253397312,-0.8064196496982927,-0.8203227532519933,-1.2272674611441288,-0.8338319822991662,-0.732933178542728,0.6960297766749379,0.7847597600646542,-0.02005148210457509,False,False,False,False,False
OAT,True,False,False,0.42771619209326933,-0.45222356326282165,-0.00478329244473271,-0.0007967774921652571,-0.0019391948515668838,-0.0057167495832995425,-0.44159954493980363,-0.4735112875304361,-0.40592484576884297,-0.5134639225606534,-0.8075717556784292,-0.8322618613033723,-1.203831877017911,-0.6610496102736019,-0.9525625982806711,0.6966501240694789,0.7847597600646542,0.03930278350151772,False,False,False,False,False
RELA,True,False,False,0.15178076270859536,-0.1795352347208729,-0.0012817979265508516,-0.00020138523983891587,-0.0013765166620018452,-0.0006554101470992053,-0.27839983689734626,-0.40909832103410204,-0.3742139053947899,-0.2505198902722895,-0.8111921730539488,-0.822853290467546,-1.164003314641521,-0.9796498244803405,-0.6034362465177543,0.6972704714640199,0.7847597600646542,0.021585970491583464,False,False,False,False,False
ACO1,True,False,False,0.10927338082693018,-0.12000202625487418,-0.0015141884994804545,-0.0005916653039368858,-0.0017911024065180993,-0.0020920699254978665,-0.2892312328789751,-0.45132106846607667,-0.397578777302212,-0.32515648003680553,-0.8129745986104583,-0.8251877859197105,-1.049555498785545,-0.8657462807778071,-0.72355365452261,0.6972704714640199,0.7847597600646542,-0.01851980765686664,False,False,False,False,False
VPS13D,True,False,False,0.06013845765607853,-0.06962331249420772,-0.0005253564929119796,-0.00043238475310347434,-0.0010267385133090178,-9.303267159846944e-06,-0.24314317135637506,-0.43408918017014586,-0.35450140502949384,-0.2169536870089002,-0.8147800695471146,-0.8289029042484535,-1.1432910502452702,-0.8369406303013216,-0.7474975642327344,0.6972704714640199,0.7847597600646542,0.0031222037924533404,False,False,False,False,False
ATP6V1A,True,False,False,0.23700345430789868,-0.25624280386818765,-0.0005539424102824074,-0.001405407154591351,-0.0012342059224777508,-0.0020879994504809938,-0.24447552054177435,-0.5393563533695513,-0.36619367738644204,-0.32494501286931815,-0.8250805384284496,-0.847842202830726,-1.0590035968085525,-0.9280782178990885,-0.693880110669681,0.6991315136476427,0.7847597600646542,0.05448014587382953,False,False,False,False,False
PPP2R2B,True,False,False,0.061246768456457275,-0.06783205232993395,-0.003239561371628196,-0.0008026052966637584,-0.0008285708185029461,-0.0027620715552201594,-0.36964842260660535,-0.4741417730203672,-0.3433332380903832,-0.35996405071639864,-0.8271593830009571,-0.8289688274742559,-1.2869342168060913,-0.8163787632168557,-0.7988514449816088,0.7003722084367245,0.7847597600646542,-0.08217840603906361,False,False,False,False,False
HTRA2,True,False,False,0.1350297721611633,-0.1648163339387594,-0.0009582420341488009,-0.0006220891141976653,-0.00027681245417762973,0.00027234811399761414,-0.26331935429163594,-0.4546124916637441,-0.3122377079694618,-0.20232148326231109,-0.8278480706625309,-0.839290431238819,-0.9347821425847989,-0.7918463895931004,-0.8274185885567691,0.7003722084367245,0.7847597600646542,0.0176340199144104,False,False,False,False,False
CEP89,True,False,False,0.10112453796052803,-0.10963716046991004,-0.001598547014769621,-0.0005091819588081214,-0.0006404126511224109,-0.0004499053160015829,-0.29316306398554953,-0.4423975446453929,-0.3327291796119346,-0.23984361186324563,-0.8284461763796314,-0.8257755817767786,-0.9364762314456462,-0.8311865835832557,-0.7866468725157375,0.7003722084367245,0.7847597600646542,-0.017964814364967344,False,False,False,False,False
ACOT9,True,False,False,0.18049787155310276,-0.19559672724060784,-0.0037052612083227185,-0.0006343831953306037,-0.0021800424804715455,-0.00414524616337964,-0.3913540334505801,-0.45594253624028175,-0.4194983322502219,-0.43182200717492997,-0.8349728947661539,-0.8495677234806711,-1.2116741444241947,-0.9887936102726644,-0.6590413542330276,0.7028535980148883,0.7847597600646542,-0.022549498537555026,False,False,False,False,False
OGT,True,False,False,0.10771501831443885,-0.12369832051099826,-0.0009622432162629316,-0.0007832155884127485,-0.0009989563600713903,-0.0006726090815080585,-0.26350584373191926,-0.4720440825934829,-0.35293568199078457,-0.25141340022583686,-0.8370722080903499,-0.8539422496516158,-1.023609941055462,-0.8321230962445916,-0.7943331337983064,0.7028535980148883,0.7847597600646542,0.014379932872071061,False,False,False,False,False
PDIA5,True,False,False,0.1255930660348182,-0.13634968234699363,-0.00248360906888956,-0.0010994199971116505,-0.0018748272707723719,-0.0036252448926172524,-0.33441455476521603,-0.5062528985529351,-0.40229727222067563,-0.4048071758930386,-0.8381575496457881,-0.8366995071251921,-0.9188398652740598,-0.8887858165436789,-0.7527082752551921,0.7028535980148883,0.7847597600646542,0.010714807782398396,False,False,False,False,False
SMDT1,True,False,False,0.6859345113854133,-0.6973478304966267,-0.00023213574395620663,-0.0013483538663428593,0.0018169260021536125,0.001917644094382787,-0.22947656688988552,-0.5331839997151381,-0.19424057109997303,-0.1168459357627558,-0.8400552019422408,-0.8753146609808206,-0.9547093182164227,-1.1117998952205914,-0.5559721881939432,0.7034739454094293,0.7847597600646542,0.04581637095436578,False,False,False,False,False
ATP6V1G1,True,False,False,0.8457591444847761,-0.8404391627986086,-0.0004344732714732843,0.0013047776085509206,-0.004073640125125991,0.0009170586504520474,-0.2389072329227331,-0.24615294055209036,-0.5262161029327902,-0.16882782209790842,-0.8424484543097053,-0.8602000525295986,-0.7659902273060016,-0.8913457718078728,-0.7594131004103519,0.7040942928039702,0.7847597600646542,-0.023215603252234825,False,False,False,False,False
GSTZ1,True,False,False,0.11331510535395878,-0.12363685923496662,-0.001689457432495065,-0.0008583663042820905,-0.0017299410660893556,-0.0020559067823401177,-0.2974002699996587,-0.4801743203057705,-0.3941318983303573,-0.3232777515298595,-0.8484287371059269,-0.8498392034350395,-1.3231866621308166,-0.6992579025552201,-0.9431832016619243,0.7040942928039702,0.7847597600646542,-0.0027475211246145554,False,False,False,False,False
NDUFA10,True,False,False,0.34326775068945,-0.38266002212765615,0.0010738948944394844,-0.0011360927591884476,-0.0037948545309395877,-0.0023846164730219575,-0.1686043256871903,-0.5102203693854007,-0.510504540767525,-0.3403547037101366,-0.8489745321299795,-0.8396271342015722,-0.6184345429600372,-0.8234804468195717,-0.842759414257587,0.7040942928039702,0.7847597600646542,0.046979001755188834,False,False,False,False,False
ACSF2,True,False,False,0.058271101541732984,-0.062185618467573776,-0.0016486768463341507,-0.0008574808627104997,-0.002009941232584106,-0.0022986810966310746,-0.2954995445463693,-0.4800785281316827,-0.40991191033207297,-0.33589023443885596,-0.849599748571269,-0.8611136453451032,-1.1445233929455698,-0.8090462510937511,-0.8387991417159159,0.7040942928039702,0.7847597600646542,-0.015063233529411232,False,False,False,False,False
TIGAR,True,False,False,0.08940079925287707,-0.10390382733909861,-0.0017353607832808894,-0.0011024408702110626,-0.0009844766217452369,-0.0017289572950085603,-0.29953976026803325,-0.5065797140211946,-0.3521196451739897,-0.3062922445040528,-0.8519468749591648,-0.8677722202084531,-1.0727761125885733,-0.8071388280356057,-0.8369235714812853,0.7040942928039702,0.7847597600646542,0.00903084924155846,False,False,False,False,False
ATP6V0D1,True,False,False,0.21438204913363543,-0.2405525310983591,-0.004768956074975593,-0.0015596462676721208,-0.0023311647873350727,-0.0068475535896507424,-0.44093134701843,-0.5560428298637909,-0.4280151551003188,-0.5722108548511776,-0.8527784771313621,-0.855910772409829,-1.2368726515671267,-0.7838939542293574,-0.8972042984700838,0.7040942928039702,0.7847597600646542,-0.031019542867816448,False,False,False,False,False
MAP1LC3B,True,False,False,0.4680533151297893,-0.49229936825174697,-0.004581436210451169,-0.0001854837750198228,-0.0027251869298051254,-0.004190190412519031,-0.4321913113040695,-0.40737800889259723,-0.45022112095725597,-0.43415692706043685,-0.8556335140934859,-0.841295496422112,-1.0765134111261998,-0.9866870713674152,-0.7236576747799535,0.7053349875930521,0.7848580499197197,-0.028246827151531054,False,False,False,False,False
ACLY,True,False,False,0.5770069290660432,-0.603785029808216,-0.006038010303342817,-0.0014908556624616022,-0.00012674775030964858,-0.0050089693928606445,-0.5000801700378983,-0.548600665590785,-0.3037804886123617,-0.4766937000545841,-0.8757676241864607,-0.9195784519848009,-0.9100767687841947,-0.815468496145606,-0.922815125240501,0.7090570719602978,0.7869021514729994,0.028275526009211426,False,False,False,False,False
PSEN1,True,False,False,0.08426939696150339,-0.09188315198632743,-0.0019855908346677765,-0.001003798778007653,-0.001079259156840276,-0.001373936563621133,-0.31120262911381796,-0.49590804378128034,-0.35746131893110444,-0.28784839503817805,-0.8767235967880247,-0.8843694122421591,-1.358372736081009,-0.8766365214235057,-0.8142831299289413,0.7096774193548387,0.7869021514729994,-0.01763611226080011,False,False,False,False,False
HADHB,True,False,False,0.24465903787790538,-0.27506792611731723,5.1070823002532725e-06,-0.0015322318640701288,-0.004997642836579836,-0.004791988481872067,-0.21841901424224466,-0.5530769816287283,-0.5782902643838082,-0.4654212224063017,-0.8843650378484795,-0.8697512026578265,-1.2668466630039152,-0.6744544195915292,-1.0615363239796036,0.7115384615384616,0.7869021514729994,0.029032388689277953,False,False,False,False,False
ATP6V1D,True,False,False,0.3591489253504338,-0.39289447746238587,-0.00435644162040829,-0.00027232522419570965,-0.003386426333291869,-0.004250467988708885,-0.4217046316261597,-0.4167730175350569,-0.4874866906662075,-0.4372884358516804,-0.8886759039757437,-0.8635675846628197,-1.2922350527251965,-0.9081666909757443,-0.8415081248599415,0.7127791563275434,0.7869021514729994,-0.03516660657793072,False,False,False,False,False
RNF144B,True,False,False,0.23401277432924827,-0.2775263403187008,0.002531072244009884,-0.00141883214463017,-0.0016226634317427124,0.0015792185376154975,-0.10068735001262784,-0.5408087461916031,-0.3880860363628522,-0.13442764148463685,-0.8951544910824463,-0.9169269287548714,-0.804470329501739,-0.8511958009428419,-0.9033387575325058,0.7133995037220844,0.7869021514729994,0.06696568488752475,False,False,False,False,False
RAB11FIP5,True,False,False,0.08748560282039215,-0.10156024085356118,-0.0019957491331736572,-0.0007015801482655461,-0.0011573055508635414,-0.00036108809212007597,-0.311676093042366,-0.4632122900221664,-0.3618597914384443,-0.2352294263737235,-0.9015187481292531,-0.9168130589614734,-1.3595934088755315,-0.8231232616296531,-0.9173125409424495,0.7152605459057072,0.7869021514729994,-0.01332145979387795,False,False,False,False,False
SYNJ2BP,True,False,False,0.1889502556925328,-0.19982494595095468,-0.001989780086018547,-0.0007067683234972063,-0.0008495153891016797,7.335774335663815e-05,-0.3113978841952731,-0.4637735767303294,-0.34451361444357015,-0.21265932586355235,-0.9070257495056202,-0.9232725764099274,-0.9457980054242761,-0.9016087697915524,-0.880054080443376,0.7152605459057072,0.7869021514729994,-0.0015358769706871607,False,False,False,False,False
NBR1,True,False,False,0.13426140967634778,-0.14733851462185155,-0.003078259715059215,-0.0015099266516842118,-0.002037341009460062,-0.0035058254388256127,-0.3621303804899805,-0.5506638751556528,-0.4114560837279664,-0.3986031595235653,-0.9256471798500343,-0.9435692405907634,-1.018619662336468,-0.8656006080602215,-0.9294302350067691,0.7189826302729528,0.789721243896582,-0.026443887695976186,False,False,False,False,False
CAV2,True,False,False,0.9585829378451708,-0.948774053835669,-0.008282594660765327,0.0006039764661978312,0.001186938766363622,6.538505233717913e-05,-0.604697072879211,-0.3219696484897678,-0.22974485763717453,-0.2130735188951147,-0.9433380601110386,-0.9402085368928741,-0.9248386899783315,-0.6068316377049839,-1.2639885753831586,0.7251861042183623,0.7952523944810059,0.0006463590118326794,False,False,False,False,False
COX20,True,False,False,0.527934228823408,-0.5452505994214675,-0.006061182378015568,-0.0006083955196937267,0.00017880601308888034,-0.0011409474743670055,-0.5011601876708531,-0.45313103966205925,-0.28656034866045,-0.2757442689703826,-0.9651073070229799,-0.9848203628595854,-1.1213428224318778,-1.1011227375253314,-0.8338367841368899,0.7276674937965261,0.7960899195042,-0.01663009398052216,False,False,False,False,False
MRAS,True,False,False,0.06869286679336986,-0.073753032435087,-0.003387714929027636,-0.0010304917782007837,-0.002561700586613489,-0.0025524708450589363,-0.37655365041361466,-0.4987958464364354,-0.44100749622989716,-0.3490749853622537,-0.9672820077176936,-0.9798143384135357,-1.680638677562281,-0.9223554689476385,-0.9484411371501944,0.728287841191067,0.7960899195042,-0.08157788751319715,False,False,False,False,False
MAVS,True,False,False,0.20539983216598773,-0.21865663076800956,-0.0028656032098779804,-0.0018439168779327718,-0.0019419874802130339,-0.0027855146075226192,-0.3522187615002333,-0.5867968633989392,-0.4060822303665176,-0.361181951783746,-0.9839159034819442,-1.0027782387747735,-1.5648361011372307,-0.6786704211668024,-1.2087982822260186,0.7326302729528535,0.7969987474135675,0.003464320793513026,False,False,False,False,False
SLC25A24,True,False,False,0.1924812848981872,-0.19801015592095594,-0.003114826080891419,-0.000995817055967736,-0.0015015658928196106,-0.000757097117611938,-0.3638346870930615,-0.49504453507364865,-0.38126132392961654,-0.25580267803921286,-0.9843378680571138,-0.9967937366097485,-1.6660068042461313,-1.0497453365165421,-0.8768337516884817,0.7326302729528535,0.7969987474135675,-0.029010730277953894,False,False,False,False,False
NDUFB11,True,False,False,1.0844631578717723,-1.0138537781442685,-0.007884915589405904,-0.0030810275717819413,-0.0073346049867407245,-0.015595084247593483,-0.5861618137196014,-0.7206346306251852,-0.7099947959873119,-1.0266579459343033,-0.9901332943977954,-0.9114642923106477,-0.9090618992871754,-0.7726859368447002,-1.1584647761276536,0.7326302729528535,0.7969987474135675,-0.050601822726489824,False,False,False,False,False
ALDH7A1,True,False,False,0.22262608880803564,-0.24201494641078242,-0.003967940082850228,-0.0016578352019310646,-0.004851080389785739,-0.006375487635534198,-0.40359712433911604,-0.5666654748646626,-0.5700304222616963,-0.5476863338135919,-0.992606687651883,-0.9937945236902865,-1.5424608296681208,-0.8789809271511902,-1.0706228061072034,0.7338709677419355,0.7970751659206667,-0.01891122050481307,False,False,False,False,False
SPG7,True,False,False,0.16373900691349774,-0.17394520871905822,-0.002659977667777583,-0.000681870270036266,-0.0023641084835894963,-0.0003364715516540875,-0.342634845757226,-0.4610799617611436,-0.42987176800445936,-0.23395056086930358,-0.9996360146535253,-1.0089963545053846,-1.0419258573262304,-0.8321358130968439,-1.1437507284050534,0.7363523573200993,0.7984967441639931,-0.039177267693038094,False,False,False,False,False
BNIP3,True,False,False,0.5619620154442563,-0.6187342599542142,0.011283588354601566,-0.003963230414613011,-0.008708686146204833,-0.001369387904186014,0.3072550490025117,-0.8160764203633252,-0.787434097038876,-0.28761208548643724,-1.0086433829132522,-0.9768823833218228,-1.5274128311318234,-0.8778155709637574,-1.1197675988087379,0.7382133995037221,0.799080598342619,0.09003636839239948,False,False,False,False,False
TBC1D17,True,False,False,0.11984110475241745,-0.12952132356310134,-0.00328489249874807,-0.0015037947594654345,-0.0023932819460524887,-0.002254934800867912,-0.37176124233908936,-0.5500004917029727,-0.4315159012689525,-0.3336175499942259,-1.0196600853167888,-1.0352580141766978,-1.6070344200155195,-0.9822392063909225,-0.9825421613858172,0.7406947890818859,0.799080598342619,-0.015381732905895788,False,False,False,False,False
TRAK1,True,False,False,0.14237679867129294,-0.15100619864609596,-0.0032744764950880605,-0.0018476085417262276,-0.0023437629153971436,-0.00280375432194784,-0.37127576713772714,-0.5871962488718178,-0.4287251497210625,-0.3621295317908194,-1.0250676339397882,-1.041409892333653,-1.6222642241681313,-1.0343688063806087,-0.9515690112646285,0.7431761786600496,0.799080598342619,-0.01726251202630815,False,False,False,False,False
MEF2A,True,False,False,0.15502862555913752,-0.15921096654143013,-0.003142703998246151,-0.0015559129125144308,-0.0018400007699858173,-0.001513430661396301,-0.3651340373989093,-0.5556389339787645,-0.4003345498149377,-0.2950953187056739,-1.0260122024869376,-1.0300044210003723,-1.074305625356349,-0.9373237100915146,-1.0604923512714677,0.7431761786600496,0.799080598342619,-0.026016419609908862,False,False,False,False,False
GSTK1,True,False,False,0.4062505709256809,-0.4309879768979104,-0.004195293435527285,-0.0025738058507586425,-0.005958062486469724,-0.008862633828628326,-0.4141937426078877,-0.6657604605384388,-0.6324167807772552,-0.6768972387818193,-1.0354737451417624,-1.0380356441193308,-1.374502542330554,-0.7453847779768153,-1.2857203839247144,0.7462779156327544,0.799080598342619,0.0019974333197480903,False,False,False,False,False
GABARAPL1,True,False,False,0.09392179904395011,-0.09914892190052918,-0.004093932595763216,-0.001907752008447528,-0.002882771754290398,-0.004024003417031503,-0.4094694572004601,-0.5937029158493538,-0.4591021528966155,-0.4255232680738774,-1.036751257872552,-1.052644529542243,-1.733555300054395,-0.9813759261310574,-1.0378438156554892,0.7462779156327544,0.799080598342619,-0.07776917080281448,False,False,False,False,False
VPS13C,True,False,False,0.11158947904089805,-0.11859728130308637,-0.0025872750240686646,-0.001428301098863293,-0.0031066943384724178,-0.0018875998925865474,-0.33924627834248355,-0.5418331522522973,-0.4717217920564148,-0.3145339609164126,-1.038267261734783,-1.0526704420220692,-1.9447378319054187,-1.018186119412464,-0.9700453093501367,0.7462779156327544,0.799080598342619,-0.014546880791297538,False,False,False,False,False
CSNK2B,True,False,False,0.8321982338048957,-0.8281600156304937,-0.011175198474387063,-0.004282623436523181,-0.0022936448382642697,-0.014616487613648574,-0.7395172462121365,-0.8506301988834164,-0.42590063761965813,-0.9758184106379969,-1.0402296720772144,-0.9432546074311252,-0.8363639579985146,-1.5293467242909151,-0.5902991968141736,0.7462779156327544,0.799080598342619,-0.09999783006745747,False,False,False,False,False
HADHA,True,False,False,0.41575900449445885,-0.44488178017042,-0.001999390411324668,-0.001976478405661983,-0.00454318771248566,-0.003861540094451404,-0.31184580786786714,-0.6011381337311645,-0.5526784677830309,-0.4170830593748445,-1.048579350007218,-1.0224601414965337,-1.3999464125752423,-1.0988076645544655,-0.9747974414777267,0.7475186104218362,0.7991525489753067,0.008404234085429363,False,False,False,False,False
FKBP8,True,False,False,0.8122398626884226,-0.8095525999840828,-0.008938778305727382,-0.003119121625960248,-0.007979034459390534,-0.01581569475133131,-0.635280864664111,-0.7247558650314264,-0.7463130058654619,-1.038118986267441,-1.0682307492935585,-1.092351558321891,-0.7146388390696454,-1.5103365898539303,-0.637121396728431,0.7518610421836228,0.8019402602546628,0.017238973878846396,False,False,False,False,False
AKT3,True,False,False,0.14406966011609337,-0.15319980566805697,-0.003278544124234504,-0.0007148478885596325,-0.003234824297744139,-0.0005225900670195731,-0.37146535358022414,-0.4646476706602346,-0.47894283167363594,-0.24361969164597086,-1.0714361642681238,-1.085907115345479,-1.4346066690362522,-1.0205512326496353,-1.0462271312855163,0.7524813895781638,0.8019402602546628,-0.047141539193834285,False,False,False,False,False
PINK1,True,False,False,0.30265910003098445,-0.330974365432908,-0.007983927590590672,-0.002100891564309721,-0.003711910099323849,-0.0075595845884370025,-0.5907766230823314,-0.6145978665180255,-0.5058300288100602,-0.609201913106643,-1.1020026053037744,-1.1153410930420335,-1.6650466350648019,-0.9695901472644628,-1.2010413713985726,0.7562034739454094,0.8046477589950373,-0.028065984398286833,False,False,False,False,False
ADH5,True,False,False,0.4065966988189119,-0.43815742619914966,-0.006015400240245434,-0.0024822528866780963,-0.005729801703867401,-0.008497357554930552,-0.499026346969733,-0.6558557330501007,-0.6195526531087697,-0.6579205988002366,-1.1165141343283669,-1.1107343161661811,-1.5282232080895342,-0.973095355303685,-1.2022551145237383,0.7617866004962779,0.8093239858626603,-0.030195114989526775,False,False,False,False,False
TOMM7,True,False,False,1.9875903099500043,-0.6095597611310662,0.0072310395468536,-0.0020161120967159434,-0.005137391825756673,0.005261523197126638,0.11837147976714016,-0.6054259349311464,-0.586166119437914,0.056873504682507056,-1.1300940792844274,-1.216149623208557,-0.9424674951639094,-0.780583982752947,-1.402903171792605,0.7636476426799007,0.8100374527492404,0.14227607248730584,False,False,False,False,False
DECR1,True,False,False,0.2244086325957524,-0.25357621804199326,-0.0048469417441890815,-0.0024933766728392165,-0.0051678214204487405,-0.006423752610395217,-0.44456614878123435,-0.6570591683694368,-0.5878810447376357,-0.5501937702873211,-1.1393125916009859,-1.1296442438699077,-1.7429852053437833,-1.2050312504082732,-1.02021122730932,0.7661290322580645,0.8108017508438266,-0.056496822494136824,False,False,False,False,False
CYB5R3,True,False,False,0.6419735734526228,-0.6597783946744008,-0.014151128520675264,-0.002413501036350386,-0.005558924803630768,-0.014910704310361773,-0.8782211374183391,-0.648417761503752,-0.6099225176331159,-0.9911034010195962,-1.145458015535611,-1.1660721994599874,-1.1480183061710676,-0.980835379838096,-1.2905847143853397,0.7667493796526055,0.8108017508438266,-0.06267294208757253,False,False,False,False,False
ACOX1,True,False,False,0.10768481677948574,-0.11178807445042291,-0.00338598918188689,-0.0022133464563682224,-0.004252166189381413,-0.0031908594268637894,-0.3764732157797569,-0.6267638850817719,-0.5362773235093231,-0.38224021167883415,-1.1572742126920177,-1.163750856832868,-1.8896228561387844,-1.006075398941006,-1.235959233973301,0.7704714640198511,0.813474522476773,-0.01015878244258306,False,False,False,False,False
SRC,True,False,False,0.12795617273773915,-0.13237469435185012,-0.005064411923812052,-0.001510250403444184,-0.003389237906007463,-0.0017710715998237405,-0.4547021263297122,-0.5506989004875861,-0.4876451428976871,-0.3084801446171972,-1.184566025097788,-1.1820714035123951,-1.7114205939787084,-1.1662155237909335,-1.1035313274534992,0.7791563275434243,0.8213706796549102,-0.045396816526771945,False,False,False,False,False
PPARD,True,False,False,0.22751236147691614,-0.2432208367447277,-0.005885671830858086,-0.0017041054039966597,-0.005085475344869938,-0.004387210729019658,-0.49297988925663594,-0.5716712520876356,-0.5832402544224198,-0.4443924224498344,-1.2034989733168568,-1.2191336338792575,-1.5365281575156249,-1.2370321277218659,-1.1164685132421608,0.7810173697270472,0.8220600135766911,0.03441746993557008,False,False,False,False,False
SCP2,True,False,False,0.27718289331929136,-0.29174370149937845,-0.005685561961172645,-0.002226500552431827,-0.0049567569218508314,-0.004623801698637746,-0.48365305120519864,-0.6281869710317889,-0.5759860506642177,-0.45668367150328587,-1.2311424013979195,-1.2471653622535412,-1.9648399293339947,-1.1206897706291958,-1.2923043444694646,0.7841191066997518,0.8240510982446466,-0.019282266031701783,False,False,False,False,False
ALKBH7,True,False,False,0.3789507295997654,-0.4080607683379178,-0.004620832583800151,-0.0018243750133808538,-0.005550141879475673,-0.002644096471413646,-0.4340275205556048,-0.5846827118261897,-0.6094275370396663,-0.3538350714932761,-1.2743026979281848,-1.2667181154372837,-1.8225873009139661,-1.173604091353294,-1.3323816801061095,0.7897022332506204,0.8286397855834707,-0.04446250395448772,False,False,False,False,False
NR3C1,True,False,False,0.4241979561142544,-0.43288330587090157,-0.0034437357661428066,0.00014151471173698806,-0.004261933484255723,0.004304930617445897,-0.3791647024127014,-0.3720014273372942,-0.5368277804332257,0.007177112387740974,-1.2951710225709623,-1.3117699008543366,-1.8281042879494735,-1.2077462569755684,-1.3500404877084418,0.7965260545905707,0.834514220271044,-0.04735120225463016,False,False,False,False,False
HIF1A,True,False,False,0.6016517854262963,-0.6206909895939653,0.0016773268640430153,-0.003565789027679238,-0.0073608813178962455,-0.0010391290315723044,-0.1404792148948088,-0.7730789197395015,-0.71147565518174,-0.2704546510249283,-1.354579138791122,-1.3763323371971752,-1.4817081334361912,-1.1741495412799356,-1.5066841268331874,0.8058312655086849,0.8429663468685321,-0.016720508708796954,False,False,False,False,False
SLC44A1,True,False,False,0.3167062207546965,-0.32066159790250837,-0.006992052342731701,-0.002666014503014531,-0.004632764565386083,-0.0036715011723863263,-0.5445467203866172,-0.6757361241538518,-0.5577267641163516,-0.40721025770062225,-1.3707993509561982,-1.3850106901619255,-1.6317086165456804,-1.439377877645417,-1.2742841165034533,0.8083126550868487,0.8442652118315092,-0.027232039503019577,False,False,False,False,False
ULK1,True,False,False,0.12212953690310835,-0.12222692570612721,-0.006259607770584276,-0.0029893687190162294,-0.005921584035337615,-0.004697511168995335,-0.5104085146258923,-0.7107184474884013,-0.6303609591544511,-0.4605129869637431,-1.3909749343050013,-1.407802776198008,-2.6919066414809083,-1.352869931399714,-1.4228340442164473,0.8120347394540943,0.8455591094315569,-0.09655698733933928,False,False,False,False,False
COX4I1,True,False,False,2.204837861613457,-0.5880374883938084,-0.00801250904128704,-0.006283999793185999,-0.012943946738093315,-0.020724871445224863,-0.592108764082369,-1.0671506317653976,-1.0261213228611035,-1.2931579401609368,-1.3922227785479333,-1.286669240456323,-1.4460344482908118,-1.0281132070918064,-1.7036837035919181,0.8120347394540943,0.8455591094315569,-0.019690714092958226,False,False,False,False,False
BCL2L1,True,False,False,0.1754499499853197,-0.20156169713478203,-0.0068141103144689665,-0.00281422565634018,-0.0053254423051062785,-0.0035630158640404266,-0.5362530940764323,-0.6917704612085359,-0.5967641089256123,-0.4015742862784147,-1.4232133779321658,-1.4356691214410036,-2.2341040954334677,-1.3111983989497284,-1.4253540853295736,0.8182382133995038,0.8507178982062016,0.0021520323347669775,False,False,False,False,False
RPS3,True,False,False,4.171429881718259,-0.27357352322766293,-0.0006239237296424803,-0.007415336588682124,-0.001998881919244421,-0.0013496662602495296,-0.24773725087683143,-1.1895451688451637,-0.4092886389268603,-0.2865875170603553,-1.5599835415885002,-1.4832116845609487,-1.7651288463631853,-1.4043778377837546,-1.378408392717036,0.8424317617866005,0.8745366307571264,0.07681582140186824,False,False,False,False,False
GPX1,True,False,False,2.280399309120698,-0.5493091281095801,-0.0036583388318317564,-0.0032441455596411433,-0.00920526492463507,-0.0022048462898279397,-0.3891670478350894,-0.7382816749827009,-0.8154198628386736,-0.3310153781323723,-1.6118532075240917,-1.6489996458535918,-1.7250336661983534,-1.923746287068278,-1.2550380074568213,0.8529776674937966,0.8841366690460815,0.05324124754476085,False,False,False,False,False
TYMP,True,False,False,0.21497261023437386,-0.22820578301306746,-0.00859026812425372,-0.0044522784446276225,-0.008459053935573111,-0.007216605655737127,-0.6190372979325377,-0.8689844557792165,-0.773365536548012,-0.5913836528040366,-1.6700036374557294,-1.662293664780726,-2.8664757979552906,-1.5279822658210866,-1.6860468581840167,0.8598014888337469,0.8898553402671453,-0.06185648010312055,False,False,False,False,False
DHRS2,True,False,False,0.11130485209496921,-0.13847547786068273,-0.011031829708283994,-0.0035990148230240293,-0.008863023590990633,-0.007636958400545834,-0.7328350307612959,-0.7766734778379583,-0.7961321159062317,-0.6132215965137475,-1.6924190279917384,-1.518642242813677,-3.4547378208193233,-1.5506504488493522,-1.6413699702048492,0.8616625310173698,0.8904281997311515,-0.18303559299304764,False,False,False,False,False
BNIP3L,True,False,False,0.2666138028107319,-0.3023874697652766,-0.008893333975132332,-0.005428829718575985,-0.012518649573807862,-0.012300307667793555,-0.6331627686777298,-0.9746334027465522,-1.0021527858393733,-0.8554894538182636,-1.7544595034453916,-1.6537011108740822,-2.7305096858206683,-1.7177093680397215,-1.7012307946839047,0.8672456575682382,0.8948398375817731,-0.09279930956151071,False,False,False,False,False
UBC,True,False,False,1.4247895525351266,-1.1461615468960777,-0.01743585926305559,-0.011068604765298268,-0.029045733396493544,-0.04876428891450808,-1.0313177923955128,-1.5847767825301846,-1.9335721644068895,-2.7498469422178804,-1.799819797114707,-1.6986238325910215,-1.180170690697509,-1.2339550341315517,-2.322753038024611,0.8715880893300249,0.8979598923354719,-0.01666229349381137,False,False,False,False,False
JUN,True,False,False,0.5065431471326706,-0.5682662184889853,-0.015138426664181368,-0.0028465774959643923,-0.013160142648017263,-0.010177765083892634,-0.9242377077526319,-0.6952704697384873,-1.0383055086636706,-0.7452202429206723,-1.9125934432341176,-1.9098122234162154,-1.6839982749160876,-2.0016814373552334,-1.8091051113406125,0.8864764267990074,0.9119191037010937,-0.10121167215330294,False,False,False,False,False
RPS27A,True,False,False,3.9117759314447906,-0.33314151574040546,-0.00500970751058951,-0.009995090664096274,-0.00951494764705282,-0.010303062037022586,-0.4521524309867109,-1.4686378378867377,-0.8328726991624968,-0.7517296040304596,-2.001933364005486,-2.151299668028449,-2.231945052038278,-1.696715432162248,-1.878928465827618,0.892059553349876,0.9155346572393793,0.037223794547535,False,False,False,False,False
KRT17,True,False,False,3.074507669401477,-1.0912141373524111,-0.05098019369376075,-0.01785593413320666,-0.0342353146749232,-0.09467745246259386,-2.5947717852957264,-2.3190692048223,-2.226042186416803,-5.135103357170357,-2.0047798193644715,-1.9730358387868279,-1.8771058062282986,-1.6518339518097864,-2.4130057742850113,0.8926799007444168,0.9155346572393793,-0.22342713357982835,False,False,False,False,False
GLS,True,False,False,0.39983876865694123,-0.4156775642085417,-0.016834746360183887,-0.0052438461852002075,-0.009799159291933998,-0.011083319386345304,-1.0033007700241185,-0.954620817612716,-0.8488900580926617,-0.7922651216023788,-2.0145465241271174,-2.0089816876463944,-2.62140672431811,-2.068964814913712,-1.9037790920847737,0.8951612903225806,0.9166990055784622,-0.13132460277728925,False,False,False,False,False
TMBIM6,True,False,False,1.0874739794576467,-1.067077029342997,-0.02305023358115274,-0.005967151497736835,-0.017003178628677475,-0.0252165145439609,-1.2929958400967823,-1.0328721564250751,-1.2548880723707547,-1.5265054093179347,-2.054250659574678,-2.074640286703512,-1.6847898995177444,-1.9574873699129225,-2.1367177343730255,0.8995037220843672,0.9195387141350054,-0.04163284543617382,False,False,False,False,False
RAC2,True,False,False,0.5269330675484456,-0.5610626047765194,-0.009580440945202492,-0.005810992109562067,-0.012560368728863482,-0.007640556558396206,-0.6651878529173629,-1.015977933500125,-1.0045039586108775,-0.6134085261093443,-2.0722612189190213,-2.025389046731603,-2.7429780267683532,-2.1484095005958235,-1.9622460208108445,0.9013647642679901,0.9195387141350054,0.014099810338416764,False,False,False,False,False
GPAM,True,False,False,0.31728491509667633,-0.3560587350401053,-0.019959745813634525,-0.0038493718584930964,-0.009570659962658155,-0.009520490834471873,-1.148952575499684,-0.8037585453288123,-0.8360124866129877,-0.7110738783781378,-2.0776497290633458,-2.1013780375439755,-2.304392058005325,-1.7849264005871843,-2.3042270314516755,0.901985111662531,0.9195387141350054,-0.2534259992689226,False,False,False,False,False
UQCR11,True,False,False,1.7891746498369978,-0.6607647077942673,-0.009822593646793519,-0.007094900072661456,-0.014464381069209265,-0.011158345978117538,-0.676474247911312,-1.154878499116099,-1.111808671883734,-0.7961628634586837,-2.146998555452461,-2.2322115521897676,-2.1654489707991016,-2.2535865233499495,-1.9500996746104926,0.9069478908188585,0.9232160144209905,-0.02794914022469757,False,False,False,False,False
UQCRB,True,False,False,1.1788830016842018,-1.078715628724254,-0.021247999943025363,-0.00794297848381228,-0.01855549628495992,-0.0265565447865274,-1.2089962787553563,-1.2466285110960673,-1.3423722748027251,-1.5961219524900143,-2.2018751121641342,-2.3026295780707553,-1.8167324081823046,-2.424202071899396,-1.9473248494322484,0.9106699751861043,0.9256212732861746,-0.0954549742939249,False,False,False,False,False
FAM210B,True,False,False,0.45171659347800996,-0.4609848554339024,-0.022117557586441995,-0.007683005505295206,-0.01605898321567635,-0.015463492796704219,-1.2495251308768696,-1.2185031354470843,-1.201675907765124,-1.0198215764025504,-2.6498825976865272,-2.6656057075748585,-3.6207722164337546,-2.3468008187030147,-2.881828267135582,0.9330024813895782,0.9469071383402425,-0.12886932763198355,False,False,False,False,False
OPTN,True,False,False,0.42236238390038194,-0.4362884996159346,-0.02292329094931596,-0.009504554425099513,-0.02012762842243121,-0.02168028168189651,-1.28707922353596,-1.4155687994431243,-1.4309731649669994,-1.3427929079963719,-2.7908282799497117,-2.789697243958576,-4.119856411502891,-2.647654734364994,-2.853029154932197,0.9441687344913151,0.9568138514711095,-0.12442894361472766,False,False,False,False,False
ETHE1,True,False,False,0.8385178466522999,-0.8303247886961973,-0.02368260918717103,-0.011969674029103922,-0.02568330985372797,-0.02942954243882692,-1.3224699728533702,-1.6822596504607155,-1.7440755490158162,-1.745378408606651,-3.003426763723251,-2.924488474658562,-2.613892567020815,-3.0494247587945127,-2.913919784567485,0.9509925558312655,0.962297073582603,-0.10687960802138462,False,False,False,False,False
ROMO1,True,False,False,0.8564325332662497,-0.8532404866440204,-0.022701175147569832,-0.009009676533544118,-0.02228913817717823,-0.016791279507715445,-1.2767267201096781,-1.3620300559946084,-1.552789699216714,-1.088802050092001,-3.102744425229,-3.118690446084823,-2.750275397443988,-3.0888752918637543,-3.063250534877019,0.9547146401985112,0.9646300741471604,-0.06256337705668907,False,False,False,False,False
PRDX5,True,False,False,1.0629718119288876,-1.0064730156371617,-0.031658655859322794,-0.012504019129589117,-0.029317706832285077,-0.036274695169958494,-1.694222229345287,-1.740068184113195,-1.9488998127246222,-2.10099416673582,-3.282196059447285,-3.165878758491039,-2.835429082040556,-2.7530194911471035,-3.7817890307401716,0.9596774193548387,0.9682078853046595,-0.13433642098618673,False,False,False,False,False
NME4,True,False,False,1.00674233944763,-0.9811853782853575,-0.03700235180549624,-0.01056968898267279,-0.01813932819492892,-0.021661361060382203,-1.9432843408964426,-1.5308011967458859,-1.318918226408281,-1.3418099538639556,-3.4511938101866546,-3.533978373711206,-2.918491555975162,-3.5300835547976783,-3.346127053730095,0.9646401985111662,0.9717751112220476,-0.1837417303094319,False,False,False,False,False
MCL1,True,False,False,0.7227424186161601,-0.7317256973404613,-0.01805075894654851,-0.008639383274817614,-0.023316255591946694,-0.004044147742233857,-1.0599773971158284,-1.3219695963984777,-1.6106751116974294,-0.42656979541376505,-3.5660523097979704,-3.6025131358509164,-3.66913038802096,-3.5156538015214696,-3.590177743587588,0.96712158808933,0.9728357481371253,-0.03093168300503674,False,False,False,False,False
RRAS,True,False,False,0.6297197905311198,-0.6473351044853759,-0.04034631753845053,-0.013331899900365304,-0.031053588503119393,-0.03699434465149544,-2.0991418550202954,-1.829633098911141,-2.0467291602648046,-2.1383810163820103,-3.8371230978142306,-3.8055217854286405,-4.641439921755312,-3.4562690111115675,-4.161679680278937,0.9720843672456576,0.9749476496234063,-0.2180163784395435,False,False,False,False,False
IFI27L2,True,False,False,0.5518775014259276,-0.5589667786122897,-0.034502522663555225,-0.014498587174553898,-0.028438579598639265,-0.031100266935829,-1.8267708395893953,-1.9558520545834406,-1.8993547054068876,-1.8321750049666203,-3.849802594613103,-3.8755623613680923,-5.192099178605091,-3.4012548477504265,-4.273058447767708,0.9720843672456576,0.9749476496234063,-0.2084763657338549,False,False,False,False,False
UBA52,True,False,False,3.0537078482264657,-0.43607191982793975,-0.03336424931897845,-0.01945598933953612,-0.033243171520204416,-0.040550178500381964,-1.7737175286266529,-2.4921724019077294,-2.170127823633108,-2.3231118178149983,-4.112905936352492,-3.9914819614765884,-4.2018040907312395,-3.4080937098761392,-4.13163645909758,0.978287841191067,0.979726499781054,-0.1692792927868291,False,False,False,False,False
SLC25A37,True,False,False,0.9629785210438,-1.0005488026284621,-0.05165055952324296,-0.018965856410576878,-0.042882540027547406,-0.027744572268509786,-2.626016588646138,-2.4391469958691947,-2.7133751818009633,-1.6578417285531573,-6.120697037763138,-6.188370583410745,-5.514634262315618,-6.717639759158766,-5.571303281227878,0.9931761786600496,0.9931761786600496,-0.17862561844954766,False,False,False,False,False
MT-ND2,True,True,False,3.1588007641955596,-0.40070105431085096,0.03287335642720739,0.014894929460324068,0.028487565077438104,0.02642196011002179,1.3135236088582551,1.2241080386394037,1.3088406947795872,1.1561893433051034,2.6902829989721426,0.9978259755558814,3.2138056953644876,2.358448431612259,2.321246475012062,0.07133995037220843,,0.21170646625388606,False,False,False,True,False
MT-ND5,True,True,False,1.7534827741886247,-0.6881069566914402,0.02051417839838731,0.00849365271559038,0.01996432764176876,0.01717656850251469,0.7374797980013071,0.5315810148475437,0.8284953053033405,0.6758776432093794,1.4216784749428122,0.9044739743442355,1.3550165804117515,1.5127798702529254,1.2573626906303192,0.17990074441687345,,0.18742880498363465,False,False,False,True,False
MT-ND4,True,True,False,3.5609036149772595,-0.33667128712722255,0.011733597281548023,0.004301611303871966,0.010664025855926285,0.00734365320558554,0.32822932873158456,0.07806180637745948,0.3043567819681276,0.16504322281225922,0.5456046942649123,-0.6145880341776025,0.5179866106855492,0.6533116507922767,0.12412828814110745,0.32444168734491313,,0.15602628299321925,False,False,False,True,False
MT-CO2,True,True,False,4.17712550565233,-0.25108694492533884,-0.0018078766711343442,0.003825474514357917,0.004203113226169625,-0.004590503344090958,-0.3029196232564433,0.02655058339662994,-0.05976185451671229,-0.45495377298067796,0.11882287860415236,-0.9417067433098185,0.35259638802122945,0.11875228558531148,-0.21680738928040671,0.44168734491315137,,0.1548814267105222,False,False,False,False,False
MT-ATP6,True,True,False,3.363577065287167,-0.4570722878662441,-0.010626061908926522,0.006546289094385414,0.007271946771321994,-0.0029651445131563346,-0.7139227674279365,0.32090399108925916,0.11318886469180664,-0.3705139897358115,0.09068407808894086,-0.8945263802787686,0.1464797770310963,0.30177178457705783,-0.2441835060568357,0.4485111662531017,,0.01865116760881077,False,False,False,False,False
MT-ND6,True,True,False,1.364612510212612,-1.3323805640171458,0.030468680241734512,0.002226312830332218,0.0030789449790533194,0.021432045893017868,1.2014450522967564,-0.14645594729451733,-0.12311677552807389,0.8969559562677294,0.03491637320643581,-0.039906408377397784,-0.028204055186857535,-0.5667937565290255,0.640926991021751,0.4621588089330025,,0.25675396259664035,False,False,False,False,False
MT-ND1,True,True,False,3.306856657810101,-0.40289699084145636,0.016580483716338062,0.0005981912896821547,0.007665722839082849,0.013289905230159976,0.5541358514935885,-0.32259552223875204,0.13538096247890283,0.4739597663583346,-0.10703847462459537,-0.7912256382406683,0.1452766853610944,-0.5410194329914992,0.1822760561532456,0.5012406947890818,,0.2296949336418495,False,False,False,False,False
MT-ND4L,True,True,False,0.23624174295446124,-0.29676957504788753,0.0034180304727102224,0.0009127029598669091,0.002704146733100682,0.0018161554704534582,-0.059347481217142145,-0.288569836490976,-0.14423933732292732,-0.1221184191327723,-0.3700382358982732,-0.503213095381409,-0.13411528668685652,-0.46764190425303764,-0.2977133226682695,0.5713399503722084,,0.05472104017132173,False,False,False,False,False
MT-CYB,True,True,False,3.459393185292069,-0.341894869755093,-0.015490951988552501,-0.001060280877368642,-0.006451869745271874,-0.015219823011110032,-0.9406684146168582,-0.5020186029287445,-0.6602463516235225,-1.0071625724415205,-1.0957707967276047,-1.7236260895143376,-1.1862943016286216,-0.9660459995473801,-1.109021897603077,0.7555831265508685,,0.020352839589452224,False,False,False,False,False
MT-CO3,True,True,False,4.310245985277844,-0.26719245404977965,-0.0037610956104139354,-0.0014645542668943101,-0.008250806701024417,-0.005181604080245809,-0.3939563959768374,-0.5457552289817875,-0.7616293154534287,-0.485662326124045,-1.2156786142880087,-1.8559825242969863,-1.0146523252897044,-1.2688464988233688,-0.9303155451175789,0.78287841191067,,0.13914372730041746,False,False,False,False,False
MT-ND3,True,True,False,1.7553718193681063,-0.7237632351200983,-0.007027118500536098,-0.0030682189510591457,-0.013129244880489851,-0.008513878321533714,-0.5461811044149606,-0.7192489201893203,-1.036564198476207,-0.658778876938245,-1.643215346142243,-2.003057915399185,-1.6091748613445016,-1.5059077869392135,-1.7047964754545597,0.8560794044665012,,0.04359282055465161,False,False,False,False,False
MT-CO1,True,True,False,4.278477557994661,-0.21715542379225286,-0.015300079544577266,-0.008636026395893118,-0.0155455687248462,-0.017323358261849307,-0.9317721199151651,-1.3216064298828722,-1.1727413291590558,-1.1164443244090063,-2.309675554548087,-2.811801681889669,-3.4287775623564487,-1.944330410124463,-1.9552484550814166,0.9174937965260546,,0.029411025260916223,False,False,False,False,False
